Trajectories;;;;;;;;;;;;;;;;;;;;;;
120;;;;;;;;;;;;;;;;;;;;;;
;;1 0;;;1 1;;;1 2;;;1 3;;;1 4;;;1 5;;;1 6;;
Frame;Sub Frame;X;Y;Z;X;Y;Z;X;Y;Z;X;Y;Z;X;Y;Z;X;Y;Z;X;Y;Z
;;mm;mm;mm;mm;mm;mm;mm;mm;mm;mm;mm;mm;mm;mm;mm;mm;mm;mm;mm;mm;mm
1;0;-346.526428;-2087.343506;61.045261;655.755615;-2118.14502;55.059986;155.798843;-2587.741211;60.602467;632.930298;-3061.100098;54.658142;-354.347443;-3033.681396;59.786625;;;;;;
2;0;-346.552368;-2087.367676;61.040821;655.593262;-2118.23999;55.344212;155.78862;-2587.730225;60.598759;632.914307;-3061.118408;54.652088;-354.321747;-3033.686035;59.762836;;;;;;
3;0;-346.561218;-2087.341309;61.02356;655.606445;-2118.233643;55.313911;155.782043;-2587.758545;60.581112;632.893677;-3061.125244;54.654621;-354.372711;-3033.68335;59.77153;;;;;;
4;0;-346.568756;-2087.340576;60.982082;655.664856;-2118.179199;55.143517;155.747787;-2587.752686;60.565536;632.890686;-3061.150391;54.627945;-354.355286;-3033.693848;59.754242;;;;;;
5;0;-346.536011;-2087.380127;61.000881;655.717285;-2118.179932;55.071949;155.791031;-2587.731934;60.602615;632.889893;-3061.144043;54.634079;-354.349945;-3033.684326;59.774235;;;;;;
6;0;-346.55072;-2087.370117;60.983734;655.724121;-2118.150146;55.033489;155.778992;-2587.744629;60.589603;632.922302;-3061.10791;54.661903;-354.349884;-3033.679932;59.75565;;;;;;
7;0;-346.546387;-2087.349365;60.994709;655.737366;-2118.168701;55.211464;155.801926;-2587.738281;60.607307;632.923767;-3061.108643;54.658463;-354.340851;-3033.695312;59.734123;;;;;;
8;0;-346.563263;-2087.357422;61.032005;655.756775;-2118.130371;55.046722;155.792282;-2587.735596;60.579224;632.934937;-3061.137207;54.63401;-354.332977;-3033.684082;59.76025;;;;;;
9;0;-346.524139;-2087.340576;61.040386;655.703613;-2118.195801;55.245911;155.795868;-2587.749268;60.551838;632.935913;-3061.107666;54.648949;-354.310852;-3033.678467;59.743992;;;;;;
10;0;-346.536835;-2087.335938;61.010296;655.753479;-2118.130127;55.017086;155.808502;-2587.726807;60.57399;632.927307;-3061.141113;54.597256;-354.341461;-3033.664062;59.762959;;;;;;
11;0;-346.562744;-2087.348877;61.020283;655.795471;-2118.130371;55.043991;155.788651;-2587.755371;60.600254;632.93158;-3061.120117;54.649292;-354.363129;-3033.683594;59.787842;;;;;;
12;0;-346.559326;-2087.373047;61.052185;655.676453;-2118.216553;55.240456;155.782471;-2587.75293;60.580418;632.909302;-3061.123779;54.64616;-354.386017;-3033.665527;59.783001;;;;;;
13;0;-346.566071;-2087.381836;61.020874;655.78833;-2118.119385;55.000004;155.759247;-2587.748535;60.581821;632.899597;-3061.125488;54.622345;-354.373077;-3033.67627;59.770275;;;;;;
14;0;-346.552521;-2087.357178;60.994747;655.734253;-2118.145752;55.021717;155.751511;-2587.757812;60.566971;632.925415;-3061.102051;54.668568;-354.385345;-3033.670898;59.764259;;;;;;
15;0;-346.548615;-2087.387939;60.98637;655.698364;-2118.1875;55.24987;155.780121;-2587.731934;60.590122;632.945129;-3061.117188;54.668804;-354.349945;-3033.654785;59.778141;;;;;;
16;0;-346.556335;-2087.414795;61.059689;655.738098;-2118.154541;55.066986;155.803345;-2587.750488;60.57523;632.907837;-3061.101074;54.663212;-354.368927;-3033.682129;59.777279;;;;;;
17;0;-346.565948;-2087.340576;60.994751;655.712097;-2118.180176;55.201305;155.815857;-2587.745361;60.574276;632.895264;-3061.135254;54.63998;-354.322968;-3033.657227;59.739155;;;;;;
18;0;-346.557495;-2087.327637;61.033134;655.696289;-2118.203125;55.206844;155.786621;-2587.74585;60.572449;632.924988;-3061.134033;54.61739;-354.32843;-3033.662354;59.760002;;;;;;
19;0;-346.567535;-2087.364502;61.046299;655.775269;-2118.133301;55.085285;155.788864;-2587.753418;60.602474;632.874939;-3061.123047;54.62072;-354.357422;-3033.671387;59.774906;;;;;;
20;0;-346.56073;-2087.380371;61.077522;655.705017;-2118.156006;55.028385;155.782242;-2587.729004;60.580402;632.922302;-3061.143799;54.62582;-354.31897;-3033.67041;59.704361;;;;;;
21;0;-346.570374;-2087.342529;61.040031;655.686218;-2118.19165;55.180977;155.762772;-2587.723145;60.578686;632.905762;-3061.110596;54.65414;-354.402771;-3033.683594;59.764008;;;;;;
22;0;-346.554504;-2087.34082;60.980808;655.754517;-2118.137695;55.003345;155.741577;-2587.742676;60.57893;632.912292;-3061.115723;54.653664;-354.354584;-3033.67627;59.764797;;;;;;
23;0;-346.544952;-2087.328125;60.942577;655.772827;-2118.119141;55.046341;155.77269;-2587.762695;60.576195;632.896912;-3061.111084;54.656456;-354.374207;-3033.684326;59.750999;;;;;;
24;0;-346.565277;-2087.319824;60.951256;655.80188;-2118.124512;55.041607;155.804626;-2587.740723;60.576637;632.926392;-3061.110596;54.637508;-354.404968;-3033.69458;59.763527;;;;;;
25;0;-346.546783;-2087.396729;61.042915;655.691223;-2118.206055;55.235649;155.79953;-2587.731934;60.612247;632.945374;-3061.138672;54.652298;-354.368713;-3033.669922;59.746315;;;;;;
26;0;-346.544952;-2087.352051;60.968201;655.761841;-2118.135986;55.01685;155.809723;-2587.728516;60.595913;632.943481;-3061.119141;54.66449;-354.334991;-3033.66748;59.752842;;;;;;
27;0;-346.555878;-2087.36792;61.001938;655.789246;-2118.14917;55.006229;155.802917;-2587.756592;60.595909;632.89978;-3061.134033;54.615967;-354.34491;-3033.687256;59.742657;;;;;;
28;0;-346.574646;-2087.362305;61.086361;655.770508;-2118.123535;55.019615;155.777832;-2587.742432;60.588581;632.892944;-3061.118408;54.678596;-354.377869;-3033.700439;59.757576;;;;;;
29;0;-346.54657;-2087.337402;61.051521;655.702881;-2118.200684;55.214741;155.783875;-2587.73877;60.585747;632.934814;-3061.101318;54.665821;-354.351257;-3033.683594;59.765018;;;;;;
30;0;-346.558472;-2087.337646;60.992218;655.695312;-2118.231934;55.216408;155.810928;-2587.74585;60.561401;632.943115;-3061.119629;54.671234;-354.353668;-3033.682861;59.714355;;;;;;
31;0;-346.53656;-2087.372314;61.087524;655.743042;-2118.171387;55.062073;155.781799;-2587.762695;60.575428;632.92334;-3061.101807;54.648758;-354.359833;-3033.690674;59.766621;;;;;;
32;0;-346.569519;-2087.38623;61.108662;655.720642;-2118.16626;55.024559;155.737579;-2587.751953;60.603432;632.923706;-3061.130127;54.659561;-354.384308;-3033.677734;59.764683;;;;;;
33;0;-346.538849;-2087.396484;61.04734;655.723755;-2118.178955;55.043674;155.769867;-2587.749023;60.573944;632.912842;-3061.141113;54.63464;-354.373291;-3033.716553;59.777775;;;;;;
34;0;-346.519867;-2087.364014;60.958958;655.735046;-2118.186768;55.133038;155.782898;-2587.757324;60.57843;632.921204;-3061.156738;54.611397;-354.344666;-3033.681641;59.736012;;;;;;
35;0;-346.5401;-2087.378906;61.041504;655.817566;-2118.151367;55.036995;155.797958;-2587.740967;60.572887;632.943054;-3061.1521;54.641285;-354.31424;-3033.683594;59.737293;;;;;;
36;0;-346.549377;-2087.37207;61.021973;655.796875;-2118.151367;55.08461;155.816742;-2587.763184;60.57983;632.93811;-3061.120117;54.658207;-354.327362;-3033.678223;59.720531;;;;;;
37;0;-346.562317;-2087.369385;61.06184;655.778748;-2118.165527;55.028774;155.798401;-2587.756836;60.579536;632.929321;-3061.119873;54.652546;-354.360229;-3033.689209;59.725197;;;;;;
38;0;-346.546265;-2087.371338;61.032799;655.73999;-2118.189941;55.123093;155.785339;-2587.750488;60.573441;632.909424;-3061.156006;54.620754;-354.347992;-3033.67749;59.740108;;;;;;
39;0;-346.555908;-2087.365234;61.059422;655.670471;-2118.205811;55.178776;155.781021;-2587.739746;60.583794;632.922119;-3061.128662;54.648567;-354.366119;-3033.671143;59.777657;;;;;;
40;0;-346.54071;-2087.362305;61.027439;655.673157;-2118.205078;55.219341;155.767471;-2587.732422;60.573128;632.881042;-3061.166992;54.644848;-354.389374;-3033.67334;59.761757;;;;;;
41;0;-346.55069;-2087.366455;61.012783;655.738892;-2118.159668;55.03574;155.812988;-2587.758789;60.596813;632.903564;-3061.181641;54.615139;-354.342926;-3033.653564;59.784882;;;;;;
42;0;-346.536957;-2087.378662;61.046661;655.776428;-2118.146729;54.99128;155.804245;-2587.759277;60.57785;632.938599;-3061.155029;54.61779;-354.337738;-3033.691162;59.767784;;;;;;
43;0;-346.546661;-2087.370361;61.051933;655.774292;-2118.148193;55.025249;155.826004;-2587.764893;60.604031;632.891968;-3061.154541;54.639645;-354.346161;-3033.689697;59.741196;;;;;;
44;0;-346.558075;-2087.359131;61.03577;655.774841;-2118.152344;55.032787;155.798035;-2587.777344;60.561481;632.928101;-3061.135254;54.632221;-354.335236;-3033.681396;59.755215;;;;;;
45;0;-346.539032;-2087.37915;61.016151;655.725708;-2118.149902;55.005951;155.795944;-2587.749268;60.560944;632.932007;-3061.16333;54.578587;-354.334961;-3033.692383;59.736668;;;;;;
46;0;-346.527557;-2087.372559;61.031269;655.784363;-2118.133057;55.058807;155.801208;-2587.766602;60.591213;632.908813;-3061.13501;54.619637;-354.373138;-3033.693115;59.790585;;;;;;
47;0;-346.562225;-2087.397217;61.042225;655.738525;-2118.170166;55.033058;155.784378;-2587.752197;60.620235;632.925842;-3061.11084;54.677258;-354.331879;-3033.676025;59.791317;;;;;;
48;0;-346.540405;-2087.36084;61.023411;655.803711;-2118.138916;55.064041;155.77597;-2587.739014;60.622524;632.936951;-3061.099609;54.690624;-354.373138;-3033.657959;59.762173;;;;;;
49;0;-346.574677;-2087.346191;61.023777;655.744385;-2118.163086;55.060596;155.781052;-2587.743164;60.600903;632.880493;-3061.137207;54.600899;-354.369476;-3033.666016;59.750103;;;;;;
50;0;-346.553558;-2087.361084;61.034538;655.756897;-2118.150635;55.042137;155.815384;-2587.747314;60.590561;632.882446;-3061.131592;54.610092;-354.366028;-3033.671387;59.756023;;;;;;
51;0;-346.55014;-2087.345459;61.000126;655.795471;-2118.148926;55.056763;155.81749;-2587.745117;60.599609;632.910339;-3061.15332;54.626896;-354.345032;-3033.682617;59.718121;;;;;;
52;0;-346.543884;-2087.373779;61.044159;655.777649;-2118.138184;55.011253;155.806839;-2587.744141;60.600574;632.929626;-3061.133789;54.643951;-354.316986;-3033.669189;59.768959;;;;;;
53;0;-346.546478;-2087.383545;61.037849;655.749023;-2118.138184;55.043713;155.81929;-2587.759766;60.625412;632.923584;-3061.121582;54.665936;-354.310333;-3033.678711;59.768574;;;;;;
54;0;-346.535522;-2087.356689;61.011005;655.78833;-2118.115479;55.022682;155.831131;-2587.743408;60.559914;632.980164;-3061.135498;54.662243;-354.316925;-3033.681641;59.735916;;;;;;
55;0;-346.537628;-2087.374268;61.013103;655.772644;-2118.158936;55.049007;155.810303;-2587.752197;60.590752;632.953186;-3061.121338;54.653816;-354.323944;-3033.701416;59.727863;;;;;;
56;0;-346.541931;-2087.356934;61.050358;655.761536;-2118.150879;55.019672;155.783615;-2587.752197;60.608944;632.914612;-3061.138428;54.669365;-354.359497;-3033.696777;59.788849;;;;;;
57;0;-346.568848;-2087.337646;61.007538;655.757812;-2118.145996;55.049324;155.767288;-2587.771729;60.604515;632.920227;-3061.119385;54.653488;-354.36673;-3033.70166;59.789368;;;;;;
58;0;-346.569916;-2087.355713;61.016514;655.780762;-2118.171875;55.064419;155.782333;-2587.738281;60.59341;632.934387;-3061.134521;54.683395;-354.37027;-3033.713379;59.755184;;;;;;
59;0;-346.535828;-2087.345703;60.995796;655.809937;-2118.122314;55.01815;155.795349;-2587.780762;60.613358;632.923584;-3061.124268;54.685402;-354.353455;-3033.69458;59.780468;;;;;;
60;0;-346.554962;-2087.356445;60.993336;655.760498;-2118.141846;55.034035;155.797241;-2587.761475;60.590458;632.937988;-3061.116455;54.64307;-354.336761;-3033.697998;59.742641;;;;;;
61;0;-346.558746;-2087.400879;61.051338;655.80481;-2118.133301;55.046391;155.802582;-2587.751709;60.567818;632.925049;-3061.133057;54.681629;-354.370331;-3033.696045;59.768097;;;;;;
62;0;-346.561096;-2087.374512;61.031738;655.772888;-2118.128662;55.010609;155.773621;-2587.760498;60.56472;632.893372;-3061.1521;54.614021;-354.382202;-3033.688477;59.7649;;;;;;
63;0;-346.568024;-2087.394043;61.058632;655.787781;-2118.122314;55.026997;155.805267;-2587.755859;60.568436;632.923706;-3061.133789;54.653728;-354.355469;-3033.693359;59.758011;;;;;;
64;0;-346.539001;-2087.379883;61.057774;655.741455;-2118.176514;55.216579;155.816376;-2587.764893;60.579811;632.936218;-3061.114258;54.65831;-354.364716;-3033.671387;59.733215;;;;;;
65;0;-346.537811;-2087.361572;61.041492;655.796509;-2118.138184;55.043503;155.774689;-2587.747803;60.607929;632.901855;-3061.133545;54.661011;-354.347717;-3033.705078;59.759872;;;;;;
66;0;-346.527435;-2087.37207;60.994385;655.699463;-2118.184814;55.266258;155.831543;-2587.756836;60.607445;632.914978;-3061.113525;54.680874;-354.355896;-3033.696289;59.805283;;;;;;
67;0;-346.54129;-2087.350586;60.993065;655.783264;-2118.134033;55.05825;155.779892;-2587.742188;60.605183;632.946045;-3061.127441;54.674183;-354.345154;-3033.686035;59.786446;;;;;;
68;0;-346.521576;-2087.366699;61.017677;655.702148;-2118.169189;55.262547;155.766083;-2587.736084;60.591629;632.940857;-3061.113037;54.648964;-354.352661;-3033.69165;59.808968;;;;;;
69;0;-346.543518;-2087.37085;60.975319;655.808289;-2118.099609;55.038307;155.779999;-2587.749023;60.583351;632.903381;-3061.123779;54.635086;-354.378387;-3033.669189;59.747471;;;;;;
70;0;-346.527832;-2087.391113;61.069962;655.786865;-2118.116699;55.026592;155.814972;-2587.749268;60.59129;632.9328;-3061.133301;54.625809;-354.363403;-3033.702393;59.749435;;;;;;
71;0;-346.534943;-2087.373291;61.039211;655.712708;-2118.179932;55.196735;155.825394;-2587.755615;60.599846;632.915527;-3061.124756;54.65427;-354.351898;-3033.693115;59.749302;;;;;;
72;0;-346.531342;-2087.360596;61.003407;655.774231;-2118.138672;55.010429;155.803177;-2587.739258;60.598198;632.899292;-3061.139893;54.620392;-354.342468;-3033.677734;59.757336;;;;;;
73;0;-346.553711;-2087.381104;61.03455;655.752808;-2118.125977;54.983631;155.828949;-2587.749756;60.578415;632.912903;-3061.151855;54.629208;-354.339142;-3033.688477;59.723534;;;;;;
74;0;-346.547882;-2087.368652;61.044868;655.727905;-2118.149902;55.167721;155.752487;-2587.744873;60.544338;632.894165;-3061.144531;54.585384;-354.348053;-3033.68457;59.735638;;;;;;
75;0;-346.544708;-2087.361084;61.021137;655.659424;-2118.202881;55.213097;155.763123;-2587.745361;60.56562;632.864807;-3061.133789;54.609318;-354.368103;-3033.707275;59.738895;;;;;;
76;0;-346.560944;-2087.365479;61.011658;655.715881;-2118.141846;55.015617;155.763489;-2587.772949;60.570827;632.914062;-3061.156738;54.605312;-354.390991;-3033.693359;59.739975;;;;;;
77;0;-346.5625;-2087.365967;61.045696;655.709045;-2118.180176;55.21154;155.794556;-2587.768799;60.60022;632.905518;-3061.135742;54.655453;-354.390045;-3033.703125;59.762169;;;;;;
78;0;-346.539886;-2087.370605;61.018951;655.785034;-2118.131836;55.054035;155.792175;-2587.756836;60.585598;632.936096;-3061.118652;54.678818;-354.372955;-3033.716309;59.80584;;;;;;
79;0;-346.540283;-2087.363281;61.033741;655.782227;-2118.145996;55.044956;155.815659;-2587.72998;60.579842;632.952148;-3061.123047;54.695843;-354.332001;-3033.677002;59.770664;;;;;;
80;0;-346.546967;-2087.351074;61.033073;655.766235;-2118.158691;55.05682;155.78479;-2587.746826;60.583241;632.940247;-3061.10376;54.641148;-354.345062;-3033.680664;59.721973;;;;;;
81;0;-346.535919;-2087.333008;60.945927;655.767761;-2118.13916;55.00312;155.765823;-2587.752441;60.566978;632.928284;-3061.144531;54.634998;-354.359436;-3033.679688;59.774235;;;;;;
82;0;-346.516907;-2087.376709;61.02816;655.779785;-2118.143799;54.999454;155.793884;-2587.743164;60.568275;632.930664;-3061.124756;54.618732;-354.365051;-3033.686279;59.771851;;;;;;
83;0;-346.544281;-2087.355713;61.007744;655.768066;-2118.147461;55.041485;155.830276;-2587.755371;60.602741;632.927673;-3061.129395;54.607452;-354.361542;-3033.679688;59.733887;;;;;;
84;0;-346.560791;-2087.36377;61.056473;655.701294;-2118.210938;55.240318;155.774689;-2587.753174;60.612267;632.914795;-3061.125488;54.637871;-354.375824;-3033.677734;59.814739;;;;;;
85;0;-346.554504;-2087.388184;61.013523;655.759644;-2118.155029;55.074604;155.788193;-2587.75;60.587711;632.894714;-3061.123779;54.645287;-354.392761;-3033.684082;59.769279;;;;;;
86;0;-346.55658;-2087.361572;61.063034;655.747009;-2118.143555;55.011509;155.750549;-2587.772461;60.576073;632.86731;-3061.122559;54.619389;-354.367371;-3033.686279;59.772991;;;;;;
87;0;-346.543732;-2087.368164;61.00127;655.722595;-2118.191162;55.267406;155.818878;-2587.75293;60.579494;632.90625;-3061.125;54.645611;-354.357605;-3033.677002;59.736961;;;;;;
88;0;-346.525391;-2087.335693;60.984596;655.798584;-2118.133545;55.041988;155.782761;-2587.751709;60.551052;632.971558;-3061.113525;54.648933;-354.345184;-3033.698242;59.742714;;;;;;
89;0;-346.55719;-2087.355957;60.988045;655.790039;-2118.145508;55.0242;155.821472;-2587.754639;60.567165;632.945557;-3061.099854;54.661949;-354.308319;-3033.686523;59.764671;;;;;;
90;0;-346.532928;-2087.350098;61.0243;655.801758;-2118.124023;55.078762;155.796478;-2587.726562;60.582893;632.953857;-3061.105957;54.690147;-354.363647;-3033.662842;59.739986;;;;;;
91;0;-346.540863;-2087.356445;61.029083;655.79248;-2118.133057;55.049156;155.771057;-2587.73584;60.587555;632.936096;-3061.122559;54.660313;-354.34787;-3033.680908;59.740761;;;;;;
92;0;-346.510406;-2087.390625;61.092518;655.755859;-2118.185059;55.101051;155.798279;-2587.717529;60.593044;632.958862;-3061.125488;54.67387;-354.354919;-3033.665283;59.777031;;;;;;
93;0;-346.529236;-2087.346436;61.002014;655.748291;-2118.140381;55.00901;155.800812;-2587.730469;60.581772;632.92334;-3061.124023;54.598705;-354.320038;-3033.675293;59.737072;;;;;;
94;0;-346.555786;-2087.409424;61.068455;655.760315;-2118.16626;55.017361;155.781418;-2587.768311;60.536289;632.960083;-3061.125;54.666306;-354.370087;-3033.680664;59.785835;;;;;;
95;0;-346.570801;-2087.38623;61.033302;655.745117;-2118.15625;55.093204;155.762482;-2587.773193;60.586941;632.908142;-3061.110107;54.66441;-354.399841;-3033.688721;59.782963;;;;;;
96;0;-346.569305;-2087.343506;61.028942;655.711792;-2118.185547;55.156109;155.749969;-2587.750977;60.594467;632.913696;-3061.13208;54.657372;-354.390717;-3033.697021;59.745216;;;;;;
97;0;-346.553314;-2087.366699;61.023037;655.772217;-2118.137451;55.018337;155.794647;-2587.743164;60.574551;632.920349;-3061.123291;54.628914;-354.351837;-3033.701904;59.735218;;;;;;
98;0;-346.519196;-2087.349365;60.955475;655.809631;-2118.138672;55.017208;155.824295;-2587.741699;60.582928;632.931335;-3061.115723;54.647865;-354.304413;-3033.670898;59.752117;;;;;;
99;0;-346.530457;-2087.378662;61.009827;655.755981;-2118.19043;55.236599;155.817184;-2587.733398;60.56464;632.943237;-3061.131104;54.60989;-354.335846;-3033.700928;59.730366;;;;;;
100;0;-346.563354;-2087.352051;60.993919;655.771057;-2118.158691;55.039902;155.809464;-2587.743896;60.588772;632.917175;-3061.132324;54.631828;-354.347015;-3033.666016;59.7579;;;;;;
101;0;-346.555542;-2087.392822;61.036659;655.785339;-2118.147949;55.044098;155.806641;-2587.745117;60.621304;632.907837;-3061.122559;54.67786;-354.349609;-3033.67627;59.750084;;;;;;
102;0;-346.569763;-2087.395508;61.121788;655.724854;-2118.189697;55.249397;155.77298;-2587.754395;60.609783;632.942688;-3061.10791;54.635635;-354.373444;-3033.686768;59.769226;;;;;;
103;0;-346.544281;-2087.358643;61.013287;655.805725;-2118.130127;55.035851;155.798187;-2587.752441;60.613445;632.938293;-3061.124512;54.665668;-354.350739;-3033.686523;59.750984;;;;;;
104;0;-346.539551;-2087.392578;61.071518;655.771973;-2118.138184;55.039169;155.790176;-2587.739258;60.57526;632.933167;-3061.102783;54.652241;-354.361908;-3033.692139;59.732281;;;;;;
105;0;-346.543274;-2087.359863;60.974255;655.779114;-2118.131104;55.016079;155.813446;-2587.734619;60.598812;632.91156;-3061.124756;54.656994;-354.399658;-3033.710205;59.722397;;;;;;
106;0;-346.536163;-2087.372559;60.994579;655.702576;-2118.202393;55.254612;155.805176;-2587.743896;60.594326;632.941711;-3061.108398;54.632378;-354.336151;-3033.698975;59.722672;;;;;;
107;0;-346.527435;-2087.362793;60.990311;655.815796;-2118.14502;55.021854;155.843063;-2587.746094;60.626225;632.924316;-3061.143799;54.654064;-354.337219;-3033.687988;59.773788;;;;;;
108;0;-346.53241;-2087.388916;61.052204;655.712952;-2118.158447;55.208809;155.785416;-2587.723877;60.602364;632.950439;-3061.130615;54.625069;-354.331238;-3033.676758;59.789639;;;;;;
109;0;-346.537384;-2087.377197;61.015831;655.724976;-2118.179199;55.233322;155.834625;-2587.729492;60.596066;632.942932;-3061.149414;54.665131;-354.319885;-3033.69873;59.72982;;;;;;
110;0;-346.535736;-2087.35083;61.071545;655.81311;-2118.104248;55.048161;155.814178;-2587.747314;60.591003;632.952332;-3061.110596;54.631264;-354.324341;-3033.675049;59.762154;;;;;;
111;0;-346.522064;-2087.366211;61.041531;655.801758;-2118.132812;55.075676;155.80928;-2587.739502;60.602249;632.932373;-3061.111084;54.641602;-354.356445;-3033.705078;59.762451;;;;;;
112;0;-346.526398;-2087.362793;61.069283;655.772461;-2118.154053;55.034561;155.786148;-2587.739746;60.59734;632.935608;-3061.130371;54.650646;-354.373291;-3033.675781;59.786079;;;;;;
113;0;-346.549347;-2087.333008;61.029911;655.760437;-2118.117432;55.023743;155.793503;-2587.749756;60.603127;632.906677;-3061.116211;54.68663;-354.341492;-3033.68042;59.770813;;;;;;
114;0;-346.566193;-2087.35498;61.005791;655.767395;-2118.132568;55.079708;155.780197;-2587.749268;60.59444;632.960083;-3061.113525;54.672478;-354.332489;-3033.690918;59.737816;;;;;;
115;0;-346.534271;-2087.359131;61.044537;655.806335;-2118.146484;55.027924;155.798477;-2587.752441;60.581211;632.96759;-3061.133545;54.671749;-354.345703;-3033.692383;59.773727;;;;;;
116;0;-346.535522;-2087.349609;60.971291;655.797058;-2118.157227;55.009766;155.80603;-2587.73877;60.549541;632.912231;-3061.12793;54.652359;-354.360413;-3033.693359;59.734451;;;;;;
117;0;-346.560608;-2087.365967;61.040695;655.795227;-2118.13916;55.02914;155.804016;-2587.749268;60.616444;632.943176;-3061.114258;54.669289;-354.353912;-3033.670898;59.781837;;;;;;
118;0;-346.573364;-2087.398926;61.104336;655.789124;-2118.148193;55.056877;155.784821;-2587.737061;60.592731;632.912903;-3061.119873;54.67757;-354.366364;-3033.67627;59.740147;;;;;;
119;0;-346.536163;-2087.36084;61.023785;655.763916;-2118.123779;55.030777;155.830933;-2587.740723;60.61673;632.960938;-3061.11084;54.687244;-354.361359;-3033.676758;59.791637;;;;;;
120;0;-346.52774;-2087.366211;61.006733;655.718506;-2118.206299;55.226475;155.813019;-2587.746826;60.594582;632.956543;-3061.108154;54.687061;-354.373566;-3033.672363;59.80336;;;;;;
121;0;-346.550415;-2087.357178;61.062542;655.769043;-2118.176025;55.122353;155.810501;-2587.757568;60.603958;632.911255;-3061.121582;54.626968;-354.360291;-3033.681396;59.800549;;;;;;
122;0;-346.54361;-2087.348633;61.081039;655.742737;-2118.122803;55.050587;155.821716;-2587.760742;60.572048;632.936157;-3061.126221;54.636578;-354.363342;-3033.677734;59.759026;;;;;;
123;0;-346.533508;-2087.364014;61.048111;655.732178;-2118.165771;55.24881;155.774963;-2587.75708;60.571667;632.90509;-3061.12207;54.630264;-354.345062;-3033.677246;59.803158;;;;;;
124;0;-346.54715;-2087.339355;61.026302;655.757141;-2118.108887;55.077042;155.771667;-2587.750488;60.575573;632.854431;-3061.141846;54.608433;-354.366699;-3033.686523;59.740608;;;;;;
125;0;-346.543152;-2087.361572;60.998779;655.760803;-2118.135498;55.06678;155.817352;-2587.744385;60.616062;632.921387;-3061.133057;54.651211;-354.395416;-3033.678711;59.781845;;;;;;
126;0;-346.545715;-2087.346436;60.996471;655.724548;-2118.143555;55.025517;155.792618;-2587.721924;60.591923;632.88678;-3061.142578;54.608528;-354.353088;-3033.713135;59.719021;;;;;;
127;0;-346.540466;-2087.359619;60.974171;655.774658;-2118.118896;55.060947;155.825195;-2587.722656;60.582573;632.934143;-3061.132324;54.620838;-354.302521;-3033.681641;59.733463;;;;;;
128;0;-346.583099;-2087.403564;61.063129;655.705627;-2118.180176;55.232258;155.783661;-2587.755615;60.567539;632.945068;-3061.123779;54.633682;-354.341644;-3033.680908;59.79179;;;;;;
129;0;-346.555511;-2087.352051;61.001854;655.713928;-2118.189941;55.28022;155.797638;-2587.740723;60.581314;632.925171;-3061.11499;54.661793;-354.337341;-3033.675293;59.755398;;;;;;
130;0;-346.571594;-2087.346924;61.054173;655.736084;-2118.127197;55.000942;155.796432;-2587.750732;60.599663;632.925293;-3061.119873;54.65794;-354.348022;-3033.679688;59.75721;;;;;;
131;0;-346.556335;-2087.335205;61.078541;655.801941;-2118.130371;55.048607;155.803131;-2587.739258;60.574905;632.930237;-3061.118408;54.648788;-354.325745;-3033.680908;59.728775;;;;;;
132;0;-346.577209;-2087.302734;61.020618;655.809143;-2118.127197;55.034176;155.787674;-2587.766113;60.564915;632.929993;-3061.115234;54.632896;-354.361389;-3033.677979;59.763268;;;;;;
133;0;-346.55777;-2087.322998;60.994766;655.765259;-2118.125244;55.048191;155.764297;-2587.743164;60.554668;632.892151;-3061.115234;54.597435;-354.374176;-3033.686523;59.720322;;;;;;
134;0;-346.580536;-2087.356445;61.049854;655.740112;-2118.137451;54.992596;155.776535;-2587.750977;60.580067;632.895142;-3061.148926;54.61615;-354.365265;-3033.695801;59.728676;;;;;;
135;0;-346.570374;-2087.351318;61.031567;655.749695;-2118.141846;55.064144;155.812515;-2587.775146;60.600643;632.896118;-3061.136475;54.634239;-354.326355;-3033.702637;59.743587;;;;;;
136;0;-346.545868;-2087.377197;61.002323;655.691772;-2118.174805;55.244343;155.816849;-2587.748535;60.577724;632.934509;-3061.117188;54.674896;-354.339447;-3033.693604;59.76556;;;;;;
137;0;-346.537323;-2087.375244;61.030849;655.788696;-2118.128418;55.053719;155.800049;-2587.733887;60.567142;632.93988;-3061.08252;54.687664;-354.321564;-3033.677734;59.736328;;;;;;
138;0;-346.573517;-2087.314697;60.980717;655.716492;-2118.164062;55.24342;155.809464;-2587.734619;60.57933;632.959839;-3061.119141;54.660507;-354.319855;-3033.685547;59.716549;;;;;;
139;0;-346.549072;-2087.377686;61.027279;655.717224;-2118.171875;55.058739;155.788528;-2587.757568;60.581581;632.923767;-3061.112549;54.675751;-354.379852;-3033.694092;59.738071;;;;;;
140;0;-346.552155;-2087.343994;61.01725;655.737732;-2118.126953;54.982777;155.789108;-2587.760498;60.573799;632.925781;-3061.113037;54.629356;-354.387085;-3033.708008;59.748852;;;;;;
141;0;-346.555603;-2087.346436;61.025333;655.666626;-2118.200928;55.244705;155.801041;-2587.746094;60.595776;632.894409;-3061.127441;54.669731;-354.3526;-3033.668945;59.767681;;;;;;
142;0;-346.541595;-2087.333984;61.022148;655.762695;-2118.128174;55.035717;155.802002;-2587.751221;60.571148;632.901428;-3061.134033;54.599895;-354.320557;-3033.661621;59.708214;;;;;;
143;0;-346.56131;-2087.361084;61.076141;655.78064;-2118.135254;55.025818;155.799469;-2587.74707;60.606449;632.930298;-3061.097412;54.646572;-354.366638;-3033.670654;59.769756;;;;;;
144;0;-346.540466;-2087.34082;60.971321;655.754272;-2118.142822;54.959305;155.755676;-2587.740479;60.549015;632.891113;-3061.130127;54.634609;-354.376465;-3033.672119;59.742249;;;;;;
145;0;-346.557312;-2087.354004;61.016991;655.760437;-2118.139893;55.034008;155.808121;-2587.77417;60.561707;632.919373;-3061.156006;54.605591;-354.351776;-3033.684326;59.748478;;;;;;
146;0;-346.538696;-2087.380859;60.992809;655.761292;-2118.162842;55.019821;155.806915;-2587.773193;60.587128;632.918152;-3061.149658;54.624733;-354.36087;-3033.687256;59.731258;;;;;;
147;0;-346.539642;-2087.35791;60.967186;655.804871;-2118.140625;55.051643;155.788498;-2587.764404;60.586155;632.925842;-3061.12793;54.625916;-354.332611;-3033.666016;59.762188;;;;;;
148;0;-346.53125;-2087.334717;61.020466;655.817261;-2118.138672;55.088505;155.820389;-2587.736084;60.621021;632.961609;-3061.106934;54.667931;-354.348328;-3033.677246;59.718239;;;;;;
149;0;-346.565491;-2087.336182;60.998631;655.730591;-2118.188721;55.219963;155.804459;-2587.716797;60.608612;632.932983;-3061.107422;54.639065;-354.376373;-3033.667725;59.759571;;;;;;
150;0;-346.54422;-2087.323242;61.005314;655.779175;-2118.145996;55.036091;155.830063;-2587.736084;60.57645;632.912781;-3061.141113;54.629242;-354.345917;-3033.682373;59.738098;;;;;;
151;0;-346.532501;-2087.340332;61.000267;655.78833;-2118.135986;55.031841;155.812256;-2587.75708;60.554131;632.901367;-3061.135742;54.612328;-354.363403;-3033.681641;59.738396;;;;;;
152;0;-346.553528;-2087.355225;61.023235;655.765991;-2118.125488;55.000744;155.785065;-2587.750977;60.573845;632.919373;-3061.124023;54.62027;-354.368561;-3033.664551;59.726151;;;;;;
153;0;-346.542633;-2087.3479;60.981831;655.761475;-2118.160889;55.062805;155.805984;-2587.746582;60.586243;632.903931;-3061.111572;54.627373;-354.358734;-3033.662842;59.760086;;;;;;
154;0;-346.533447;-2087.342041;61.002628;655.786133;-2118.125732;55.029209;155.810349;-2587.729248;60.591274;632.947205;-3061.107178;54.664062;-354.351318;-3033.66748;59.754902;;;;;;
155;0;-346.543671;-2087.353027;60.99754;655.779419;-2118.147461;55.071747;155.781265;-2587.734375;60.590797;632.933655;-3061.107178;54.671135;-354.347229;-3033.673584;59.76844;;;;;;
156;0;-346.544159;-2087.342529;60.93684;655.770142;-2118.138184;55.043613;155.789917;-2587.73999;60.570457;632.91925;-3061.113037;54.64122;-354.363251;-3033.686279;59.756443;;;;;;
157;0;-346.53537;-2087.35083;60.984638;655.740662;-2118.166504;55.052143;155.776611;-2587.751465;60.626858;632.896545;-3061.119141;54.639557;-354.359009;-3033.679199;59.785374;;;;;;
158;0;-346.538818;-2087.398682;61.066853;655.774536;-2118.139404;55.033543;155.742111;-2587.722656;60.583347;632.923401;-3061.112061;54.681881;-354.416534;-3033.66748;59.77071;;;;;;
159;0;-346.558655;-2087.345459;61.031528;655.794556;-2118.136963;55.052563;155.780594;-2587.739014;60.591362;632.910583;-3061.122314;54.647217;-354.369141;-3033.672852;59.759846;;;;;;
160;0;-346.581268;-2087.323486;61.01524;655.797058;-2118.138184;55.021809;155.814438;-2587.733887;60.583347;632.957214;-3061.102051;54.637569;-354.346832;-3033.67749;59.716911;;;;;;
161;0;-346.58139;-2087.330078;61.029461;655.702698;-2118.212158;55.318275;155.810333;-2587.739502;60.597992;632.94574;-3061.108887;54.682838;-354.333252;-3033.658447;59.746216;;;;;;
162;0;-346.534271;-2087.340088;60.996117;655.790161;-2118.129883;54.989906;155.792908;-2587.740234;60.55101;632.92749;-3061.117432;54.653076;-354.335541;-3033.693115;59.754829;;;;;;
163;0;-346.54007;-2087.347412;61.016701;655.691528;-2118.236328;55.24025;155.81778;-2587.736572;60.582157;632.930237;-3061.120361;54.633377;-354.348541;-3033.675049;59.771458;;;;;;
164;0;-346.552124;-2087.368408;61.019798;655.766907;-2118.147705;55.031322;155.761002;-2587.72998;60.612446;632.908875;-3061.110352;54.629524;-354.361359;-3033.669434;59.762882;;;;;;
165;0;-346.564697;-2087.384033;61.02293;655.802917;-2118.143311;55.095764;155.791977;-2587.742432;60.62109;632.940063;-3061.100586;54.690384;-354.373047;-3033.664062;59.794399;;;;;;
166;0;-346.516235;-2087.364014;60.982487;655.786194;-2118.161377;55.079548;155.810013;-2587.739258;60.608814;632.972046;-3061.097656;54.679996;-354.298645;-3033.668945;59.776768;;;;;;
167;0;-346.537048;-2087.359863;60.987762;655.810974;-2118.12915;55.069016;155.826797;-2587.73291;60.610542;632.964294;-3061.086914;54.680023;-354.364441;-3033.658691;59.777237;;;;;;
168;0;-346.532715;-2087.399658;61.081264;655.770691;-2118.149414;55.039642;155.82077;-2587.714111;60.588696;632.939148;-3061.097168;54.668461;-354.330139;-3033.671631;59.742565;;;;;;
169;0;-346.51709;-2087.345459;60.982998;655.765503;-2118.15918;55.124615;155.825562;-2587.736328;60.602127;632.968079;-3061.108887;54.648998;-354.31369;-3033.668213;59.739613;;;;;;
170;0;-346.53299;-2087.354004;61.056854;655.704407;-2118.198486;55.211662;155.796677;-2587.73291;60.579491;632.934021;-3061.104004;54.648163;-354.378296;-3033.672363;59.774719;;;;;;
171;0;-346.542389;-2087.325684;61.00103;655.76825;-2118.143799;55.037251;155.779343;-2587.739258;60.591492;632.874817;-3061.109619;54.639446;-354.386871;-3033.67041;59.772572;;;;;;
172;0;-346.551575;-2087.345459;61.013103;655.72052;-2118.205322;55.273613;155.777756;-2587.743896;60.570427;632.904663;-3061.12915;54.629631;-354.360321;-3033.68457;59.756756;;;;;;
173;0;-346.558929;-2087.37085;61.048485;655.723267;-2118.199707;55.131947;155.821472;-2587.747314;60.609489;632.91687;-3061.104248;54.66748;-354.34613;-3033.680908;59.763039;;;;;;
174;0;-346.56665;-2087.396973;61.058273;655.760925;-2118.134033;55.020901;155.773544;-2587.753418;60.589401;632.914124;-3061.10083;54.648506;-354.363251;-3033.692871;59.752922;;;;;;
175;0;-346.553711;-2087.37915;61.031391;655.793518;-2118.163574;55.087845;155.833069;-2587.737793;60.607407;632.915588;-3061.137695;54.646019;-354.361969;-3033.685547;59.752907;;;;;;
176;0;-346.539001;-2087.36084;61.042545;655.790466;-2118.124756;55.031139;155.809677;-2587.756348;60.591045;632.952026;-3061.109619;54.666813;-354.296844;-3033.678223;59.743458;;;;;;
177;0;-346.536285;-2087.360107;61.009453;655.743835;-2118.166992;55.108173;155.805313;-2587.761475;60.623016;632.90686;-3061.11499;54.638878;-354.321472;-3033.682129;59.732204;;;;;;
178;0;-346.532837;-2087.343262;61.018448;655.77356;-2118.129639;55.050953;155.809387;-2587.741943;60.611385;632.941345;-3061.116455;54.649357;-354.328552;-3033.663818;59.773804;;;;;;
179;0;-346.531372;-2087.352051;60.988586;655.775513;-2118.128418;55.027332;155.799301;-2587.738525;60.585735;632.941162;-3061.096436;54.639709;-354.343567;-3033.673584;59.766228;;;;;;
180;0;-346.526917;-2087.358398;61.021999;655.759766;-2118.139893;55.014854;155.808868;-2587.745117;60.584381;632.922791;-3061.117432;54.657776;-354.386627;-3033.656982;59.76252;;;;;;
181;0;-346.535919;-2087.33374;60.98011;655.787354;-2118.143066;55.025734;155.816223;-2587.742676;60.587811;632.935059;-3061.118652;54.626869;-354.354889;-3033.668213;59.738899;;;;;;
182;0;-346.552673;-2087.355957;61.00526;655.776184;-2118.142578;54.995255;155.804504;-2587.743652;60.571796;632.930786;-3061.12207;54.64872;-354.403809;-3033.698242;59.741039;;;;;;
183;0;-346.569702;-2087.371582;61.013039;655.762512;-2118.144775;55.048183;155.786636;-2587.773926;60.561249;632.874146;-3061.148438;54.58316;-354.392578;-3033.697266;59.748634;;;;;;
184;0;-346.541534;-2087.420166;61.039532;655.774536;-2118.139648;55.074192;155.787933;-2587.759033;60.584644;632.939636;-3061.118652;54.661236;-354.341431;-3033.672119;59.775406;;;;;;
185;0;-346.544678;-2087.405518;61.055912;655.825989;-2118.118652;55.104328;155.835175;-2587.749756;60.615707;632.944397;-3061.102295;54.668526;-354.357422;-3033.680908;59.772728;;;;;;
186;0;-346.523926;-2087.382324;61.011234;655.802429;-2118.128174;55.034088;155.827728;-2587.739502;60.596188;632.926758;-3061.125977;54.641361;-354.335632;-3033.681396;59.785702;;;;;;
187;0;-346.541565;-2087.385498;61.020512;655.831055;-2118.131104;55.052055;155.835739;-2587.735107;60.574615;632.938049;-3061.116211;54.681675;-354.327118;-3033.681641;59.754074;;;;;;
188;0;-346.532532;-2087.362061;61.033985;655.763611;-2118.157227;55.009106;155.796738;-2587.758789;60.581051;632.922852;-3061.109375;54.680645;-354.327118;-3033.675049;59.725445;;;;;;
189;0;-346.535187;-2087.372559;61.005901;655.750244;-2118.158447;55.054714;155.786728;-2587.763428;60.561333;632.903137;-3061.091064;54.64883;-354.397766;-3033.682373;59.767487;;;;;;
190;0;-346.56311;-2087.364746;61.023979;655.673401;-2118.190918;55.217472;155.758957;-2587.758545;60.563667;632.908569;-3061.102051;54.6959;-354.368347;-3033.667725;59.767166;;;;;;
191;0;-346.539856;-2087.343018;61.00174;655.691772;-2118.202881;55.230385;155.769073;-2587.752441;60.559647;632.933838;-3061.110352;54.675591;-354.387268;-3033.682129;59.765026;;;;;;
192;0;-346.547852;-2087.356201;61.01638;655.759033;-2118.140137;55.019768;155.784729;-2587.758545;60.549244;632.950195;-3061.095947;54.651173;-354.326385;-3033.680908;59.737061;;;;;;
193;0;-346.539948;-2087.351807;61.013439;655.77002;-2118.155762;55.037582;155.80072;-2587.761719;60.567604;632.949585;-3061.114502;54.650757;-354.336212;-3033.681396;59.751595;;;;;;
194;0;-346.548767;-2087.412842;61.096706;655.797424;-2118.130127;55.05999;155.82486;-2587.739014;60.588463;632.940491;-3061.108887;54.643085;-354.358246;-3033.681885;59.75523;;;;;;
195;0;-346.527374;-2087.422852;61.071949;655.817444;-2118.097656;55.089104;155.84549;-2587.724609;60.616386;632.945007;-3061.097412;54.670456;-354.285461;-3033.690918;59.782776;;;;;;
196;0;-346.542908;-2087.385254;61.024815;655.812256;-2118.146973;55.104729;155.863373;-2587.732178;60.619892;632.950867;-3061.114014;54.705769;-354.336029;-3033.671143;59.775322;;;;;;
197;0;-346.525909;-2087.369385;60.996403;655.710266;-2118.186768;55.243992;155.807907;-2587.735107;60.587173;632.930908;-3061.123535;54.669281;-354.301483;-3033.696777;59.719517;;;;;;
198;0;-346.54657;-2087.333984;60.964378;655.786194;-2118.131836;55.019531;155.824432;-2587.764648;60.574055;632.927917;-3061.11792;54.675369;-354.377045;-3033.69873;59.719547;;;;;;
199;0;-346.551544;-2087.368652;61.026833;655.708496;-2118.203613;55.242794;155.801544;-2587.749756;60.587208;632.910583;-3061.11792;54.641685;-354.370758;-3033.664062;59.757286;;;;;;
200;0;-346.546783;-2087.336914;60.976978;655.690247;-2118.20166;55.204906;155.800659;-2587.753174;60.569767;632.9151;-3061.121094;54.681519;-354.339874;-3033.671631;59.73748;;;;;;
201;0;-346.546295;-2087.380859;61.064205;655.8078;-2118.117188;55.05674;155.791168;-2587.744141;60.595608;632.929871;-3061.10376;54.666256;-354.388947;-3033.704346;59.744682;;;;;;
202;0;-346.549286;-2087.316162;60.970322;655.736694;-2118.155029;55.029713;155.791748;-2587.743164;60.608105;632.950928;-3061.106689;54.675354;-354.350189;-3033.693115;59.740391;;;;;;
203;0;-346.540894;-2087.384521;61.038021;655.726868;-2118.17749;55.219872;155.800171;-2587.775879;60.562889;632.932556;-3061.136963;54.639709;-354.33493;-3033.693359;59.754284;;;;;;
204;0;-346.545166;-2087.417236;61.069988;655.732422;-2118.213379;55.234367;155.823318;-2587.75293;60.597466;632.93811;-3061.127686;54.665417;-354.289825;-3033.683105;59.740314;;;;;;
205;0;-346.532562;-2087.38501;60.9734;655.774902;-2118.152344;55.041767;155.791595;-2587.756104;60.576565;632.923096;-3061.136963;54.640724;-354.302795;-3033.684326;59.762325;;;;;;
206;0;-346.536285;-2087.400146;61.049088;655.700256;-2118.209473;55.205795;155.820282;-2587.76123;60.571327;632.928711;-3061.137939;54.625847;-354.362274;-3033.686279;59.748482;;;;;;
207;0;-346.537994;-2087.404541;61.013329;655.828491;-2118.137451;55.00563;155.808548;-2587.757568;60.573612;632.90509;-3061.138428;54.607658;-354.311523;-3033.702148;59.729145;;;;;;
208;0;-346.543701;-2087.347168;60.962727;655.743469;-2118.162109;55.039124;155.79422;-2587.751709;60.576229;632.883423;-3061.153076;54.6539;-354.344849;-3033.694092;59.731731;;;;;;
209;0;-346.520111;-2087.368896;61.001003;655.750061;-2118.151123;55.002075;155.772552;-2587.749268;60.58432;632.887695;-3061.156006;54.627647;-354.381073;-3033.696289;59.754684;;;;;;
210;0;-346.568634;-2087.36377;61.028175;655.746704;-2118.1875;55.150219;155.79921;-2587.730957;60.609192;632.895508;-3061.136963;54.633282;-354.368958;-3033.717773;59.749123;;;;;;
211;0;-346.559357;-2087.351562;61.009933;655.787476;-2118.126465;55.000168;155.816711;-2587.755371;60.601952;632.909424;-3061.140381;54.622837;-354.336456;-3033.68335;59.72485;;;;;;
212;0;-346.520233;-2087.359619;61.011917;655.751587;-2118.194824;55.197498;155.815323;-2587.736328;60.58749;632.921692;-3061.122559;54.648102;-354.348724;-3033.685059;59.746601;;;;;;
213;0;-346.554138;-2087.386719;61.062229;655.776855;-2118.138916;55.058491;155.810471;-2587.743652;60.547756;632.944153;-3061.109131;54.675976;-354.318329;-3033.684326;59.750656;;;;;;
214;0;-346.523895;-2087.405029;61.003899;655.785095;-2118.124023;54.982243;155.824646;-2587.736572;60.597107;632.978882;-3061.101318;54.692425;-354.333527;-3033.667969;59.730663;;;;;;
215;0;-346.56778;-2087.381836;61.066177;655.691772;-2118.219238;55.24474;155.792526;-2587.763672;60.596092;632.929138;-3061.082275;54.710266;-354.365784;-3033.669678;59.7943;;;;;;
216;0;-346.544067;-2087.400391;61.068302;655.734985;-2118.160645;55.027565;155.777145;-2587.756836;60.580936;632.912476;-3061.124268;54.629086;-354.335663;-3033.686523;59.747375;;;;;;
217;0;-346.561646;-2087.38623;61.024311;655.720459;-2118.166748;55.045174;155.764923;-2587.762207;60.562504;632.8797;-3061.117676;54.626766;-354.365753;-3033.710205;59.772995;;;;;;
218;0;-346.541473;-2087.376221;61.016476;655.783142;-2118.141846;55.003872;155.811646;-2587.763916;60.5867;632.900757;-3061.12915;54.618668;-354.351837;-3033.705811;59.702778;;;;;;
219;0;-346.551605;-2087.337402;60.970413;655.773071;-2118.162842;54.98362;155.776291;-2587.774902;60.547729;632.881531;-3061.118164;54.61742;-354.323395;-3033.715576;59.740211;;;;;;
220;0;-346.530457;-2087.376953;61.030258;655.745239;-2118.153809;54.997971;155.776276;-2587.771484;60.548046;632.902954;-3061.147461;54.621502;-354.323059;-3033.725098;59.731663;;;;;;
221;0;-346.546295;-2087.379883;60.97121;655.735291;-2118.146729;55.042435;155.764236;-2587.760254;60.561031;632.884277;-3061.167725;54.576805;-354.304779;-3033.710205;59.759117;;;;;;
222;0;-346.567108;-2087.391602;61.067013;655.758423;-2118.173096;55.067619;155.769714;-2587.741455;60.56662;632.882446;-3061.137451;54.625366;-354.342773;-3033.676514;59.789112;;;;;;
223;0;-346.551117;-2087.359619;61.015686;655.790894;-2118.1521;55.076435;155.819092;-2587.742432;60.558445;632.945862;-3061.125977;54.642498;-354.306213;-3033.672607;59.734375;;;;;;
224;0;-346.518921;-2087.351074;61.014362;655.791565;-2118.143311;55.022083;155.832565;-2587.727051;60.561947;632.947937;-3061.140625;54.651474;-354.289917;-3033.671387;59.724911;;;;;;
225;0;-346.528625;-2087.369629;61.057705;655.769043;-2118.159668;55.070728;155.811371;-2587.75;60.572399;632.940918;-3061.14624;54.638088;-354.331543;-3033.689209;59.730999;;;;;;
226;0;-346.55542;-2087.407959;61.06937;655.757751;-2118.157471;55.024948;155.784012;-2587.763184;60.559296;632.911743;-3061.144043;54.64674;-354.3414;-3033.681396;59.777199;;;;;;
227;0;-346.540741;-2087.380615;60.992172;655.761841;-2118.169434;55.042877;155.751801;-2587.769775;60.575775;632.90979;-3061.131836;54.640362;-354.394379;-3033.678467;59.760975;;;;;;
228;0;-346.567871;-2087.356201;60.999268;655.75177;-2118.136963;55.008636;155.732925;-2587.764648;60.55735;632.881042;-3061.135254;54.668507;-354.389923;-3033.687256;59.750668;;;;;;
229;0;-346.525391;-2087.38501;60.970795;655.755005;-2118.13501;55.006744;155.781616;-2587.763428;60.554996;632.936218;-3061.139648;54.641857;-354.340393;-3033.666016;59.71307;;;;;;
230;0;-346.558014;-2087.353027;60.988194;655.79425;-2118.14209;55.050011;155.804901;-2587.746826;60.563324;632.978943;-3061.111816;54.672855;-354.324432;-3033.684814;59.719208;;;;;;
231;0;-346.539948;-2087.317383;60.991146;655.744385;-2118.208252;55.201664;155.810791;-2587.766357;60.563026;632.968872;-3061.109619;54.665039;-354.354614;-3033.689697;59.723057;;;;;;
232;0;-346.535492;-2087.37793;61.049488;655.785767;-2118.168945;55.06068;155.763443;-2587.746338;60.582249;632.946167;-3061.125488;54.687088;-354.397095;-3033.686035;59.783104;;;;;;
233;0;-346.569427;-2087.366699;61.057644;655.782898;-2118.157471;55.031971;155.806381;-2587.756592;60.571766;632.957275;-3061.111328;54.653488;-354.354065;-3033.676025;59.752064;;;;;;
234;0;-346.549347;-2087.397705;61.104523;655.801636;-2118.158447;55.036282;155.816742;-2587.766357;60.581524;632.933289;-3061.123291;54.671188;-354.307648;-3033.678223;59.730053;;;;;;
235;0;-346.537476;-2087.363281;61.016891;655.792358;-2118.161377;55.051556;155.8564;-2587.765381;60.61224;632.920227;-3061.130127;54.675034;-354.323944;-3033.668945;59.794418;;;;;;
236;0;-346.500824;-2087.370361;61.007744;655.800171;-2118.152588;55.051884;155.844528;-2587.754395;60.599834;632.963745;-3061.118164;54.657455;-354.317169;-3033.665771;59.782108;;;;;;
237;0;-346.547241;-2087.394775;61.094563;655.74707;-2118.1604;54.988686;155.806122;-2587.756836;60.571609;632.916931;-3061.114746;54.696716;-354.361969;-3033.65625;59.778481;;;;;;
238;0;-346.518738;-2087.358887;61.014988;655.792603;-2118.15332;55.016914;155.780777;-2587.789795;60.57803;632.911011;-3061.113525;54.646729;-354.355408;-3033.641602;59.805634;;;;;;
239;0;-346.54187;-2087.358887;60.98101;655.795715;-2118.149902;55.062756;155.770004;-2587.766357;60.557743;632.88623;-3061.13916;54.626415;-354.37616;-3033.665039;59.782173;;;;;;
240;0;-346.544464;-2087.351318;60.985878;655.757996;-2118.181152;55.08139;155.784698;-2587.756348;60.550785;632.911438;-3061.140869;54.609921;-354.351257;-3033.67041;59.763306;;;;;;
241;0;-346.544281;-2087.337158;60.980068;655.722412;-2118.221924;55.206371;155.780075;-2587.756348;60.528576;632.942017;-3061.142822;54.610092;-354.312164;-3033.688721;59.703003;;;;;;
242;0;-346.549164;-2087.350342;61.004433;655.748718;-2118.202637;55.088993;155.827347;-2587.766602;60.563831;632.924011;-3061.162598;54.633514;-354.306976;-3033.678223;59.750347;;;;;;
243;0;-346.565277;-2087.376953;61.056625;655.793335;-2118.161621;55.059948;155.790939;-2587.750732;60.593994;632.962524;-3061.125488;54.640743;-354.333191;-3033.666016;59.765003;;;;;;
244;0;-346.565277;-2087.327148;61.030102;655.771484;-2118.138672;55.025696;155.80162;-2587.745361;60.582966;632.888184;-3061.154785;54.653721;-354.349304;-3033.665039;59.787071;;;;;;
245;0;-346.558136;-2087.399414;61.063194;655.76239;-2118.150879;55.054405;155.787598;-2587.756836;60.590458;632.917297;-3061.152344;54.63945;-354.355865;-3033.69873;59.769276;;;;;;
246;0;-346.570526;-2087.333496;60.937119;655.705322;-2118.188477;55.239571;155.776291;-2587.751465;60.557346;632.90387;-3061.142334;54.613152;-354.335114;-3033.678467;59.729336;;;;;;
247;0;-346.562744;-2087.344971;61.02026;655.778992;-2118.150146;55.019234;155.791885;-2587.762451;60.560211;632.913269;-3061.156982;54.605267;-354.358093;-3033.701172;59.741879;;;;;;
248;0;-346.553101;-2087.383301;61.027195;655.705872;-2118.209961;55.227856;155.804947;-2587.763428;60.539803;632.909058;-3061.153076;54.651752;-354.369629;-3033.669434;59.714439;;;;;;
249;0;-346.566803;-2087.35376;61.025154;655.769714;-2118.140625;55.076199;155.790726;-2587.755127;60.589024;632.946289;-3061.147461;54.631218;-354.368652;-3033.688477;59.732925;;;;;;
250;0;-346.549072;-2087.341309;60.994068;655.767517;-2118.161377;55.114571;155.80162;-2587.734619;60.591957;632.932983;-3061.130615;54.655754;-354.368866;-3033.677734;59.74239;;;;;;
251;0;-346.569458;-2087.397217;61.002941;655.767334;-2118.142822;55.029633;155.781357;-2587.741455;60.587288;632.9245;-3061.124268;54.666855;-354.421936;-3033.696533;59.74073;;;;;;
252;0;-346.541962;-2087.422852;61.006023;655.724426;-2118.195068;55.088444;155.781662;-2587.754883;60.576569;632.933289;-3061.112549;54.650063;-354.371826;-3033.694824;59.725079;;;;;;
253;0;-346.557892;-2087.366455;60.96376;655.79248;-2118.156494;55.036297;155.849365;-2587.754395;60.573967;632.961182;-3061.127686;54.636101;-354.312439;-3033.702637;59.706226;;;;;;
254;0;-346.571014;-2087.381348;61.037483;655.762451;-2118.143311;55.056015;155.839661;-2587.75293;60.602818;632.948669;-3061.122559;54.688747;-354.353455;-3033.674805;59.778599;;;;;;
255;0;-346.557861;-2087.343506;61.016541;655.729004;-2118.174072;55.237392;155.817886;-2587.743896;60.61697;632.944397;-3061.112549;54.696728;-354.314484;-3033.665527;59.72699;;;;;;
256;0;-346.543182;-2087.347412;61.008568;655.80542;-2118.136963;55.061909;155.817261;-2587.773682;60.620598;632.946106;-3061.129639;54.673546;-354.336334;-3033.669922;59.743675;;;;;;
257;0;-346.554138;-2087.352295;61.025105;655.767822;-2118.164307;55.068569;155.805634;-2587.765137;60.606308;632.902283;-3061.147705;54.649578;-354.331146;-3033.689209;59.751007;;;;;;
258;0;-346.536652;-2087.351807;60.962765;655.765259;-2118.149658;55.021023;155.783661;-2587.760498;60.559422;632.923462;-3061.141846;54.605968;-354.356903;-3033.693359;59.713524;;;;;;
259;0;-346.556641;-2087.3479;60.996872;655.703613;-2118.224854;55.18544;155.789413;-2587.746582;60.550251;632.901306;-3061.123291;54.583618;-354.330811;-3033.698975;59.69545;;;;;;
260;0;-346.549347;-2087.371582;60.997688;655.783508;-2118.158691;55.009487;155.794724;-2587.758545;60.545578;632.919495;-3061.12085;54.632496;-354.334045;-3033.685059;59.750278;;;;;;
261;0;-346.549164;-2087.386719;61.016254;655.761414;-2118.133789;55.049068;155.796036;-2587.754639;60.613239;632.925903;-3061.139404;54.664291;-354.372009;-3033.685059;59.768738;;;;;;
262;0;-346.543823;-2087.37793;61.00536;655.776367;-2118.12793;55.023666;155.764587;-2587.746094;60.595238;632.925049;-3061.125977;54.645008;-354.357849;-3033.666016;59.775291;;;;;;
263;0;-346.564209;-2087.386963;61.010536;655.782227;-2118.16748;55.048336;155.789795;-2587.776367;60.603142;632.923279;-3061.134766;54.657619;-354.358002;-3033.707764;59.755535;;;;;;
264;0;-346.554169;-2087.357178;60.997124;655.785217;-2118.137939;55.041344;155.771484;-2587.753906;60.559601;632.926208;-3061.139648;54.640915;-354.35144;-3033.682861;59.749313;;;;;;
265;0;-346.558075;-2087.353271;60.995686;655.682617;-2118.232178;55.229588;155.785278;-2587.741699;60.589123;632.945374;-3061.12207;54.633308;-354.307373;-3033.696533;59.719353;;;;;;
266;0;-346.54892;-2087.344727;60.993793;655.797363;-2118.148926;55.006168;155.805756;-2587.734619;60.582638;632.941223;-3061.117432;54.660244;-354.330078;-3033.688232;59.717419;;;;;;
267;0;-346.549347;-2087.349854;61.015026;655.78241;-2118.158936;55.065697;155.78688;-2587.737549;60.589771;632.967041;-3061.116699;54.632008;-354.341431;-3033.685303;59.797073;;;;;;
268;0;-346.562744;-2087.390137;61.111492;655.783691;-2118.131348;55.016823;155.793274;-2587.75708;60.564545;632.953979;-3061.118164;54.638386;-354.359741;-3033.689209;59.751446;;;;;;
269;0;-346.562286;-2087.340088;60.977768;655.72168;-2118.204346;55.226967;155.793961;-2587.739258;60.576088;632.930542;-3061.120605;54.65192;-354.331879;-3033.681152;59.725082;;;;;;
270;0;-346.549103;-2087.355713;60.973377;655.783325;-2118.149414;55.010509;155.77858;-2587.749756;60.565388;632.914612;-3061.121826;54.668316;-354.351318;-3033.684814;59.741703;;;;;;
271;0;-346.548767;-2087.39502;61.038818;655.738464;-2118.172852;55.061909;155.778671;-2587.748047;60.58287;632.89679;-3061.130127;54.645969;-354.380402;-3033.680908;59.746277;;;;;;
272;0;-346.543732;-2087.389648;61.00079;655.759094;-2118.136719;55.062893;155.782227;-2587.751221;60.565205;632.931946;-3061.120117;54.639393;-354.388519;-3033.677979;59.759365;;;;;;
273;0;-346.568451;-2087.391602;61.023476;655.785156;-2118.128418;55.052883;155.781586;-2587.735352;60.594593;632.92749;-3061.123779;54.657078;-354.3396;-3033.687988;59.769932;;;;;;
274;0;-346.55368;-2087.390869;61.018951;655.793579;-2118.144287;55.030308;155.842361;-2587.731201;60.597237;632.955872;-3061.13208;54.63903;-354.318817;-3033.686035;59.751755;;;;;;
275;0;-346.542267;-2087.3479;60.978401;655.796143;-2118.157471;55.091297;155.807175;-2587.753906;60.579678;632.943115;-3061.128174;54.598297;-354.31131;-3033.672607;59.727356;;;;;;
276;0;-346.534241;-2087.3125;60.986404;655.794189;-2118.135254;55.000885;155.802109;-2587.751221;60.583439;632.947571;-3061.124512;54.644176;-354.332886;-3033.671143;59.729103;;;;;;
277;0;-346.526245;-2087.359131;61.03244;655.766602;-2118.158447;55.13184;155.830841;-2587.751221;60.592243;632.939758;-3061.12793;54.62484;-354.343109;-3033.67627;59.760475;;;;;;
278;0;-346.5784;-2087.340088;61.038906;655.770935;-2118.143066;55.169785;155.742935;-2587.733887;60.578968;632.914917;-3061.102051;54.646381;-354.379761;-3033.696045;59.768223;;;;;;
279;0;-346.557251;-2087.355469;61.00547;655.726135;-2118.171875;55.22842;155.782501;-2587.721436;60.592468;632.902039;-3061.111328;54.636471;-354.365021;-3033.683838;59.750919;;;;;;
280;0;-346.545288;-2087.352051;61.017185;655.766541;-2118.156982;55.054367;155.799667;-2587.743408;60.59;632.92981;-3061.088623;54.662895;-354.365662;-3033.68457;59.772774;;;;;;
281;0;-346.540771;-2087.396973;60.97942;655.730164;-2118.183838;55.085632;155.775177;-2587.737793;60.608486;632.940063;-3061.121094;54.672543;-354.328339;-3033.685059;59.752304;;;;;;
282;0;-346.515015;-2087.382324;60.971123;655.779175;-2118.128174;55.035965;155.820633;-2587.726562;60.603348;632.922791;-3061.094971;54.679913;-354.327484;-3033.658936;59.746273;;;;;;
283;0;-346.528839;-2087.390137;60.987709;655.704346;-2118.223633;55.18644;155.80481;-2587.743652;60.597958;632.935547;-3061.105713;54.666222;-354.313385;-3033.665527;59.713158;;;;;;
284;0;-346.539917;-2087.341553;60.969646;655.778259;-2118.145264;55.089508;155.8181;-2587.744629;60.586033;632.941833;-3061.087646;54.659611;-354.329437;-3033.668213;59.736988;;;;;;
285;0;-346.54599;-2087.355957;60.981796;655.797729;-2118.140381;55.043545;155.812851;-2587.757812;60.575211;632.923889;-3061.123779;54.626606;-354.324799;-3033.65625;59.745125;;;;;;
286;0;-346.552734;-2087.38501;61.071102;655.775818;-2118.141113;55.034645;155.831757;-2587.769043;60.588451;632.980957;-3061.099854;54.652451;-354.33783;-3033.657959;59.764706;;;;;;
287;0;-346.56076;-2087.344238;61.0144;655.765808;-2118.163818;55.040668;155.802231;-2587.761475;60.592857;632.913086;-3061.134521;54.636051;-354.358154;-3033.674316;59.755676;;;;;;
288;0;-346.549255;-2087.347168;61.034664;655.743042;-2118.141846;54.992599;155.797684;-2587.754639;60.613361;632.894897;-3061.116455;54.676033;-354.374817;-3033.664551;59.766319;;;;;;
289;0;-346.561005;-2087.374512;61.024281;655.778503;-2118.129395;55.034542;155.733185;-2587.760254;60.585724;632.932739;-3061.109619;54.662205;-354.434998;-3033.672119;59.776695;;;;;;
290;0;-346.557037;-2087.355957;60.979378;655.751343;-2118.145996;55.0163;155.781113;-2587.774414;60.572128;632.901062;-3061.121826;54.657051;-354.405365;-3033.646973;59.762657;;;;;;
291;0;-346.556122;-2087.369385;60.995319;655.774475;-2118.148193;55.096832;155.780884;-2587.758057;60.587769;632.969604;-3061.101562;54.658485;-354.369843;-3033.661377;59.767521;;;;;;
292;0;-346.529358;-2087.376221;61.00494;655.813782;-2118.13208;55.057114;155.825623;-2587.749512;60.587353;632.944092;-3061.122314;54.666946;-354.319489;-3033.668213;59.775738;;;;;;
293;0;-346.518127;-2087.397705;61.058666;655.720337;-2118.208252;55.243561;155.800537;-2587.743164;60.596344;632.955566;-3061.111084;54.649117;-354.337372;-3033.666016;59.73455;;;;;;
294;0;-346.524658;-2087.335938;60.949364;655.705872;-2118.17749;55.220135;155.784195;-2587.739502;60.603733;632.920227;-3061.105713;54.642063;-354.372772;-3033.653076;59.777843;;;;;;
295;0;-346.551086;-2087.369873;61.011387;655.718567;-2118.195801;55.209564;155.782791;-2587.740967;60.588184;632.902222;-3061.120361;54.688416;-354.34137;-3033.665283;59.767994;;;;;;
296;0;-346.537109;-2087.314941;61.007385;655.741272;-2118.158936;55.202374;155.781342;-2587.740967;60.603184;632.906006;-3061.11377;54.624241;-354.338623;-3033.675049;59.776176;;;;;;
297;0;-346.542358;-2087.339355;60.999313;655.819397;-2118.135498;55.057968;155.810699;-2587.730469;60.575344;632.925293;-3061.096436;54.639137;-354.365509;-3033.685791;59.769394;;;;;;
298;0;-346.548859;-2087.353027;61.027924;655.722107;-2118.17627;55.205654;155.784439;-2587.744141;60.589699;632.941284;-3061.113525;54.620018;-354.333099;-3033.69458;59.75251;;;;;;
299;0;-346.549561;-2087.371826;61.030933;655.782776;-2118.164551;55.21706;155.741928;-2587.732422;60.568901;632.931274;-3061.132812;54.622883;-354.342834;-3033.658691;59.743629;;;;;;
300;0;-346.5448;-2087.398926;61.023006;655.747986;-2118.142822;55.084435;155.757736;-2587.747559;60.589245;632.909729;-3061.135498;54.627819;-354.379181;-3033.680664;59.760147;;;;;;
301;0;-346.543365;-2087.405518;61.038162;655.729858;-2118.197266;55.320648;155.787262;-2587.74292;60.608219;632.915405;-3061.125244;54.678459;-354.354736;-3033.692627;59.789501;;;;;;
302;0;-346.517334;-2087.327881;60.984627;655.726379;-2118.199463;55.221424;155.852066;-2587.736084;60.58799;632.957214;-3061.125977;54.650349;-354.325562;-3033.679688;59.748375;;;;;;
303;0;-346.522278;-2087.352783;60.995728;655.804749;-2118.150635;55.024292;155.843918;-2587.74707;60.606094;632.947876;-3061.149414;54.646416;-354.318146;-3033.673828;59.736446;;;;;;
304;0;-346.558655;-2087.375488;61.053188;655.751892;-2118.159668;55.026409;155.800797;-2587.753418;60.600292;632.926453;-3061.135742;54.631599;-354.335114;-3033.671875;59.744629;;;;;;
305;0;-346.544373;-2087.344238;61.071636;655.772095;-2118.150391;55.093506;155.824814;-2587.726807;60.610004;632.912598;-3061.124512;54.680603;-354.325592;-3033.683838;59.768585;;;;;;
306;0;-346.560364;-2087.328857;61.046555;655.767517;-2118.160156;55.060436;155.779694;-2587.743896;60.616634;632.91864;-3061.118408;54.661068;-354.367828;-3033.676758;59.770851;;;;;;
307;0;-346.578491;-2087.320801;61.019524;655.794617;-2118.122559;55.097046;155.757828;-2587.750244;60.578648;632.950439;-3061.116455;54.681118;-354.411041;-3033.66626;59.773445;;;;;;
308;0;-346.572021;-2087.333008;60.995335;655.776855;-2118.120605;55.062374;155.806808;-2587.751953;60.586697;632.956787;-3061.120361;54.678459;-354.327606;-3033.661377;59.759495;;;;;;
309;0;-346.547119;-2087.40625;61.088207;655.790649;-2118.177246;55.153473;155.780884;-2587.741455;60.552151;632.960876;-3061.106689;54.673927;-354.328217;-3033.670898;59.760082;;;;;;
310;0;-346.538544;-2087.384277;60.999691;655.764343;-2118.136719;54.977978;155.814331;-2587.767334;60.556492;632.954224;-3061.107178;54.63998;-354.375671;-3033.653076;59.722046;;;;;;
311;0;-346.556274;-2087.407715;61.028481;655.799927;-2118.107178;55.046791;155.768433;-2587.762939;60.575111;632.909119;-3061.129395;54.631977;-354.331787;-3033.662842;59.745842;;;;;;
312;0;-346.55719;-2087.3396;60.976345;655.806946;-2118.125977;55.019501;155.813507;-2587.773682;60.611794;632.915527;-3061.147705;54.641453;-354.352631;-3033.663818;59.706879;;;;;;
313;0;-346.528687;-2087.356445;61.021198;655.809387;-2118.158691;55.068008;155.840225;-2587.762695;60.596817;632.935852;-3061.124512;54.657322;-354.323883;-3033.673584;59.765598;;;;;;
314;0;-346.565552;-2087.366699;61.063644;655.785034;-2118.137939;55.058453;155.830032;-2587.760742;60.604519;632.9328;-3061.129639;54.646496;-354.325958;-3033.706299;59.720726;;;;;;
315;0;-346.528137;-2087.347168;61.03936;655.824524;-2118.128662;55.107075;155.81131;-2587.75708;60.604076;632.94342;-3061.112793;54.690125;-354.349213;-3033.697754;59.781708;;;;;;
316;0;-346.532928;-2087.317139;61.007786;655.789001;-2118.177734;55.185555;155.803772;-2587.739258;60.604069;632.940918;-3061.129395;54.675098;-354.330841;-3033.663086;59.730793;;;;;;
317;0;-346.582428;-2087.344727;61.052155;655.757751;-2118.172852;55.031334;155.80246;-2587.764893;60.593864;632.932495;-3061.11084;54.658581;-354.385345;-3033.667969;59.772873;;;;;;
318;0;-346.576019;-2087.346436;61.031582;655.75824;-2118.167969;55.125332;155.776627;-2587.742676;60.599567;632.876038;-3061.102783;54.642368;-354.377106;-3033.672119;59.758972;;;;;;
319;0;-346.567535;-2087.354492;60.991467;655.777222;-2118.145752;55.053608;155.777283;-2587.749512;60.582458;632.913147;-3061.116455;54.649078;-354.36972;-3033.683105;59.740402;;;;;;
320;0;-346.540344;-2087.385254;61.020267;655.740967;-2118.146729;55.132954;155.763748;-2587.724854;60.57682;632.936707;-3061.112549;54.673786;-354.308777;-3033.682373;59.717812;;;;;;
321;0;-346.520142;-2087.349365;61.000443;655.777649;-2118.106689;55.039051;155.799896;-2587.739014;60.597435;632.95813;-3061.116211;54.663246;-354.34024;-3033.674316;59.736492;;;;;;
322;0;-346.565887;-2087.356445;60.994125;655.784546;-2118.133301;55.02401;155.78862;-2587.72583;60.548599;632.949585;-3061.112305;54.681969;-354.313995;-3033.655762;59.728203;;;;;;
323;0;-346.54776;-2087.364258;61.039295;655.676514;-2118.196289;55.279457;155.78447;-2587.736572;60.581947;632.919373;-3061.116943;54.683468;-354.335266;-3033.667725;59.775032;;;;;;
324;0;-346.570801;-2087.398438;61.071999;655.732422;-2118.139648;55.037205;155.785736;-2587.744629;60.597454;632.948792;-3061.123779;54.688435;-354.394958;-3033.673828;59.775055;;;;;;
325;0;-346.564331;-2087.352051;61.031364;655.758423;-2118.13623;55.042728;155.802292;-2587.757568;60.626381;632.923889;-3061.133057;54.655407;-354.315521;-3033.679199;59.771141;;;;;;
326;0;-346.554352;-2087.310547;61.027607;655.775879;-2118.134033;55.004948;155.817856;-2587.750488;60.595284;632.932617;-3061.126953;54.66827;-354.310303;-3033.68335;59.719707;;;;;;
327;0;-346.537628;-2087.366455;61.029465;655.740234;-2118.167236;55.124012;155.782104;-2587.754395;60.599251;632.952637;-3061.111328;54.657089;-354.346466;-3033.674561;59.783531;;;;;;
328;0;-346.547638;-2087.354736;61.045647;655.726807;-2118.196533;55.200634;155.796616;-2587.768066;60.582523;632.911011;-3061.148193;54.619308;-354.322784;-3033.687256;59.730736;;;;;;
329;0;-346.546875;-2087.397217;61.036797;655.810974;-2118.154541;55.021694;155.803253;-2587.745605;60.56926;632.901733;-3061.153809;54.57592;-354.347626;-3033.703125;59.70525;;;;;;
330;0;-346.563568;-2087.387451;60.993992;655.80603;-2118.150391;55.034252;155.784027;-2587.763428;60.571381;632.907349;-3061.132324;54.598412;-354.404755;-3033.680908;59.733711;;;;;;
331;0;-346.581573;-2087.389893;61.006908;655.760315;-2118.143555;55.046417;155.791214;-2587.749756;60.594616;632.937378;-3061.116699;54.652637;-354.372498;-3033.689453;59.768917;;;;;;
332;0;-346.573059;-2087.388428;61.075176;655.794128;-2118.139648;55.060886;155.785095;-2587.737549;60.620651;632.945557;-3061.120605;54.694157;-354.311401;-3033.668213;59.746292;;;;;;
333;0;-346.583405;-2087.32251;61.002167;655.779785;-2118.15332;55.087551;155.810196;-2587.749512;60.594093;632.943665;-3061.113525;54.667366;-354.356354;-3033.674316;59.762901;;;;;;
334;0;-346.551483;-2087.349609;60.978741;655.810425;-2118.17749;55.123875;155.821976;-2587.75415;60.587017;632.937988;-3061.121338;54.64373;-354.345337;-3033.675537;59.720909;;;;;;
335;0;-346.552063;-2087.342773;60.995258;655.787842;-2118.139893;55.050014;155.837051;-2587.773438;60.597736;632.9198;-3061.131592;54.657974;-354.299164;-3033.687744;59.724888;;;;;;
336;0;-346.552338;-2087.345703;61.031025;655.802917;-2118.156494;55.048664;155.770996;-2587.730957;60.600067;632.948425;-3061.103516;54.673363;-354.329926;-3033.695312;59.736759;;;;;;
337;0;-346.560181;-2087.412842;61.091103;655.769531;-2118.120117;55.057251;155.796158;-2587.753418;60.600323;632.91449;-3061.143555;54.646481;-354.371582;-3033.678955;59.774509;;;;;;
338;0;-346.555389;-2087.349609;61.005482;655.780762;-2118.170166;55.154518;155.807068;-2587.765869;60.627014;632.930786;-3061.146973;54.637554;-354.348206;-3033.675537;59.760876;;;;;;
339;0;-346.555084;-2087.349609;61.051991;655.791748;-2118.158936;55.13023;155.820404;-2587.759521;60.586536;632.933228;-3061.118164;54.665871;-354.338043;-3033.689209;59.752018;;;;;;
340;0;-346.557098;-2087.363037;60.97905;655.819824;-2118.155029;55.076454;155.831741;-2587.746582;60.580982;632.905334;-3061.144775;54.591347;-354.338745;-3033.680664;59.731182;;;;;;
341;0;-346.532471;-2087.364746;61.00985;655.869507;-2118.122559;55.052032;155.792725;-2587.743896;60.555233;632.916504;-3061.134277;54.598049;-354.306274;-3033.666504;59.696735;;;;;;
342;0;-346.554688;-2087.357666;61.00576;655.663757;-2118.260498;55.262543;155.793121;-2587.73877;60.59565;632.933289;-3061.123047;54.634422;-354.314453;-3033.674805;59.701641;;;;;;
343;0;-346.560944;-2087.384766;61.082592;655.725159;-2118.193848;55.295387;155.78566;-2587.751709;60.596703;632.899353;-3061.112549;54.652088;-354.39505;-3033.689941;59.786766;;;;;;
344;0;-346.569153;-2087.362061;61.03854;655.769165;-2118.137695;55.039528;155.780121;-2587.76001;60.624477;632.90741;-3061.107178;54.686466;-354.401031;-3033.692871;59.776325;;;;;;
345;0;-346.55426;-2087.359619;60.991646;655.759338;-2118.12085;55.053707;155.819809;-2587.730957;60.620056;632.943298;-3061.114014;54.668388;-354.348755;-3033.659668;59.771397;;;;;;
346;0;-346.55719;-2087.400879;61.084984;655.709656;-2118.178223;55.158535;155.840698;-2587.723145;60.60355;632.95575;-3061.102051;54.666454;-354.324524;-3033.665771;59.76601;;;;;;
347;0;-346.544281;-2087.346436;61.043423;655.770569;-2118.140869;55.015366;155.807648;-2587.75;60.583321;632.926514;-3061.123047;54.610813;-354.354523;-3033.657227;59.761387;;;;;;
348;0;-346.538879;-2087.354248;61.013199;655.761902;-2118.138428;55.046463;155.778183;-2587.741455;60.571266;632.915039;-3061.128418;54.637901;-354.383057;-3033.6604;59.755375;;;;;;
349;0;-346.561249;-2087.380371;61.032803;655.733765;-2118.149658;55.032516;155.763031;-2587.750732;60.595238;632.912415;-3061.141357;54.647213;-354.387665;-3033.686035;59.769638;;;;;;
350;0;-346.567688;-2087.376953;61.026249;655.765442;-2118.144775;55.010418;155.733398;-2587.724609;60.586205;632.899292;-3061.120117;54.625507;-354.345947;-3033.68457;59.763123;;;;;;
351;0;-346.54953;-2087.407227;61.126949;655.731445;-2118.188477;55.081757;155.81517;-2587.71875;60.594135;632.929565;-3061.118164;54.651134;-354.34024;-3033.682861;59.751934;;;;;;
352;0;-346.553497;-2087.345459;61.010815;655.804565;-2118.123779;55.050514;155.798172;-2587.726074;60.583267;632.941589;-3061.122559;54.627724;-354.356812;-3033.685303;59.750156;;;;;;
353;0;-346.562775;-2087.405029;61.060196;655.805725;-2118.13501;55.0019;155.795609;-2587.755371;60.56683;632.936462;-3061.111572;54.666309;-354.340515;-3033.67627;59.747494;;;;;;
354;0;-346.558167;-2087.362793;60.998711;655.734497;-2118.1875;55.232967;155.773148;-2587.757812;60.568417;632.944397;-3061.121582;54.634174;-354.355988;-3033.694092;59.735214;;;;;;
355;0;-346.519867;-2087.365234;61.031593;655.765869;-2118.126221;54.993084;155.756653;-2587.751953;60.580769;632.92334;-3061.11084;54.658939;-354.381714;-3033.682617;59.794018;;;;;;
356;0;-346.547668;-2087.369629;61.067184;655.785339;-2118.132812;55.04438;155.771194;-2587.749268;60.593113;632.915527;-3061.129639;54.650475;-354.33844;-3033.66748;59.803558;;;;;;
357;0;-346.552643;-2087.358643;61.026279;655.762573;-2118.141602;55.025158;155.785751;-2587.744629;60.606892;632.936279;-3061.130859;54.691902;-354.348907;-3033.67627;59.773907;;;;;;
358;0;-346.552429;-2087.388184;61.052338;655.78894;-2118.143066;55.001942;155.805984;-2587.750977;60.567242;632.96283;-3061.120361;54.667625;-354.36087;-3033.670654;59.737762;;;;;;
359;0;-346.544312;-2087.37915;61.049946;655.764587;-2118.158447;55.015312;155.798126;-2587.749512;60.567989;632.961609;-3061.101562;54.663746;-354.375763;-3033.689941;59.721714;;;;;;
360;0;-346.56076;-2087.341309;60.942913;655.754761;-2118.174316;55.054222;155.78772;-2587.740967;60.566856;632.910156;-3061.119385;54.664318;-354.332428;-3033.684326;59.732159;;;;;;
361;0;-346.555542;-2087.384277;61.069496;655.770325;-2118.165527;55.101261;155.797577;-2587.757812;60.577644;632.927124;-3061.131348;54.642826;-354.398132;-3033.676514;59.763252;;;;;;
362;0;-346.552795;-2087.364014;60.978622;655.776489;-2118.139893;55.047047;155.770935;-2587.757568;60.592815;632.915771;-3061.112549;54.665981;-354.386688;-3033.665039;59.743587;;;;;;
363;0;-346.572083;-2087.383301;61.009754;655.814148;-2118.151367;55.072243;155.788925;-2587.744141;60.605923;632.928467;-3061.100098;54.670189;-354.391998;-3033.680908;59.762737;;;;;;
364;0;-346.556915;-2087.369629;61.022808;655.794067;-2118.138916;55.035095;155.790741;-2587.762939;60.578918;632.942017;-3061.122803;54.631992;-354.372131;-3033.683594;59.757183;;;;;;
365;0;-346.545227;-2087.36792;61.058033;655.729309;-2118.18042;55.235188;155.815964;-2587.748779;60.586903;632.940918;-3061.128418;54.637466;-354.338867;-3033.66748;59.742085;;;;;;
366;0;-346.544403;-2087.352295;61.078548;655.775635;-2118.160645;55.04216;155.760468;-2587.756592;60.58939;632.935425;-3061.116211;54.67104;-354.344666;-3033.655273;59.771946;;;;;;
367;0;-346.548248;-2087.365479;61.035755;655.760803;-2118.167969;55.046101;155.803162;-2587.745117;60.586395;632.930603;-3061.100342;54.642159;-354.366699;-3033.675293;59.774292;;;;;;
368;0;-346.540375;-2087.347656;60.995655;655.709167;-2118.188232;55.248379;155.797638;-2587.765381;60.574146;632.926331;-3061.116211;54.659142;-354.367523;-3033.678223;59.7444;;;;;;
369;0;-346.558563;-2087.414551;61.087414;655.769775;-2118.162354;55.111439;155.802078;-2587.752197;60.581329;632.934814;-3061.121826;54.654572;-354.359497;-3033.671875;59.791946;;;;;;
370;0;-346.540314;-2087.371338;61.017494;655.746399;-2118.137695;54.998543;155.811783;-2587.753174;60.573086;632.907715;-3061.149414;54.615734;-354.327332;-3033.667725;59.797485;;;;;;
371;0;-346.564728;-2087.365723;61.018497;655.782104;-2118.120117;55.047127;155.769241;-2587.73584;60.569294;632.935303;-3061.108154;54.642963;-354.331879;-3033.667236;59.781723;;;;;;
372;0;-346.553131;-2087.368652;61.012657;655.77063;-2118.12793;55.028717;155.761261;-2587.750488;60.566933;632.91925;-3061.128174;54.622532;-354.34729;-3033.66626;59.761936;;;;;;
373;0;-346.548859;-2087.384277;60.99065;655.681335;-2118.213135;55.2267;155.777603;-2587.75293;60.578629;632.910034;-3061.141602;54.642368;-354.364685;-3033.691406;59.77879;;;;;;
374;0;-346.549377;-2087.360596;61.052536;655.757324;-2118.163574;54.982609;155.807938;-2587.751709;60.588776;632.92157;-3061.138672;54.645432;-354.35025;-3033.677979;59.787498;;;;;;
375;0;-346.560547;-2087.369141;61.049065;655.763428;-2118.166016;55.07497;155.749695;-2587.749023;60.572811;632.891541;-3061.168701;54.640003;-354.381714;-3033.675049;59.773174;;;;;;
376;0;-346.562561;-2087.368652;61.013523;655.789795;-2118.12793;55.030495;155.754761;-2587.73999;60.569889;632.911072;-3061.130371;54.665833;-354.349213;-3033.656006;59.719692;;;;;;
377;0;-346.553925;-2087.359131;61.000633;655.77655;-2118.153076;55.045433;155.79158;-2587.764893;60.551098;632.937317;-3061.130127;54.640297;-354.339233;-3033.679199;59.743969;;;;;;
378;0;-346.580566;-2087.380371;60.98811;655.760254;-2118.152832;55.034508;155.789383;-2587.757568;60.561226;632.914124;-3061.108643;54.641457;-354.351593;-3033.66333;59.747601;;;;;;
379;0;-346.56839;-2087.375488;61.047928;655.708435;-2118.203857;55.260166;155.782684;-2587.743164;60.575596;632.921448;-3061.101562;54.670414;-354.351135;-3033.676025;59.734394;;;;;;
380;0;-346.565643;-2087.328613;61.002232;655.743469;-2118.149658;55.011505;155.801453;-2587.733154;60.557884;632.940796;-3061.10376;54.654724;-354.348297;-3033.6875;59.752968;;;;;;
381;0;-346.56366;-2087.375977;61.056545;655.814453;-2118.102539;55.008278;155.788071;-2587.739746;60.585236;632.925293;-3061.13623;54.641613;-354.332611;-3033.689453;59.741428;;;;;;
382;0;-346.549652;-2087.387207;61.033218;655.743103;-2118.174805;55.084995;155.811005;-2587.760498;60.574905;632.893738;-3061.120605;54.683865;-354.386871;-3033.686279;59.774387;;;;;;
383;0;-346.558685;-2087.333984;60.982899;655.788086;-2118.167725;55.108921;155.780609;-2587.758789;60.583721;632.957642;-3061.117676;54.680168;-354.346161;-3033.66626;59.743484;;;;;;
384;0;-346.542633;-2087.358398;60.980434;655.805237;-2118.133545;55.039383;155.834015;-2587.758545;60.602425;632.947449;-3061.114014;54.669144;-354.346497;-3033.674072;59.739452;;;;;;
385;0;-346.558075;-2087.336914;61.049034;655.830994;-2118.116211;55.050835;155.836029;-2587.740234;60.613926;632.914612;-3061.106445;54.658997;-354.34729;-3033.65918;59.734264;;;;;;
386;0;-346.54187;-2087.358887;61.004601;655.806641;-2118.117676;55.040253;155.791641;-2587.755371;60.576649;632.916931;-3061.110107;54.64991;-354.368164;-3033.658691;59.727142;;;;;;
387;0;-346.554352;-2087.324707;61.007805;655.769592;-2118.145264;55.020206;155.797699;-2587.762939;60.570057;632.929565;-3061.118652;54.640781;-354.413605;-3033.687012;59.739811;;;;;;
388;0;-346.558594;-2087.363525;61.04565;655.736328;-2118.182129;55.121788;155.778595;-2587.761475;60.577896;632.897583;-3061.140625;54.625244;-354.377991;-3033.713867;59.75172;;;;;;
389;0;-346.552429;-2087.410889;61.095913;655.776123;-2118.156494;55.058701;155.783783;-2587.756836;60.606617;632.915894;-3061.126465;54.643017;-354.388275;-3033.705566;59.752819;;;;;;
390;0;-346.563293;-2087.352295;60.978344;655.743835;-2118.194824;55.18103;155.79689;-2587.725098;60.564564;632.943176;-3061.112793;54.638813;-354.33075;-3033.697998;59.722092;;;;;;
391;0;-346.560181;-2087.368896;61.015488;655.773804;-2118.158936;55.064117;155.775421;-2587.72998;60.582085;632.903381;-3061.125488;54.630356;-354.333282;-3033.663086;59.712757;;;;;;
392;0;-346.560516;-2087.356934;61.00948;655.758423;-2118.133301;55.007099;155.798172;-2587.741699;60.583416;632.91272;-3061.123047;54.648666;-354.368225;-3033.684814;59.744503;;;;;;
393;0;-346.538757;-2087.373779;61.058617;655.783936;-2118.168213;55.049202;155.826889;-2587.734863;60.614014;632.930664;-3061.133301;54.639416;-354.331024;-3033.692383;59.726841;;;;;;
394;0;-346.55191;-2087.353271;61.023888;655.797974;-2118.156006;55.049103;155.812302;-2587.737549;60.622696;632.909912;-3061.118896;54.674614;-354.347595;-3033.682861;59.74448;;;;;;
395;0;-346.533081;-2087.366699;61.027584;655.696289;-2118.215088;55.268768;155.77771;-2587.742432;60.604427;632.912903;-3061.112549;54.645149;-354.325958;-3033.685791;59.763821;;;;;;
396;0;-346.530212;-2087.343262;61.037842;655.735291;-2118.183594;55.223087;155.8396;-2587.766357;60.573589;632.919495;-3061.10791;54.626896;-354.338074;-3033.675537;59.751705;;;;;;
397;0;-346.548798;-2087.404297;61.080914;655.763855;-2118.160645;55.106937;155.805054;-2587.742188;60.579739;632.922852;-3061.110596;54.634441;-354.320496;-3033.675049;59.746731;;;;;;
398;0;-346.545319;-2087.364746;61.071491;655.685913;-2118.234619;55.278835;155.802826;-2587.747803;60.577057;632.899231;-3061.160156;54.61581;-354.31488;-3033.664062;59.729534;;;;;;
399;0;-346.542725;-2087.394775;60.99297;655.777039;-2118.169189;55.017239;155.812714;-2587.77002;60.577133;632.936401;-3061.120605;54.623421;-354.3591;-3033.693359;59.750702;;;;;;
400;0;-346.547363;-2087.38208;61.033764;655.732605;-2118.18042;55.189663;155.826752;-2587.755371;60.574535;632.929871;-3061.123779;54.652599;-354.352844;-3033.67749;59.743633;;;;;;
401;0;-346.573517;-2087.368652;61.013645;655.75531;-2118.143066;55.077778;155.772003;-2587.741943;60.620255;632.915405;-3061.108398;54.687416;-354.367981;-3033.666504;59.776814;;;;;;
402;0;-346.556458;-2087.351074;60.964447;655.766113;-2118.141357;55.049335;155.814133;-2587.739258;60.601463;632.90271;-3061.106689;54.692268;-354.348633;-3033.674805;59.771004;;;;;;
403;0;-346.544006;-2087.346924;61.022484;655.701843;-2118.206299;55.264469;155.837433;-2587.75415;60.590275;632.966675;-3061.112061;54.675476;-354.27887;-3033.674805;59.729523;;;;;;
404;0;-346.541382;-2087.376953;61.102184;655.677124;-2118.251953;55.287365;155.833084;-2587.752197;60.588463;632.97052;-3061.113037;54.682182;-354.317993;-3033.683594;59.758812;;;;;;
405;0;-346.550415;-2087.369141;61.077511;655.708679;-2118.209961;55.192593;155.796417;-2587.737305;60.582439;632.925598;-3061.121582;54.664337;-354.338928;-3033.6875;59.762444;;;;;;
406;0;-346.561279;-2087.381104;61.04377;655.806396;-2118.155029;55.029526;155.829941;-2587.753418;60.573608;632.932861;-3061.115967;54.653591;-354.331726;-3033.698975;59.718597;;;;;;
407;0;-346.53537;-2087.364258;61.018307;655.785706;-2118.155518;55.04406;155.80127;-2587.76001;60.591187;632.922485;-3061.11499;54.644444;-354.333527;-3033.704346;59.739788;;;;;;
408;0;-346.538147;-2087.379395;61.038937;655.777405;-2118.140869;55.037964;155.806793;-2587.765869;60.60025;632.936768;-3061.104736;54.667206;-354.327515;-3033.680664;59.748833;;;;;;
409;0;-346.536438;-2087.396484;61.065735;655.696899;-2118.199219;55.290833;155.787323;-2587.751709;60.581291;632.93689;-3061.102539;54.653324;-354.340698;-3033.67749;59.749462;;;;;;
410;0;-346.524078;-2087.381592;60.99757;655.755066;-2118.161133;55.06905;155.789154;-2587.753662;60.57653;632.945557;-3061.126709;54.649094;-354.303467;-3033.677979;59.729935;;;;;;
411;0;-346.53894;-2087.380371;61.017323;655.765686;-2118.130615;54.988312;155.792511;-2587.736816;60.577023;632.91748;-3061.110596;54.641823;-354.340698;-3033.680908;59.760246;;;;;;
412;0;-346.535553;-2087.393555;61.034645;655.753784;-2118.166504;55.031742;155.790771;-2587.744141;60.551769;632.922668;-3061.149414;54.638615;-354.353607;-3033.689941;59.774181;;;;;;
413;0;-346.547638;-2087.345703;60.984383;655.687744;-2118.225342;55.201622;155.831436;-2587.749023;60.594654;632.922119;-3061.122803;54.644466;-354.336548;-3033.676758;59.767006;;;;;;
414;0;-346.563843;-2087.380127;61.071445;655.783508;-2118.141846;55.011204;155.824097;-2587.742676;60.604946;632.97113;-3061.091797;54.690094;-354.326172;-3033.686279;59.741215;;;;;;
415;0;-346.558411;-2087.337158;61.003246;655.714417;-2118.194824;55.202576;155.828476;-2587.74292;60.588547;632.960266;-3061.096191;54.696407;-354.344055;-3033.686279;59.778416;;;;;;
416;0;-346.535522;-2087.341553;60.994728;655.723694;-2118.228027;55.23103;155.813782;-2587.749756;60.594032;632.917725;-3061.12207;54.642208;-354.391205;-3033.690918;59.733067;;;;;;
417;0;-346.557281;-2087.3479;61.010036;655.733215;-2118.169189;55.030182;155.755859;-2587.758057;60.554947;632.907776;-3061.110352;54.620819;-354.343414;-3033.684082;59.768696;;;;;;
418;0;-346.546844;-2087.351562;61.005398;655.736816;-2118.149414;54.974442;155.782104;-2587.751953;60.580544;632.910828;-3061.104736;54.622562;-354.388519;-3033.686768;59.779461;;;;;;
419;0;-346.562805;-2087.390869;61.044754;655.750427;-2118.144287;54.990997;155.748886;-2587.748047;60.5877;632.899902;-3061.122314;54.632328;-354.397827;-3033.67627;59.780041;;;;;;
420;0;-346.566376;-2087.407959;61.039291;655.771057;-2118.128418;55.016586;155.787781;-2587.739746;60.570976;632.914612;-3061.106201;54.683136;-354.386444;-3033.67627;59.764442;;;;;;
421;0;-346.556274;-2087.420166;61.023029;655.757019;-2118.156982;55.013794;155.769455;-2587.754883;60.589741;632.907776;-3061.12085;54.649605;-354.353394;-3033.661865;59.763531;;;;;;
422;0;-346.549622;-2087.412598;61.054459;655.812073;-2118.156738;55.043915;155.842987;-2587.751709;60.592033;632.924194;-3061.114502;54.669197;-354.334381;-3033.674805;59.75304;;;;;;
423;0;-346.541656;-2087.418945;61.060856;655.815979;-2118.138184;55.037636;155.848251;-2587.763428;60.560104;632.946167;-3061.127197;54.622402;-354.316803;-3033.700195;59.764183;;;;;;
424;0;-346.533173;-2087.35791;61.024776;655.739014;-2118.190918;55.213512;155.82254;-2587.762451;60.565151;632.960266;-3061.141357;54.609543;-354.315643;-3033.687012;59.746723;;;;;;
425;0;-346.538269;-2087.376221;61.097031;655.769592;-2118.145508;55.023418;155.809128;-2587.748779;60.585064;632.946228;-3061.133789;54.651093;-354.329681;-3033.675537;59.773575;;;;;;
426;0;-346.552338;-2087.319824;61.011196;655.772095;-2118.131348;54.983322;155.772919;-2587.746826;60.58971;632.883606;-3061.143799;54.671547;-354.317169;-3033.698486;59.74398;;;;;;
427;0;-346.558868;-2087.369141;61.077888;655.738647;-2118.156494;55.055431;155.747772;-2587.776855;60.57185;632.886658;-3061.139893;54.619854;-354.359833;-3033.699463;59.766899;;;;;;
428;0;-346.528015;-2087.37915;61.042862;655.769775;-2118.150635;55.024269;155.787003;-2587.753906;60.59679;632.90564;-3061.121338;54.663082;-354.333008;-3033.711914;59.743305;;;;;;
429;0;-346.57074;-2087.369141;61.025009;655.777893;-2118.154541;55.079357;155.794113;-2587.756348;60.578247;632.928833;-3061.127197;54.667114;-354.322693;-3033.692383;59.743881;;;;;;
430;0;-346.56839;-2087.378662;60.988174;655.718506;-2118.251221;55.235394;155.788757;-2587.773682;60.563873;632.948975;-3061.112305;54.651714;-354.314606;-3033.695557;59.71291;;;;;;
431;0;-346.5578;-2087.400635;61.036732;655.763672;-2118.135986;55.009434;155.791946;-2587.770996;60.554413;632.919434;-3061.149414;54.626568;-354.343964;-3033.691895;59.725346;;;;;;
432;0;-346.534393;-2087.38623;60.966316;655.755005;-2118.173828;55.016449;155.810608;-2587.776123;60.585812;632.937866;-3061.121826;54.6619;-354.328705;-3033.697266;59.72226;;;;;;
433;0;-346.568481;-2087.376221;61.040787;655.799011;-2118.135254;55.05714;155.826004;-2587.728271;60.617271;632.964111;-3061.09668;54.675266;-354.334656;-3033.712158;59.731232;;;;;;
434;0;-346.559265;-2087.38916;61.066334;655.752563;-2118.139648;54.999851;155.867172;-2587.74292;60.629532;632.960083;-3061.105225;54.661301;-354.345978;-3033.689941;59.76725;;;;;;
435;0;-346.526611;-2087.366699;61.030392;655.755249;-2118.153809;55.044197;155.793396;-2587.750488;60.577145;632.947815;-3061.131592;54.651016;-354.318542;-3033.684814;59.788429;;;;;;
436;0;-346.552094;-2087.333008;61.035675;655.764099;-2118.160889;55.043365;155.816147;-2587.760986;60.576618;632.917786;-3061.106445;54.639626;-354.315338;-3033.709961;59.744705;;;;;;
437;0;-346.541473;-2087.336914;61.018646;655.707581;-2118.203857;55.193115;155.831116;-2587.751709;60.602737;632.927551;-3061.124756;54.650948;-354.282013;-3033.720215;59.694485;;;;;;
438;0;-346.548431;-2087.385742;61.097923;655.781738;-2118.139893;55.00811;155.804443;-2587.776123;60.591511;632.897705;-3061.121582;54.638226;-354.337524;-3033.689941;59.757397;;;;;;
439;0;-346.559143;-2087.366211;61.014374;655.755615;-2118.139404;55.062569;155.789795;-2587.753418;60.601212;632.889404;-3061.120117;54.61853;-354.370636;-3033.688232;59.748173;;;;;;
440;0;-346.556824;-2087.384521;60.991844;655.777649;-2118.149902;55.105183;155.788147;-2587.761963;60.587463;632.9021;-3061.130371;54.627995;-354.363464;-3033.683838;59.767109;;;;;;
441;0;-346.553345;-2087.376465;60.982906;655.760437;-2118.152588;55.010139;155.810867;-2587.76416;60.539577;632.874939;-3061.119873;54.602322;-354.345734;-3033.700439;59.74424;;;;;;
442;0;-346.530457;-2087.397217;61.031391;655.78186;-2118.127197;54.976082;155.819733;-2587.756836;60.556759;632.938904;-3061.125;54.636414;-354.299774;-3033.701172;59.700993;;;;;;
443;0;-346.55011;-2087.382324;61.01405;655.760925;-2118.16333;54.970184;155.802124;-2587.76416;60.533432;632.938354;-3061.114014;54.621002;-354.356445;-3033.665771;59.736526;;;;;;
444;0;-346.532684;-2087.359863;61.0201;655.773743;-2118.151611;55.005005;155.807755;-2587.741211;60.580074;632.937439;-3061.130127;54.608829;-354.336395;-3033.689453;59.76358;;;;;;
445;0;-346.550629;-2087.369629;61.073517;655.668396;-2118.222656;55.202965;155.796661;-2587.746094;60.602139;632.895813;-3061.150879;54.675457;-354.345978;-3033.701416;59.779373;;;;;;
446;0;-346.561615;-2087.365234;61.100838;655.759277;-2118.177002;55.020901;155.759735;-2587.762939;60.582626;632.890991;-3061.133057;54.638081;-354.369507;-3033.702881;59.787487;;;;;;
447;0;-346.546539;-2087.347656;61.051739;655.747192;-2118.142334;54.997849;155.763367;-2587.766113;60.572262;632.892761;-3061.139648;54.655846;-354.342773;-3033.711182;59.763828;;;;;;
448;0;-346.550201;-2087.381104;61.039822;655.676208;-2118.234375;55.264637;155.762589;-2587.740967;60.570049;632.904724;-3061.136719;54.63319;-354.367035;-3033.686035;59.77985;;;;;;
449;0;-346.552795;-2087.365723;60.989269;655.767517;-2118.140137;55.028206;155.803162;-2587.756592;60.563427;632.925903;-3061.134766;54.672016;-354.348755;-3033.662598;59.739677;;;;;;
450;0;-346.535645;-2087.404541;61.009224;655.795715;-2118.13623;55.052502;155.796906;-2587.751709;60.543575;632.971252;-3061.121338;54.665817;-354.328766;-3033.666504;59.729469;;;;;;
451;0;-346.538269;-2087.396484;61.009415;655.699524;-2118.210938;55.277039;155.794998;-2587.75708;60.554241;632.951904;-3061.122803;54.645397;-354.33255;-3033.67334;59.71479;;;;;;
452;0;-346.525391;-2087.387451;61.009289;655.74353;-2118.14624;55.02039;155.801514;-2587.759277;60.569588;632.929321;-3061.144775;54.618927;-354.357483;-3033.696533;59.743473;;;;;;
453;0;-346.539154;-2087.388672;60.976707;655.806458;-2118.155518;55.061066;155.790039;-2587.753418;60.549927;632.952942;-3061.14209;54.618118;-354.360077;-3033.676758;59.745953;;;;;;
454;0;-346.528168;-2087.395508;60.99229;655.79364;-2118.159424;55.078243;155.781815;-2587.759521;60.545841;632.940918;-3061.125244;54.625301;-354.346985;-3033.69751;59.723858;;;;;;
455;0;-346.552979;-2087.405518;61.132164;655.6922;-2118.192139;55.211807;155.813568;-2587.765869;60.601448;632.900269;-3061.111816;54.664005;-354.391388;-3033.686279;59.771755;;;;;;
456;0;-346.575653;-2087.358887;61.0294;655.743652;-2118.143555;55.038063;155.773544;-2587.752686;60.615616;632.924011;-3061.145508;54.654312;-354.332184;-3033.681641;59.716682;;;;;;
457;0;-346.55423;-2087.327881;61.000786;655.751892;-2118.146484;55.035664;155.812103;-2587.743652;60.629692;632.925659;-3061.136963;54.656643;-354.368439;-3033.662598;59.758121;;;;;;
458;0;-346.540863;-2087.351074;61.046482;655.715637;-2118.193359;55.232628;155.760345;-2587.753418;60.597443;632.916626;-3061.138184;54.636158;-354.403046;-3033.671143;59.756176;;;;;;
459;0;-346.550995;-2087.345215;60.930561;655.781128;-2118.179199;55.067902;155.786331;-2587.751953;60.592072;632.905334;-3061.111816;54.64497;-354.360291;-3033.672363;59.744556;;;;;;
460;0;-346.564728;-2087.366943;60.956959;655.766235;-2118.136719;55.011658;155.806549;-2587.743164;60.55378;632.949951;-3061.144043;54.614731;-354.343506;-3033.685303;59.722237;;;;;;
461;0;-346.528015;-2087.38208;60.944557;655.780029;-2118.165771;55.000252;155.818497;-2587.723389;60.534393;632.9198;-3061.134521;54.609985;-354.290588;-3033.661621;59.75206;;;;;;
462;0;-346.5513;-2087.37085;60.98774;655.80072;-2118.135254;55.029747;155.795914;-2587.726807;60.560471;632.929871;-3061.142578;54.65398;-354.341766;-3033.666504;59.78688;;;;;;
463;0;-346.572235;-2087.354492;61.040668;655.777893;-2118.117676;55.030891;155.753998;-2587.712891;60.565903;632.955627;-3061.111328;54.631836;-354.351685;-3033.657227;59.758884;;;;;;
464;0;-346.553711;-2087.341553;61.060585;655.719177;-2118.138672;55.155979;155.7621;-2587.732666;60.585567;632.917297;-3061.121582;54.632046;-354.371429;-3033.657471;59.775322;;;;;;
465;0;-346.552795;-2087.359863;61.114399;655.742554;-2118.142822;55.051193;155.753403;-2587.744385;60.59618;632.867981;-3061.135742;54.649227;-354.407501;-3033.671387;59.768791;;;;;;
466;0;-346.556;-2087.375;61.153801;655.773804;-2118.14209;55.065666;155.746033;-2587.736572;60.575977;632.854919;-3061.144775;54.541328;-354.408081;-3033.672119;59.778225;;;;;;
467;0;-346.535736;-2087.347656;61.038593;655.684448;-2118.212158;55.223335;155.787949;-2587.751465;60.548927;632.932373;-3061.128418;54.599812;-354.343842;-3033.67334;59.761021;;;;;;
468;0;-346.537842;-2087.35791;61.043438;655.770813;-2118.14209;54.989273;155.807114;-2587.736572;60.546597;632.892944;-3061.105225;54.612743;-354.348938;-3033.669189;59.691242;;;;;;
469;0;-346.583221;-2087.389893;60.982014;655.701843;-2118.201172;55.187012;155.753967;-2587.736084;60.556679;632.885376;-3061.137451;54.590546;-354.358856;-3033.67334;59.763977;;;;;;
470;0;-346.559784;-2087.380371;60.966843;655.752808;-2118.138428;55.016041;155.769852;-2587.73584;60.556576;632.898071;-3061.152344;54.625038;-354.34729;-3033.686035;59.730568;;;;;;
471;0;-346.555695;-2087.376709;60.988007;655.740417;-2118.150391;55.046459;155.743027;-2587.749756;60.53017;632.882202;-3061.154541;54.577023;-354.349792;-3033.703369;59.752853;;;;;;
472;0;-346.554962;-2087.364746;61.024036;655.693909;-2118.176514;55.238602;155.786163;-2587.751709;60.548611;632.872375;-3061.156006;54.569729;-354.327942;-3033.685547;59.713303;;;;;;
473;0;-346.547974;-2087.347168;61.006332;655.75647;-2118.111084;54.991356;155.773682;-2587.744873;60.562061;632.886841;-3061.158447;54.609798;-354.35672;-3033.716553;59.753704;;;;;;
474;0;-346.538025;-2087.360107;61.043674;655.767395;-2118.129883;55.039684;155.75621;-2587.745117;60.559933;632.894104;-3061.137207;54.653305;-354.341339;-3033.69165;59.720516;;;;;;
475;0;-346.592377;-2087.323975;61.006622;655.746704;-2118.126953;55.073704;155.743683;-2587.76123;60.572483;632.918091;-3061.11377;54.658104;-354.383301;-3033.6875;59.763474;;;;;;
476;0;-346.54361;-2087.336182;61.044243;655.757385;-2118.124512;55.039188;155.754761;-2587.747803;60.590858;632.911133;-3061.13916;54.642277;-354.385895;-3033.681396;59.741867;;;;;;
477;0;-346.583649;-2087.342773;61.001728;655.758484;-2118.12793;55.02615;155.789948;-2587.754883;60.573341;632.9328;-3061.132324;54.626347;-354.373749;-3033.669189;59.699928;;;;;;
478;0;-346.559509;-2087.335449;61.056793;655.775208;-2118.13501;55.038067;155.799011;-2587.744629;60.552345;632.899963;-3061.128662;54.630081;-354.381714;-3033.690186;59.714275;;;;;;
479;0;-346.544281;-2087.369385;60.96743;655.780884;-2118.125977;55.021076;155.7836;-2587.741943;60.548622;632.948364;-3061.13501;54.615128;-354.382385;-3033.681885;59.740799;;;;;;
480;0;-346.521729;-2087.402588;60.992958;655.742981;-2118.125488;55.005791;155.788696;-2587.734131;60.588692;632.915588;-3061.119629;54.624416;-354.337006;-3033.672119;59.716553;;;;;;
481;0;-346.553955;-2087.400879;61.02565;655.770752;-2118.140381;55.056774;155.77153;-2587.716309;60.575096;632.925903;-3061.101318;54.619564;-354.359406;-3033.657471;59.762302;;;;;;
482;0;-346.499298;-2087.36377;60.992348;655.785156;-2118.114258;55.052486;155.764816;-2587.714844;60.593307;632.922302;-3061.131348;54.632545;-354.389954;-3033.666504;59.752014;;;;;;
483;0;-346.53418;-2087.391357;61.041405;655.770325;-2118.128174;55.042942;155.792511;-2587.718262;60.578678;632.919861;-3061.134277;54.63829;-354.325409;-3033.658447;59.754402;;;;;;
484;0;-346.536072;-2087.400879;61.097866;655.757629;-2118.144287;55.014435;155.779419;-2587.729736;60.575527;632.924072;-3061.149658;54.625683;-354.375244;-3033.684082;59.75861;;;;;;
485;0;-346.559143;-2087.374512;61.093319;655.708618;-2118.20874;55.207203;155.743805;-2587.721924;60.586941;632.923279;-3061.148438;54.649582;-354.386749;-3033.650391;59.781811;;;;;;
486;0;-346.564545;-2087.36084;61.048584;655.749268;-2118.119385;55.029518;155.776321;-2587.723389;60.580139;632.879761;-3061.161133;54.608562;-354.426422;-3033.66626;59.765774;;;;;;
487;0;-346.536224;-2087.376953;61.029953;655.801697;-2118.138672;54.991829;155.763092;-2587.732422;60.592102;632.906433;-3061.135254;54.633869;-354.34903;-3033.666992;59.756584;;;;;;
488;0;-346.556244;-2087.408936;61.037678;655.707642;-2118.230225;55.210342;155.809296;-2587.722656;60.594788;632.950073;-3061.116943;54.610523;-354.347198;-3033.655762;59.772949;;;;;;
489;0;-346.560303;-2087.409912;61.00246;655.75116;-2118.178467;54.999512;155.795151;-2587.753418;60.576176;632.915833;-3061.143799;54.611225;-354.337067;-3033.674805;59.731007;;;;;;
490;0;-346.557587;-2087.385986;60.991524;655.802612;-2118.177979;55.066849;155.833389;-2587.757568;60.571156;632.884705;-3061.142578;54.601135;-354.351562;-3033.673828;59.735237;;;;;;
491;0;-346.542694;-2087.397461;61.017429;655.789978;-2118.143555;55.04834;155.80722;-2587.753174;60.574955;632.934875;-3061.13623;54.643879;-354.313293;-3033.691406;59.768181;;;;;;
492;0;-346.546478;-2087.358643;61.057537;655.749573;-2118.155273;55.015446;155.820206;-2587.742432;60.581013;632.921753;-3061.140869;54.629112;-354.339233;-3033.67627;59.754856;;;;;;
493;0;-346.539703;-2087.345215;61.015335;655.772583;-2118.154053;55.011765;155.774994;-2587.741455;60.591457;632.904907;-3061.137451;54.629883;-354.328125;-3033.684814;59.777042;;;;;;
494;0;-346.526611;-2087.336182;61.039135;655.779175;-2118.133301;55.03212;155.769089;-2587.737061;60.612282;632.903748;-3061.148682;54.631626;-354.344849;-3033.697021;59.762821;;;;;;
495;0;-346.558167;-2087.346436;61.022907;655.698547;-2118.186035;55.211864;155.760574;-2587.745605;60.576344;632.923462;-3061.115234;54.623493;-354.360687;-3033.675537;59.760986;;;;;;
496;0;-346.563965;-2087.298096;61.006168;655.757935;-2118.16333;54.992943;155.815796;-2587.75;60.576794;632.916992;-3061.129395;54.641384;-354.340759;-3033.681152;59.721836;;;;;;
497;0;-346.565521;-2087.363037;61.024467;655.810791;-2118.154297;55.032558;155.81929;-2587.757812;60.575996;632.934998;-3061.133301;54.62619;-354.362579;-3033.703369;59.72039;;;;;;
498;0;-346.543823;-2087.34668;60.974213;655.787048;-2118.165283;55.026649;155.816101;-2587.75293;60.568073;632.928101;-3061.10791;54.618141;-354.341797;-3033.678467;59.708157;;;;;;
499;0;-346.529663;-2087.419189;60.951603;655.748779;-2118.161377;54.990536;155.795227;-2587.744629;60.58654;632.909424;-3061.137451;54.629883;-354.339081;-3033.708008;59.698174;;;;;;
500;0;-346.535828;-2087.383545;60.971958;655.68219;-2118.224854;55.238449;155.794678;-2587.743652;60.576836;632.928955;-3061.117676;54.659966;-354.366577;-3033.709961;59.72945;;;;;;
501;0;-346.544159;-2087.391602;61.040897;655.789612;-2118.125977;55.032246;155.812302;-2587.765381;60.601467;632.936096;-3061.107422;54.665127;-354.375061;-3033.696533;59.744827;;;;;;
502;0;-346.561554;-2087.385986;61.068138;655.750366;-2118.159424;55.025505;155.81781;-2587.756104;60.620682;632.917908;-3061.145264;54.625076;-354.339233;-3033.672363;59.786617;;;;;;
503;0;-346.563904;-2087.336914;61.046051;655.76593;-2118.151855;55.006065;155.796478;-2587.736816;60.599426;632.917786;-3061.125977;54.637695;-354.35025;-3033.692383;59.754406;;;;;;
504;0;-346.54895;-2087.303711;61.015438;655.778259;-2118.145752;55.018112;155.791443;-2587.746094;60.587574;632.940735;-3061.124268;54.660122;-354.337616;-3033.686279;59.796078;;;;;;
505;0;-346.52655;-2087.312988;61.003654;655.771179;-2118.149902;55.038769;155.784515;-2587.742676;60.588081;632.953857;-3061.104248;54.651741;-354.331421;-3033.671875;59.759995;;;;;;
506;0;-346.555634;-2087.304932;61.010593;655.797546;-2118.147461;55.050861;155.829056;-2587.756592;60.567833;632.960815;-3061.085938;54.682919;-354.325989;-3033.677246;59.730423;;;;;;
507;0;-346.540466;-2087.354492;61.033142;655.772156;-2118.155518;55.016521;155.833221;-2587.763428;60.585392;632.934753;-3061.092529;54.622234;-354.313538;-3033.676514;59.741272;;;;;;
508;0;-346.54892;-2087.365723;60.983887;655.719299;-2118.190186;55.189934;155.826614;-2587.770996;60.574615;632.89093;-3061.134766;54.603745;-354.349609;-3033.685547;59.717438;;;;;;
509;0;-346.53891;-2087.37793;60.912926;655.715088;-2118.200195;55.207497;155.790497;-2587.75708;60.559467;632.909363;-3061.12207;54.66444;-354.389313;-3033.666992;59.779339;;;;;;
510;0;-346.561066;-2087.414307;61.042152;655.779053;-2118.129395;55.061108;155.799988;-2587.740723;60.568874;632.909607;-3061.141602;54.619259;-354.34671;-3033.657959;59.725353;;;;;;
511;0;-346.55127;-2087.351562;61.066483;655.742859;-2118.125977;55.075211;155.815857;-2587.739258;60.60635;632.919128;-3061.144775;54.641788;-354.396271;-3033.6875;59.765587;;;;;;
512;0;-346.533051;-2087.354004;60.981976;655.762024;-2118.150879;55.093208;155.792618;-2587.732666;60.608711;632.898376;-3061.142578;54.639091;-354.343231;-3033.670654;59.735561;;;;;;
513;0;-346.566101;-2087.333252;61.014694;655.766235;-2118.147949;55.025021;155.796112;-2587.733154;60.595543;632.917419;-3061.129883;54.682919;-354.37262;-3033.698486;59.745792;;;;;;
514;0;-346.561157;-2087.364014;61.062073;655.717224;-2118.179443;55.240273;155.789871;-2587.739746;60.60088;632.921692;-3061.138428;54.63179;-354.381317;-3033.688721;59.741192;;;;;;
515;0;-346.545746;-2087.328369;61.075165;655.771118;-2118.142822;55.003422;155.810928;-2587.724854;60.604374;632.933716;-3061.120605;54.622154;-354.31546;-3033.669189;59.767464;;;;;;
516;0;-346.528351;-2087.329102;61.060333;655.740662;-2118.179443;55.190212;155.833206;-2587.723389;60.591114;632.941284;-3061.079102;54.661415;-354.315582;-3033.670654;59.764164;;;;;;
517;0;-346.532288;-2087.33667;61.01405;655.73407;-2118.177002;55.112656;155.808731;-2587.747559;60.588223;632.92157;-3061.128906;54.632286;-354.339325;-3033.674805;59.763813;;;;;;
518;0;-346.556488;-2087.352295;60.996368;655.696838;-2118.218262;55.187622;155.780746;-2587.740479;60.578983;632.90741;-3061.151123;54.591953;-354.326416;-3033.694092;59.760967;;;;;;
519;0;-346.547363;-2087.405762;60.956478;655.753174;-2118.17334;55.15012;155.782776;-2587.743164;60.573914;632.905884;-3061.15918;54.608131;-354.386536;-3033.705078;59.719868;;;;;;
520;0;-346.533478;-2087.374268;60.966644;655.775696;-2118.144775;55.026134;155.787277;-2587.752197;60.579494;632.922302;-3061.13501;54.651909;-354.317963;-3033.682617;59.737045;;;;;;
521;0;-346.552887;-2087.391357;61.021198;655.759644;-2118.146973;55.054005;155.807388;-2587.746826;60.593578;632.922607;-3061.130371;54.640064;-354.302917;-3033.693604;59.755928;;;;;;
522;0;-346.539124;-2087.37207;61.001038;655.798096;-2118.0979;55.056343;155.831711;-2587.740234;60.57579;632.922974;-3061.124268;54.634247;-354.325714;-3033.673584;59.73447;;;;;;
523;0;-346.557983;-2087.371338;61.047775;655.769958;-2118.171631;55.142292;155.817123;-2587.737549;60.607304;632.927856;-3061.102295;54.669178;-354.354736;-3033.694824;59.758026;;;;;;
524;0;-346.522614;-2087.331543;61.004021;655.697876;-2118.194092;55.261284;155.768967;-2587.729004;60.597111;632.942627;-3061.126465;54.668888;-354.386139;-3033.677979;59.75827;;;;;;
525;0;-346.533112;-2087.338623;61.066483;655.751221;-2118.147705;55.010876;155.792404;-2587.73999;60.572495;632.935852;-3061.135498;54.66629;-354.357147;-3033.677734;59.754856;;;;;;
526;0;-346.535095;-2087.354736;61.028854;655.777771;-2118.117432;54.980549;155.784546;-2587.753906;60.553207;632.937073;-3061.122314;54.62434;-354.34787;-3033.678955;59.721367;;;;;;
527;0;-346.562836;-2087.334229;61.011303;655.755371;-2118.159912;55.0415;155.793427;-2587.749512;60.58115;632.936157;-3061.134277;54.633366;-354.331146;-3033.688965;59.714581;;;;;;
528;0;-346.549347;-2087.40625;61.066387;655.668884;-2118.218262;55.176907;155.812607;-2587.763916;60.569553;632.966309;-3061.121826;54.6577;-354.331848;-3033.695068;59.736008;;;;;;
529;0;-346.56665;-2087.407471;61.043552;655.653198;-2118.213867;55.270142;155.776749;-2587.738281;60.614445;632.922791;-3061.132812;54.633118;-354.374023;-3033.68335;59.773476;;;;;;
530;0;-346.561005;-2087.372559;60.993881;655.771484;-2118.137939;55.063869;155.780106;-2587.745361;60.612106;632.896484;-3061.125244;54.671982;-354.37735;-3033.681152;59.76651;;;;;;
531;0;-346.546387;-2087.374756;60.998993;655.686829;-2118.197021;55.313068;155.828964;-2587.757812;60.57798;632.903259;-3061.129883;54.667896;-354.345428;-3033.660889;59.800728;;;;;;
532;0;-346.533539;-2087.36084;60.999653;655.761841;-2118.14209;55.134338;155.805664;-2587.73584;60.577415;632.960938;-3061.115967;54.663116;-354.35022;-3033.685059;59.717445;;;;;;
533;0;-346.544098;-2087.349609;61.004356;655.808777;-2118.115967;55.0229;155.81813;-2587.76001;60.565243;632.932129;-3061.122314;54.637821;-354.343262;-3033.675293;59.721882;;;;;;
534;0;-346.528534;-2087.327881;61.017258;655.713684;-2118.197021;55.242535;155.835342;-2587.741455;60.590054;632.945129;-3061.138184;54.651367;-354.344238;-3033.685547;59.728909;;;;;;
535;0;-346.566925;-2087.31958;61.010498;655.728882;-2118.168213;55.188324;155.7901;-2587.761719;60.584415;632.94104;-3061.120361;54.620579;-354.328064;-3033.677246;59.755318;;;;;;
536;0;-346.550507;-2087.340332;61.034039;655.699463;-2118.138184;55.030441;155.778839;-2587.758057;60.598289;632.954895;-3061.087158;54.688797;-354.347046;-3033.67627;59.791336;;;;;;
537;0;-346.522095;-2087.356689;61.00119;655.68396;-2118.184082;55.245644;155.811066;-2587.776123;60.582943;632.902771;-3061.13916;54.617958;-354.290283;-3033.671875;59.723301;;;;;;
538;0;-346.526886;-2087.349121;60.974495;655.804138;-2118.1521;55.022713;155.795441;-2587.761719;60.550465;632.959534;-3061.114746;54.627392;-354.343719;-3033.683838;59.752777;;;;;;
539;0;-346.577484;-2087.365967;60.989269;655.755676;-2118.153564;55.008411;155.809906;-2587.761475;60.586628;632.895081;-3061.121094;54.631435;-354.37442;-3033.689453;59.770645;;;;;;
540;0;-346.563507;-2087.346436;60.961193;655.764587;-2118.164062;55.008686;155.819839;-2587.751953;60.627224;632.907104;-3061.146729;54.64352;-354.37735;-3033.685547;59.769447;;;;;;
541;0;-346.558624;-2087.364502;60.983685;655.745544;-2118.141602;55.049557;155.824158;-2587.756592;60.605865;632.911987;-3061.130615;54.662071;-354.361877;-3033.678467;59.772457;;;;;;
542;0;-346.542114;-2087.354736;60.994297;655.792542;-2118.137695;55.096889;155.806213;-2587.75293;60.632641;632.896362;-3061.131836;54.649555;-354.360687;-3033.687256;59.756279;;;;;;
543;0;-346.537201;-2087.367188;61.044281;655.781067;-2118.149658;55.052845;155.839951;-2587.74585;60.592064;632.920532;-3061.132324;54.626629;-354.363434;-3033.6875;59.759674;;;;;;
544;0;-346.520935;-2087.305176;61.014378;655.776672;-2118.159424;55.011387;155.832535;-2587.721191;60.57674;632.942993;-3061.126709;54.630074;-354.305908;-3033.67334;59.729195;;;;;;
545;0;-346.547974;-2087.333252;61.039021;655.806396;-2118.148438;55.027634;155.822372;-2587.75708;60.547192;632.955933;-3061.124512;54.673504;-354.340515;-3033.679443;59.726906;;;;;;
546;0;-346.544586;-2087.318359;61.015591;655.785278;-2118.140869;54.979435;155.784027;-2587.745361;60.567314;632.942139;-3061.114014;54.66127;-354.411224;-3033.675293;59.745846;;;;;;
547;0;-346.561066;-2087.34668;60.999077;655.748169;-2118.145264;55.030346;155.774963;-2587.755859;60.57782;632.907288;-3061.155273;54.662399;-354.38382;-3033.679932;59.748325;;;;;;
548;0;-346.556732;-2087.37207;61.034767;655.752014;-2118.157471;55.136238;155.777756;-2587.756348;60.592033;632.926208;-3061.146484;54.668766;-354.376526;-3033.692871;59.77496;;;;;;
549;0;-346.547333;-2087.37793;61.033531;655.759644;-2118.148193;55.027439;155.790726;-2587.763916;60.611004;632.928101;-3061.136475;54.672924;-354.318207;-3033.674805;59.749641;;;;;;
550;0;-346.542938;-2087.338379;60.987946;655.777283;-2118.164062;55.085087;155.829773;-2587.767334;60.57645;632.911072;-3061.123535;54.629578;-354.313354;-3033.676025;59.745937;;;;;;
551;0;-346.550018;-2087.346924;61.002396;655.776733;-2118.170166;55.079201;155.831757;-2587.743652;60.569542;632.934021;-3061.121582;54.60516;-354.31189;-3033.700439;59.744114;;;;;;
552;0;-346.55365;-2087.328613;60.991596;655.746948;-2118.168457;55.097485;155.825348;-2587.755127;60.564487;632.920776;-3061.147705;54.639751;-354.338562;-3033.67749;59.737141;;;;;;
553;0;-346.555634;-2087.34375;61.022015;655.775574;-2118.131592;55.026302;155.778397;-2587.759033;60.585583;632.926208;-3061.119629;54.621143;-354.331024;-3033.700928;59.734818;;;;;;
554;0;-346.547974;-2087.35083;61.030106;655.799377;-2118.158936;55.022976;155.766876;-2587.76001;60.580936;632.93689;-3061.126709;54.646027;-354.403412;-3033.680908;59.778118;;;;;;
555;0;-346.538544;-2087.325684;61.058723;655.769104;-2118.154053;55.061657;155.78862;-2587.730957;60.615555;632.949585;-3061.119873;54.686443;-354.359497;-3033.675049;59.777618;;;;;;
556;0;-346.548767;-2087.355957;61.058151;655.760315;-2118.106445;55.02602;155.765945;-2587.742432;60.576885;632.937073;-3061.111572;54.655983;-354.388306;-3033.674072;59.753975;;;;;;
557;0;-346.548859;-2087.37915;61.039059;655.795288;-2118.116943;55.063789;155.774384;-2587.736816;60.57336;632.947205;-3061.125488;54.631744;-354.396149;-3033.650391;59.775402;;;;;;
558;0;-346.549469;-2087.343506;60.994785;655.76593;-2118.125244;55.042664;155.796036;-2587.751709;60.556503;632.91156;-3061.119873;54.682556;-354.368164;-3033.674072;59.742966;;;;;;
559;0;-346.545685;-2087.392822;61.026306;655.74707;-2118.171143;55.141197;155.79567;-2587.740479;60.58112;632.951538;-3061.129395;54.664371;-354.388824;-3033.67627;59.759308;;;;;;
560;0;-346.555359;-2087.377441;60.993801;655.789368;-2118.11499;55.001888;155.822586;-2587.741211;60.574104;632.947266;-3061.143555;54.664391;-354.335907;-3033.669189;59.726307;;;;;;
561;0;-346.539276;-2087.349854;60.948891;655.789795;-2118.143799;55.069309;155.833496;-2587.74585;60.599808;632.980957;-3061.112793;54.672092;-354.339081;-3033.67334;59.775711;;;;;;
562;0;-346.540283;-2087.359863;61.00848;655.781128;-2118.131836;55.056835;155.830688;-2587.751221;60.580631;632.935974;-3061.118896;54.622231;-354.351166;-3033.666992;59.783913;;;;;;
563;0;-346.535461;-2087.35498;61.009212;655.721252;-2118.178711;55.201492;155.792526;-2587.755127;60.580845;632.925659;-3061.111084;54.618664;-354.341827;-3033.692139;59.73838;;;;;;
564;0;-346.547119;-2087.349854;61.023544;655.746521;-2118.132324;54.984558;155.77475;-2587.739502;60.570293;632.894714;-3061.104004;54.620937;-354.355499;-3033.679688;59.728905;;;;;;
565;0;-346.553802;-2087.33374;61.018173;655.764343;-2118.135254;55.01796;155.780106;-2587.753174;60.563797;632.901978;-3061.128662;54.619648;-354.371826;-3033.688965;59.750088;;;;;;
566;0;-346.537323;-2087.335205;61.018295;655.712891;-2118.179443;55.241867;155.771179;-2587.746338;60.590511;632.898682;-3061.134766;54.635433;-354.389557;-3033.678955;59.765697;;;;;;
567;0;-346.536011;-2087.349365;61.069927;655.759766;-2118.18335;55.206215;155.798782;-2587.749023;60.596287;632.939209;-3061.117676;54.682472;-354.342438;-3033.692627;59.767174;;;;;;
568;0;-346.543732;-2087.359619;60.978954;655.770081;-2118.136963;55.030312;155.814316;-2587.749756;60.557049;632.959717;-3061.093262;54.66721;-354.310089;-3033.688965;59.745552;;;;;;
569;0;-346.538391;-2087.382812;61.02219;655.704285;-2118.176025;55.21505;155.797775;-2587.736816;60.545204;632.960999;-3061.086426;54.712532;-354.353363;-3033.671875;59.766388;;;;;;
570;0;-346.531952;-2087.332764;60.969875;655.694946;-2118.210693;55.253841;155.799606;-2587.768799;60.577332;632.950562;-3061.118164;54.6595;-354.342133;-3033.675537;59.759857;;;;;;
571;0;-346.53363;-2087.360596;61.004211;655.771423;-2118.120117;55.02224;155.786713;-2587.773193;60.566006;632.915649;-3061.082031;54.645061;-354.331329;-3033.67627;59.778538;;;;;;
572;0;-346.550385;-2087.315186;60.95462;655.746643;-2118.187256;55.258728;155.796295;-2587.742432;60.557297;632.892273;-3061.066162;54.663872;-354.343079;-3033.696045;59.775013;;;;;;
573;0;-346.57605;-2087.339844;61.023106;655.717224;-2118.208252;55.275681;155.790756;-2587.782715;60.623722;632.915344;-3061.020264;54.691528;-354.374573;-3033.696533;59.775383;;;;;;
574;0;-346.564453;-2087.292969;60.984428;655.776855;-2118.113525;55.006237;155.785904;-2587.741943;60.605392;632.9552;-3061.040039;54.706539;-354.368378;-3033.677979;59.786823;;;;;;
575;0;-346.545593;-2087.344727;61.002197;655.79126;-2118.109131;55.047722;155.72345;-2587.749512;60.600006;632.976929;-3061.022705;54.710293;-354.315125;-3033.650391;59.716946;;;;;;
576;0;-346.581177;-2087.349609;61.080318;655.704712;-2118.177246;55.220692;155.625504;-2587.748047;60.586266;632.944275;-3061.094238;54.727306;-354.319824;-3033.632324;59.752243;;;;;;
577;0;-346.548798;-2087.353516;61.057011;655.695312;-2118.19043;55.198353;155.545303;-2587.767822;60.59314;632.864136;-3061.127441;54.70295;-354.303833;-3033.623779;59.741749;;;;;;
578;0;-346.55658;-2087.354248;61.02195;655.7323;-2118.160645;55.247334;155.558777;-2587.73877;60.596035;632.869385;-3061.157715;54.717655;-354.278015;-3033.615234;59.758938;;;;;;
579;0;-346.544495;-2087.352783;61.003387;655.758423;-2118.147949;55.117241;155.526535;-2587.721924;60.591408;632.869751;-3061.172363;54.721516;-354.267639;-3033.583984;59.835537;;;;;;
580;0;-346.542877;-2087.35376;61.03307;655.841003;-2118.098877;55.131248;155.506866;-2587.698242;60.632511;632.871155;-3061.200439;54.738949;-354.218658;-3033.557861;59.834377;;;;;;
581;0;-346.553802;-2087.394043;61.071915;655.862183;-2118.117432;55.153172;155.491318;-2587.686523;60.626732;632.951233;-3061.225586;54.736095;-354.25058;-3033.543945;59.883636;;;;;;
582;0;-346.499054;-2087.347168;61.021358;655.864502;-2118.125732;55.140457;155.460037;-2587.685791;60.630535;632.924255;-3061.23877;54.821655;-354.262848;-3033.529053;59.883163;;;;;;
583;0;-346.504181;-2087.351318;61.005894;655.824646;-2118.158691;55.168823;155.412949;-2587.670166;60.62883;632.916199;-3061.348145;54.867298;-354.184998;-3033.495605;59.876518;;;;;;
584;0;-346.454865;-2087.343262;61.092422;655.840454;-2118.186523;55.312901;155.350296;-2587.661621;60.608379;632.936401;-3061.354492;54.92392;-354.119171;-3033.485352;59.869431;;;;;;
585;0;-346.414856;-2087.317383;61.075348;655.961792;-2118.179443;55.286907;155.333023;-2587.60498;60.595936;632.998535;-3061.467041;54.941212;-354.112091;-3033.447998;59.853043;;;;;;
586;0;-346.387665;-2087.287598;61.099819;655.984253;-2118.128662;55.272087;155.314865;-2587.58252;60.617592;632.987854;-3061.457031;55.037113;-354.042603;-3033.450928;59.869099;;;;;;
587;0;-346.325073;-2087.30249;61.153919;655.879639;-2118.179199;55.526005;155.266205;-2587.580078;60.612614;633.059875;-3061.546143;55.077137;-353.933655;-3033.435303;59.847588;;;;;;
588;0;-346.241211;-2087.335938;61.087166;655.987976;-2118.138672;55.527065;155.314453;-2587.505859;60.636742;633.094727;-3061.533691;55.124798;-353.934387;-3033.409424;59.947639;;;;;;
589;0;-346.213257;-2087.306641;61.149612;656.006897;-2118.108154;55.609653;155.30806;-2587.442871;60.69376;633.068115;-3061.5625;55.190712;-353.890228;-3033.391846;60.039204;;;;;;
590;0;-346.16629;-2087.28418;61.085865;656.016418;-2118.099121;55.716633;155.351791;-2587.365479;60.695911;633.065002;-3061.569824;55.286026;-353.871094;-3033.371094;60.053871;;;;;;
591;0;-346.096436;-2087.265381;61.105488;656.225525;-2117.984375;55.735462;155.405151;-2587.244141;60.695633;633.074951;-3061.688721;55.380238;-353.725647;-3033.300781;60.069813;;;;;;
592;0;-346.023987;-2087.243896;61.091988;656.303162;-2117.987061;55.670246;155.4198;-2587.159668;60.651138;633.061157;-3061.747803;55.470341;-353.666321;-3033.255371;60.130848;;;;;;
593;0;-345.991638;-2087.203125;61.069168;656.502808;-2117.898682;55.783451;155.441589;-2587.047119;60.680904;633.05835;-3061.873047;55.668926;-353.598175;-3033.206787;60.197025;;;;;;
594;0;-345.886505;-2087.220947;61.104992;656.493835;-2117.899902;55.938271;155.55896;-2586.908936;60.77602;633.076721;-3061.984863;55.890667;-353.541687;-3033.144287;60.313931;;;;;;
595;0;-345.852539;-2087.259521;61.19342;656.441711;-2117.887939;56.203854;155.523651;-2586.801514;60.798717;633.018616;-3062.141602;56.160515;-353.461823;-3033.063232;60.427155;;;;;;
596;0;-345.751556;-2087.219238;61.2635;656.467712;-2117.831055;56.492161;155.608841;-2586.687012;60.861988;632.991699;-3062.234131;56.454651;-353.329254;-3033.021973;60.503414;;;;;;
597;0;-345.67569;-2087.231201;61.316681;656.553467;-2117.779785;56.816147;155.682266;-2586.530762;60.932224;632.999939;-3062.317383;56.823521;-353.20874;-3032.95459;60.608685;;;;;;
598;0;-345.555054;-2087.22583;61.356976;656.48761;-2117.716797;57.271015;155.78624;-2586.44873;60.969013;632.992065;-3062.416992;57.202507;-353.067078;-3032.869141;60.796577;;;;;;
599;0;-345.428558;-2087.214355;61.310448;656.589417;-2117.669678;57.576241;155.950699;-2586.294678;61.026936;632.973694;-3062.568848;57.580463;-352.986298;-3032.796387;60.950043;;;;;;
600;0;-345.369781;-2087.269775;61.433235;656.569336;-2117.558838;57.975464;155.933868;-2586.204102;61.098156;632.862244;-3062.662598;58.013153;-352.823975;-3032.680176;61.177704;;;;;;
601;0;-345.092926;-2087.195312;61.355949;656.424255;-2117.53125;58.596901;156.024719;-2585.991455;61.214691;632.75415;-3062.765869;58.460808;-352.726868;-3032.565918;61.453781;;;;;;
602;0;-344.99881;-2087.213135;61.376865;656.741821;-2117.366943;58.982082;156.011963;-2585.887939;61.318901;632.732849;-3062.869141;58.959442;-352.604248;-3032.413086;61.756817;;;;;;
603;0;-344.869324;-2087.193359;61.341702;656.620605;-2117.317871;59.612782;156.259384;-2585.607178;61.297035;632.717468;-3063.011475;59.435772;-352.375336;-3032.289551;62.106224;;;;;;
604;0;-344.796509;-2087.154785;61.373009;656.723877;-2117.216797;60.316143;156.29364;-2585.487061;61.518085;632.719849;-3063.208984;59.908558;-352.169434;-3032.153564;62.456638;;;;;;
605;0;-344.664642;-2087.124023;61.40995;656.705688;-2117.114014;61.000427;156.338577;-2585.306396;61.564804;632.57312;-3063.319824;60.464264;-352.005219;-3032.044922;62.889004;;;;;;
606;0;-344.561096;-2087.134033;61.487053;656.699341;-2117.012695;61.707928;156.404205;-2585.14209;61.69841;632.517639;-3063.480713;61.02729;-351.80304;-3031.893066;63.386997;;;;;;
607;0;-344.455017;-2087.108887;61.759033;656.78418;-2116.905762;62.595108;156.418335;-2585.008301;61.857517;632.53186;-3063.642822;61.595055;-351.521301;-3031.779785;63.822792;;;;;;
608;0;-344.321808;-2087.092041;61.834888;656.736694;-2116.847168;63.469753;156.634903;-2584.822266;61.953526;632.468323;-3063.785645;62.148724;-351.281555;-3031.584961;64.395348;;;;;;
609;0;-344.106049;-2087.012695;61.909332;656.735107;-2116.697754;64.209885;156.68898;-2584.659668;62.10083;632.375549;-3063.946777;62.774307;-351.031372;-3031.44873;64.911316;;;;;;
610;0;-343.807709;-2086.89917;61.872353;656.807007;-2116.52124;65.271996;156.839783;-2584.449707;62.304005;632.307129;-3064.164795;63.452797;-350.770233;-3031.329102;65.474022;;;;;;
611;0;-343.690857;-2086.872803;62.192677;656.742371;-2116.444336;66.173035;156.959641;-2584.285156;62.447853;632.259338;-3064.373535;64.067276;-350.409454;-3031.181152;66.019073;;;;;;
612;0;-343.489044;-2086.775879;62.232151;656.843384;-2116.175537;67.082031;157.069214;-2584.050537;62.627674;632.169983;-3064.515137;64.713669;-350.172089;-3030.992188;66.565025;;;;;;
613;0;-343.313385;-2086.717529;62.485279;656.83551;-2116.072998;68.147842;157.244385;-2583.854736;62.796593;632.106323;-3064.712646;65.342896;-349.78949;-3030.804688;67.183952;;;;;;
614;0;-343.152649;-2086.661621;62.789948;656.765015;-2115.887207;69.173172;157.356506;-2583.600342;62.937424;632.037964;-3064.833984;66.073532;-349.504944;-3030.615967;67.788399;;;;;;
615;0;-342.920471;-2086.650146;62.99696;656.891663;-2115.650879;69.958755;157.576736;-2583.406494;63.048283;631.966797;-3065.009277;66.690948;-349.116669;-3030.390625;68.364082;;;;;;
616;0;-342.713806;-2086.608398;63.311115;656.902466;-2115.472168;71.105103;157.747818;-2583.140381;63.189724;631.761292;-3065.224609;67.297157;-348.734314;-3030.178467;68.97348;;;;;;
617;0;-342.642609;-2086.595215;63.748283;656.826843;-2115.275146;71.977051;157.767868;-2582.973389;63.490032;631.674072;-3065.408203;67.92794;-348.401703;-3029.94751;69.598228;;;;;;
618;0;-342.46048;-2086.591309;64.051239;656.812683;-2115.092529;72.915749;157.900177;-2582.741943;63.73571;631.659668;-3065.556396;68.564323;-347.933807;-3029.722412;70.165054;;;;;;
619;0;-342.261475;-2086.552002;64.46714;656.920959;-2114.885742;73.944008;158.104309;-2582.560791;63.988037;631.569031;-3065.70874;69.240814;-347.568573;-3029.517578;70.724831;;;;;;
620;0;-341.937134;-2086.472168;64.720413;656.897705;-2114.705566;74.709984;158.194687;-2582.318359;64.296341;631.439819;-3065.939453;69.812706;-347.07843;-3029.256592;71.29467;;;;;;
621;0;-341.525177;-2086.349854;64.85923;657.070923;-2114.412109;75.595612;158.371048;-2582.121582;64.529861;631.406494;-3066.130371;70.390976;-346.675873;-3029.044434;71.900986;;;;;;
622;0;-341.3172;-2086.201904;65.194504;657.023376;-2114.213379;76.508484;158.426605;-2581.896484;64.818474;631.284973;-3066.307617;71.023216;-346.21994;-3028.820557;72.510956;;;;;;
623;0;-341.18692;-2086.170654;65.698105;656.952271;-2114.033691;77.35376;158.730255;-2581.617432;65.10862;631.235962;-3066.416992;71.681839;-345.810699;-3028.562744;73.102501;;;;;;
624;0;-340.889679;-2086.115967;66.221405;656.973145;-2113.832031;77.989677;158.891083;-2581.371338;65.364281;631.162842;-3066.651367;72.21769;-345.314697;-3028.35498;73.616447;;;;;;
625;0;-340.612854;-2086.026123;66.713959;657.045288;-2113.588867;78.874023;159.110382;-2581.112549;65.701561;631.022827;-3066.866943;72.733742;-344.786774;-3028.155518;74.15818;;;;;;
626;0;-340.261322;-2085.866699;67.030785;657.043396;-2113.407715;79.628075;159.352951;-2580.875244;65.964432;630.915222;-3067.044189;73.300583;-344.310181;-3027.906982;74.716873;;;;;;
627;0;-340.13443;-2085.881348;67.560646;657.259766;-2113.024658;80.134308;159.530472;-2580.599854;66.244431;630.851807;-3067.246094;73.808434;-343.833405;-3027.68457;75.268242;;;;;;
628;0;-339.951447;-2085.842773;68.208961;657.118042;-2112.824951;80.868668;159.817902;-2580.359375;66.529243;630.829163;-3067.383545;74.320282;-343.337006;-3027.476074;75.779037;;;;;;
629;0;-339.674988;-2085.791748;68.571045;657.204407;-2112.583984;81.435532;159.992722;-2580.147461;66.81131;630.690979;-3067.467529;74.817482;-342.818176;-3027.23999;76.307457;;;;;;
630;0;-339.433197;-2085.753906;69.090134;657.181763;-2112.340332;82.113792;160.304611;-2579.925293;67.155685;630.578491;-3067.685303;75.279716;-342.319763;-3026.998047;76.797478;;;;;;
631;0;-339.042603;-2085.667725;69.531883;657.206055;-2112.093262;82.639297;160.557373;-2579.747559;67.401939;630.451843;-3067.928223;75.681953;-341.76535;-3026.80127;77.286568;;;;;;
632;0;-338.685303;-2085.618652;70.087555;657.289978;-2111.751953;83.018204;160.875824;-2579.506348;67.719925;630.407654;-3068.075195;76.068993;-341.26947;-3026.537598;77.768066;;;;;;
633;0;-338.436401;-2085.486084;70.58831;657.293091;-2111.513916;83.359467;161.036514;-2579.316406;67.99852;630.313904;-3068.215332;76.47493;-340.792175;-3026.307861;78.249863;;;;;;
634;0;-338.081268;-2085.33252;71.000374;657.399353;-2111.228271;83.813065;161.349594;-2579.104492;68.275742;630.250488;-3068.384033;76.834946;-340.319305;-3026.080078;78.662643;;;;;;
635;0;-337.628143;-2085.214111;71.497757;657.419312;-2110.936523;84.240959;161.621353;-2578.896484;68.548042;630.144165;-3068.547607;77.217003;-339.841858;-3025.844238;79.101959;;;;;;
636;0;-337.323883;-2085.203613;72.109375;657.48645;-2110.71167;84.538704;161.931885;-2578.751465;68.842171;630.053528;-3068.709961;77.55143;-339.384003;-3025.641602;79.57354;;;;;;
637;0;-336.985565;-2085.171631;72.705109;657.474915;-2110.423096;84.831192;162.279633;-2578.560547;69.020866;630.024231;-3068.825684;77.832047;-338.852692;-3025.399658;80.001106;;;;;;
638;0;-336.734985;-2085.188965;73.302567;657.350037;-2110.227295;85.297157;162.587219;-2578.418457;69.251183;629.962219;-3068.956299;78.164116;-338.393799;-3025.23877;80.413063;;;;;;
639;0;-336.244507;-2085.126953;73.617645;657.670349;-2109.957031;85.504196;162.95343;-2578.22168;69.466064;629.860352;-3069.112793;78.496323;-337.895447;-3025.021484;80.810921;;;;;;
640;0;-335.861847;-2084.980469;73.948647;657.695007;-2109.626465;85.71431;163.195465;-2578.05957;69.742027;629.805481;-3069.276123;78.754929;-337.447876;-3024.806885;81.166237;;;;;;
641;0;-335.610016;-2084.952881;74.517006;657.687134;-2109.378174;85.943314;163.613983;-2577.842285;70.065681;629.731506;-3069.414307;79.06263;-336.821045;-3024.613525;81.503204;;;;;;
642;0;-335.249969;-2084.898682;75.012794;657.944275;-2108.976562;85.968246;163.840973;-2577.688965;70.318443;629.716248;-3069.563965;79.339226;-336.349976;-3024.456299;81.776276;;;;;;
643;0;-334.732788;-2084.772949;75.422668;657.864929;-2108.739014;86.163094;164.271927;-2577.487305;70.595337;629.728027;-3069.680176;79.603821;-335.813751;-3024.269287;82.159393;;;;;;
644;0;-334.237305;-2084.625488;75.801292;657.961975;-2108.47998;86.299706;164.515305;-2577.316162;70.951759;629.688232;-3069.803711;79.88089;-335.395142;-3024.095703;82.437401;;;;;;
645;0;-333.952209;-2084.554199;76.241104;658.007812;-2108.206299;86.516853;164.911469;-2577.11377;71.265862;629.612793;-3069.920898;80.164284;-334.925171;-3023.910645;82.765869;;;;;;
646;0;-333.501495;-2084.399414;76.657288;658.117432;-2107.941895;86.744278;165.202011;-2576.999756;71.596092;629.576355;-3070.049561;80.45681;-334.462494;-3023.759766;83.047127;;;;;;
647;0;-333.134338;-2084.320068;77.149658;658.189392;-2107.705811;86.89753;165.58699;-2576.818359;72.005569;629.534851;-3070.11377;80.803253;-333.978699;-3023.605469;83.36274;;;;;;
648;0;-332.769318;-2084.247559;77.496567;658.219849;-2107.444824;87.062004;165.893585;-2576.634277;72.421738;629.498413;-3070.234375;81.105522;-333.547729;-3023.475342;83.685165;;;;;;
649;0;-332.241852;-2084.149902;77.828918;658.278198;-2107.177002;87.266571;166.290878;-2576.556152;72.846519;629.47522;-3070.300049;81.475861;-333.162384;-3023.35083;84.002823;;;;;;
650;0;-331.869049;-2084.06958;78.35788;658.412598;-2107.009766;87.647751;166.659149;-2576.338135;73.314041;629.477112;-3070.369629;81.781433;-332.669067;-3023.20166;84.252083;;;;;;
651;0;-331.3591;-2083.954346;78.694763;658.519104;-2106.68042;87.865364;167.032288;-2576.293457;73.793587;629.470764;-3070.487061;82.172089;-332.257874;-3023.076172;84.571793;;;;;;
652;0;-330.864258;-2083.642334;78.80793;658.537537;-2106.503906;88.151947;167.473541;-2576.076172;74.162743;629.443359;-3070.612305;82.541534;-331.826721;-3023.006104;84.84951;;;;;;
653;0;-330.381531;-2083.481201;79.251579;658.58905;-2106.289062;88.517326;167.842316;-2575.988037;74.854622;629.407104;-3070.696289;82.951485;-331.404907;-3022.916016;85.19252;;;;;;
654;0;-329.994141;-2083.393555;79.694794;658.651245;-2106.058594;88.760384;168.208237;-2575.853516;75.390343;629.464905;-3070.770264;83.369835;-331.078156;-3022.848877;85.530914;;;;;;
655;0;-329.70929;-2083.288574;80.206612;658.869629;-2105.763184;88.997017;168.613541;-2575.686279;75.969223;629.420959;-3070.862305;83.938667;-330.713928;-3022.755371;85.907707;;;;;;
656;0;-329.246307;-2083.183105;80.681534;658.827332;-2105.681885;89.538986;168.976624;-2575.54248;76.46595;629.466675;-3070.908203;84.361198;-330.326294;-3022.682373;86.307579;;;;;;
657;0;-328.794861;-2083.060303;81.096451;658.934204;-2105.455566;89.867821;169.396759;-2575.400635;77.150307;629.415466;-3071.008301;84.925201;-329.973755;-3022.616211;86.650429;;;;;;
658;0;-328.2789;-2082.846924;81.491264;659.004883;-2105.321289;90.358887;169.858414;-2575.212158;77.767281;629.384644;-3071.072998;85.517952;-329.594421;-3022.532227;87.073982;;;;;;
659;0;-327.823334;-2082.668213;81.920151;659.029419;-2105.168701;90.832542;170.148117;-2575.124268;78.360001;629.445068;-3071.067627;86.183929;-329.279694;-3022.541992;87.453934;;;;;;
660;0;-327.419708;-2082.518799;82.395508;659.277222;-2105.000732;91.412384;170.493134;-2574.914795;79.053078;629.465637;-3071.141602;86.802147;-328.937531;-3022.523682;87.901665;;;;;;
661;0;-326.958527;-2082.381592;82.905968;659.347717;-2104.812744;91.935379;170.879028;-2574.835693;79.743828;629.479919;-3071.182129;87.542122;-328.717987;-3022.481201;88.36982;;;;;;
662;0;-326.620117;-2082.209717;83.44339;659.414429;-2104.765869;92.540466;171.245178;-2574.645752;80.457428;629.455811;-3071.252441;88.366234;-328.410492;-3022.427734;88.871033;;;;;;
663;0;-326.177979;-2082.0271;84.000191;659.542114;-2104.623535;93.308823;171.612579;-2574.598389;81.155716;629.541382;-3071.287109;89.04454;-328.151276;-3022.43042;89.456535;;;;;;
664;0;-325.715027;-2081.746826;84.423157;660.208252;-2104.409668;94.029488;172.082581;-2574.359131;81.892746;629.561157;-3071.345215;89.896172;-327.934814;-3022.489258;89.982239;;;;;;
665;0;-325.248169;-2081.586914;84.907654;660.276001;-2104.319336;94.6632;172.350311;-2574.286865;82.606354;629.512939;-3071.385742;90.827065;-327.669586;-3022.509277;90.596985;;;;;;
666;0;-324.840759;-2081.393555;85.553596;659.995789;-2104.309082;95.286797;172.767975;-2574.175293;83.466469;629.550903;-3071.436035;91.712486;-327.374298;-3022.58374;91.227615;;;;;;
667;0;-324.465881;-2081.246826;86.156654;660.275024;-2104.236328;96.094383;173.182663;-2574.001465;84.068642;629.54657;-3071.46582;92.781425;-327.190765;-3022.613037;91.852547;;;;;;
668;0;-324.146301;-2081.108887;86.870705;660.299561;-2104.173828;96.866714;173.463821;-2573.935547;85.036865;629.538635;-3071.546631;93.763458;-326.979858;-3022.607178;92.614792;;;;;;
669;0;-323.836639;-2080.987549;87.670197;660.49939;-2104.183838;97.718529;173.818268;-2573.843506;85.835045;629.590454;-3071.605957;94.883751;-326.800446;-3022.635254;93.294769;;;;;;
670;0;-323.480316;-2080.794434;88.292198;660.670959;-2104.185791;98.626686;174.112656;-2573.793213;86.655479;629.656006;-3071.692383;95.976036;-326.667694;-3022.704346;94.099983;;;;;;
671;0;-323.208038;-2080.675537;89.141212;660.786865;-2104.077148;99.445755;174.402008;-2573.694092;87.535294;629.650574;-3071.721191;97.221092;-326.515991;-3022.735352;94.927887;;;;;;
672;0;-322.829742;-2080.465088;89.880295;660.933167;-2104.142578;100.413803;174.832489;-2573.610596;88.391197;629.673584;-3071.785889;98.402084;-326.378265;-3022.807861;95.797516;;;;;;
673;0;-322.374329;-2080.215332;90.546417;661.231567;-2104.080811;101.397049;175.034592;-2573.532715;89.269005;629.723816;-3071.825439;99.721283;-326.257782;-3022.920898;96.678795;;;;;;
674;0;-322.117981;-2080.056396;91.354729;661.347229;-2104.043701;102.282555;175.360565;-2573.456787;90.236427;629.738159;-3071.945557;101.067703;-326.144562;-3022.986328;97.678749;;;;;;
675;0;-321.793121;-2079.940674;92.341797;661.608276;-2104.188232;103.57428;175.657593;-2573.379639;91.189621;629.7677;-3072.010498;102.434319;-326.074341;-3023.080078;98.628891;;;;;;
676;0;-321.447968;-2079.768066;93.132126;662.345154;-2104.084961;104.607834;175.905289;-2573.332764;92.128883;629.79248;-3072.079834;103.90567;-325.933044;-3023.178711;99.541183;;;;;;
677;0;-321.176453;-2079.640869;94.045441;661.963806;-2104.258789;105.806114;176.171158;-2573.253662;93.15136;629.793518;-3072.133789;105.347946;-325.894012;-3023.325439;100.744904;;;;;;
678;0;-320.879791;-2079.433838;94.818329;662.251221;-2104.262939;106.805168;176.40448;-2573.253662;94.161263;629.841187;-3072.243408;106.842957;-325.853394;-3023.462891;101.730713;;;;;;
679;0;-320.652924;-2079.353271;95.818657;662.34729;-2104.396729;108.083916;176.724045;-2573.131836;95.185349;629.871765;-3072.286133;108.448677;-325.801025;-3023.556641;102.922005;;;;;;
680;0;-320.496124;-2079.302002;96.996094;662.611633;-2104.381592;109.255081;176.810974;-2573.15332;96.401016;629.940918;-3072.353271;109.998825;-325.806793;-3023.70166;104.120705;;;;;;
681;0;-320.250671;-2079.102295;97.837799;662.66687;-2104.641602;110.713028;177.046005;-2573.10498;97.564583;629.994934;-3072.431641;111.60006;-325.818512;-3023.899902;105.327133;;;;;;
682;0;-320.038269;-2078.989014;98.867722;663.532471;-2104.507324;112.088943;177.131134;-2573.11792;98.721573;630.003784;-3072.489014;113.299637;-325.755951;-3024.021973;106.543777;;;;;;
683;0;-319.902344;-2078.79126;99.934944;663.716492;-2104.778809;113.523056;177.415924;-2573.062744;100.033577;630.065186;-3072.547852;115.062103;-325.834747;-3024.220215;107.866127;;;;;;
684;0;-319.634277;-2078.742676;101.028572;663.157471;-2104.914551;114.991257;177.515991;-2573.008789;101.351044;630.127258;-3072.602783;116.834503;-325.895477;-3024.366455;109.191956;;;;;;
685;0;-319.565582;-2078.651123;102.292992;663.578613;-2104.94873;116.2136;177.684738;-2573.049072;102.683487;630.229919;-3072.73877;118.570648;-325.920654;-3024.517578;110.556297;;;;;;
686;0;-319.330475;-2078.4375;103.238487;664.260254;-2105.220459;118.02697;177.925934;-2572.948975;104.023132;630.291504;-3072.79126;120.332611;-325.979431;-3024.710449;111.968323;;;;;;
687;0;-319.240448;-2078.559326;104.687622;664.04657;-2105.284668;119.165428;178.005981;-2572.922607;105.474205;630.309998;-3072.890137;122.214928;-325.921326;-3024.85376;113.300713;;;;;;
688;0;-318.947479;-2078.300781;105.543373;664.230225;-2105.443604;120.826828;178.172195;-2572.911621;106.910103;630.381653;-3072.949707;124.099243;-326.020905;-3025.031738;114.784279;;;;;;
689;0;-318.842285;-2078.25415;106.802544;665.068848;-2105.658203;122.437622;178.387497;-2572.82251;108.438652;630.404907;-3073.017822;126.049232;-326.15094;-3025.222656;116.270874;;;;;;
690;0;-318.706055;-2078.224609;108.153175;665.242676;-2105.763428;123.963806;178.451019;-2572.875244;109.940819;630.470886;-3073.106201;128.046356;-326.266846;-3025.451172;117.905556;;;;;;
691;0;-318.535339;-2078.053711;109.254997;665.309814;-2105.950928;125.814156;178.560928;-2572.892822;111.508217;630.606689;-3073.161377;130.055725;-326.316284;-3025.612061;119.440491;;;;;;
692;0;-318.554077;-2078.062744;110.774078;665.626343;-2106.138428;127.439392;178.855988;-2572.770508;113.027847;630.751038;-3073.131592;132.094711;-326.42157;-3025.791992;121.117813;;;;;;
693;0;-318.325806;-2077.944824;111.962921;665.690491;-2106.315674;129.139481;178.822632;-2572.775391;114.769241;630.802551;-3073.252441;134.199356;-326.570984;-3025.91626;122.774467;;;;;;
694;0;-318.345825;-2077.860352;113.420021;665.33667;-2106.641357;130.792358;179.010223;-2572.739014;116.479866;630.876587;-3073.266357;136.397995;-326.702209;-3026.147461;124.548988;;;;;;
695;0;-318.184998;-2077.775391;114.772362;665.837646;-2106.911865;132.751312;179.04158;-2572.675781;118.164871;631.003052;-3073.318359;138.553268;-326.748627;-3026.282471;126.273796;;;;;;
696;0;-318.289825;-2077.703369;116.18029;666.128418;-2107.047363;134.51944;179.180298;-2572.625977;119.896675;631.080383;-3073.372803;140.769684;-326.914917;-3026.465332;128.078491;;;;;;
697;0;-318.083405;-2077.737793;117.724258;666.188965;-2107.196777;136.309372;179.215958;-2572.591553;121.714378;631.190186;-3073.428223;143.055313;-327.078186;-3026.615967;129.946198;;;;;;
698;0;-318.010254;-2077.605225;119.10778;666.518188;-2107.469238;138.307892;179.290878;-2572.571045;123.530487;631.26593;-3073.447266;145.330505;-327.241486;-3026.793945;131.842377;;;;;;
699;0;-318.131836;-2077.672852;120.832962;666.627441;-2107.813721;140.303696;179.376587;-2572.565918;125.435669;631.382141;-3073.471191;147.716263;-327.384247;-3027.004639;133.752197;;;;;;
700;0;-318.037537;-2077.536133;122.270073;666.682922;-2108.016846;142.227417;179.43013;-2572.532227;127.361717;631.424133;-3073.5;150.154205;-327.582581;-3027.198486;135.817322;;;;;;
701;0;-318.036346;-2077.561035;123.915558;666.799988;-2108.096436;144.594925;179.684265;-2572.355225;129.179504;631.563538;-3073.446533;152.71138;-327.769043;-3027.342285;137.870712;;;;;;
702;0;-317.941498;-2077.415039;125.44912;667.11615;-2108.393311;146.630417;179.609161;-2572.460693;131.348297;631.658203;-3073.491211;155.193954;-327.957306;-3027.522949;139.991272;;;;;;
703;0;-317.988281;-2077.417969;127.24221;666.589661;-2108.651367;148.60733;179.734619;-2572.372803;133.392334;631.733154;-3073.465088;157.688797;-328.094208;-3027.699707;142.164795;;;;;;
704;0;-317.920044;-2077.322998;128.95459;667.254333;-2108.815186;150.999512;179.755051;-2572.31543;135.465424;631.858398;-3073.473145;160.323669;-328.22226;-3027.85498;144.328781;;;;;;
705;0;-317.841522;-2077.240723;130.728027;667.404602;-2109.10083;153.290421;179.76828;-2572.328125;137.605896;631.979614;-3073.460205;162.969177;-328.447906;-3027.950684;146.576553;;;;;;
706;0;-317.958527;-2077.212646;132.476974;667.349365;-2109.207275;155.731354;179.999985;-2572.229736;139.781937;632.066345;-3073.479004;165.636856;-328.666626;-3028.137939;148.90596;;;;;;
707;0;-317.824402;-2077.116211;134.250275;667.558472;-2109.491211;158.055359;179.87616;-2572.168213;142.031403;632.217834;-3073.445557;168.414749;-328.799622;-3028.246582;151.281952;;;;;;
708;0;-317.965851;-2077.165283;136.323669;667.660828;-2109.871338;160.525421;179.970703;-2572.09082;144.260742;632.36377;-3073.445557;171.211029;-329.03363;-3028.431641;153.678345;;;;;;
709;0;-317.940094;-2077.057373;138.072174;667.643555;-2109.962891;163.044098;180.039841;-2572.096436;146.655869;632.447388;-3073.418457;174.099731;-329.225983;-3028.4729;156.167694;;;;;;
710;0;-317.825989;-2077.008057;140.074692;667.159058;-2110.158691;165.417816;179.969513;-2572.040527;149.023071;632.559448;-3073.418945;176.973785;-329.487091;-3028.655273;158.653183;;;;;;
711;0;-317.97171;-2076.933594;142.093094;667.159668;-2110.341797;167.970367;179.907501;-2571.990723;151.43486;632.622253;-3073.402344;179.956131;-329.659637;-3028.744141;161.256073;;;;;;
712;0;-317.817535;-2076.818359;143.981705;667.768311;-2110.449219;170.713211;180.022766;-2571.919189;153.947464;632.727478;-3073.385254;182.939178;-329.856995;-3028.89502;163.847565;;;;;;
713;0;-317.887848;-2076.766357;146.224121;667.985291;-2110.564209;173.332031;180.028595;-2571.832275;156.508026;632.830872;-3073.361572;186.058594;-330.076538;-3028.979736;166.49263;;;;;;
714;0;-317.912994;-2076.797363;148.472778;667.745239;-2110.756104;175.955231;180.0569;-2571.812256;159.059387;632.95874;-3073.303711;189.159561;-330.29306;-3029.131592;169.288345;;;;;;
715;0;-317.785339;-2076.752197;150.624847;667.906433;-2110.809814;178.840927;180.042618;-2571.748047;161.72818;633.067871;-3073.239014;192.423355;-330.468567;-3029.188477;172.086029;;;;;;
716;0;-317.82077;-2076.704346;152.973007;667.947449;-2110.997803;181.625641;180.057877;-2571.640381;164.425079;633.187378;-3073.218018;195.582993;-330.702667;-3029.223877;174.924759;;;;;;
717;0;-317.916229;-2076.799561;155.418579;667.961548;-2111.027588;184.650604;180.031296;-2571.576904;167.177505;633.263977;-3073.174561;198.86676;-330.868195;-3029.311523;177.805618;;;;;;
718;0;-317.847961;-2076.767334;157.797775;668.022522;-2111.216309;187.538757;180.046234;-2571.491943;169.986847;633.340088;-3073.173584;202.195374;-331.063507;-3029.348633;180.779999;;;;;;
719;0;-317.858185;-2076.639893;160.083435;668.024353;-2111.207275;190.705688;180.027496;-2571.492188;172.866974;633.390991;-3073.132812;205.570419;-331.275757;-3029.370117;183.73291;;;;;;
720;0;-317.767059;-2076.573975;162.580856;668.084595;-2111.334717;193.677063;180.132477;-2571.34375;175.756683;633.534363;-3073.061279;209.020294;-331.409576;-3029.421387;186.8004;;;;;;
721;0;-317.701904;-2076.502197;165.078613;668.046204;-2111.313965;196.712296;180.137024;-2571.270996;178.778198;633.649475;-3073.023926;212.519089;-331.496216;-3029.417725;189.954147;;;;;;
722;0;-317.62326;-2076.480469;167.834671;668.02948;-2111.281738;200.022552;179.944229;-2571.237305;181.803604;633.680359;-3072.970947;216.087082;-331.77417;-3029.453613;193.149231;;;;;;
723;0;-317.63681;-2076.411133;170.533981;668.000977;-2111.4021;203.267639;179.839859;-2571.175781;184.880249;633.696167;-3072.973877;219.714905;-331.968353;-3029.456055;196.348419;;;;;;
724;0;-317.550201;-2076.402344;173.254669;667.914978;-2111.427734;206.604294;179.794662;-2571.09668;188.088806;633.84375;-3072.841309;223.350067;-332.125183;-3029.497803;199.615311;;;;;;
725;0;-317.468628;-2076.317871;176.022552;667.794922;-2111.364014;209.902512;179.807419;-2571.012695;191.264603;633.899597;-3072.802734;227.022232;-332.29834;-3029.503906;203.035233;;;;;;
726;0;-317.454651;-2076.299805;178.952957;668.007019;-2111.381104;213.374435;179.835709;-2570.852295;194.54985;634.044861;-3072.726074;230.788452;-332.498535;-3029.470947;206.425995;;;;;;
727;0;-317.353027;-2076.272705;181.80275;667.971008;-2111.366699;216.822632;179.692947;-2570.765869;197.883667;634.075073;-3072.717041;234.572479;-332.575378;-3029.384033;209.821381;;;;;;
728;0;-317.198364;-2076.240234;184.86203;667.676758;-2111.268799;220.155121;179.638535;-2570.677979;201.245285;634.15155;-3072.592773;238.466705;-332.801178;-3029.389893;213.350586;;;;;;
729;0;-317.145599;-2076.145264;187.991241;667.904053;-2111.314209;223.864883;179.59137;-2570.529053;204.696838;634.18988;-3072.544678;242.334946;-332.922638;-3029.313232;216.952393;;;;;;
730;0;-317.060242;-2076.118652;191.100662;667.780334;-2111.15625;227.436066;179.588852;-2570.413086;208.205368;634.278198;-3072.437256;246.240234;-333.117584;-3029.282471;220.612061;;;;;;
731;0;-317.060944;-2076.085938;194.446594;667.652466;-2110.974365;231.004791;179.467331;-2570.327148;211.743744;634.356262;-3072.421387;250.222092;-333.253571;-3029.16333;224.265167;;;;;;
732;0;-316.98938;-2076.030762;197.748337;667.587952;-2110.909668;234.796204;179.427765;-2570.189697;215.382706;634.473022;-3072.328125;254.245911;-333.42337;-3029.166748;227.997345;;;;;;
733;0;-316.926544;-2076.016113;201.085785;667.486755;-2110.75708;238.382309;179.384811;-2570.08252;219.091705;634.533264;-3072.274414;258.340271;-333.526764;-3029.058594;231.743134;;;;;;
734;0;-316.896484;-2075.963135;204.525757;667.454346;-2110.611328;242.214401;179.249756;-2569.951172;222.89566;634.597656;-3072.212646;262.451111;-333.678925;-3029.042725;235.61348;;;;;;
735;0;-316.901672;-2075.905518;207.978531;667.341797;-2110.346436;246.008789;179.21373;-2569.856934;226.75058;634.650696;-3072.139648;266.624451;-333.829498;-3028.932861;239.475983;;;;;;
736;0;-316.777496;-2075.867432;211.422089;667.199707;-2110.289551;249.776947;179.115463;-2569.741211;230.657349;634.695618;-3072.077148;270.760406;-334.018097;-3028.872559;243.440048;;;;;;
737;0;-316.556122;-2075.809326;214.963974;666.958252;-2110.036377;253.635086;178.980637;-2569.646484;234.630188;634.770569;-3072.005859;275.01181;-334.159119;-3028.819092;247.444183;;;;;;
738;0;-316.581116;-2075.848877;218.728455;667.026794;-2109.785156;257.493439;178.856842;-2569.584229;238.65744;634.729187;-3071.887939;279.259918;-334.276245;-3028.709717;251.44487;;;;;;
739;0;-316.389282;-2075.810547;222.343063;666.849304;-2109.533691;261.486206;178.783005;-2569.475342;242.700958;634.822388;-3071.833984;283.562439;-334.474762;-3028.620117;255.522964;;;;;;
740;0;-316.215424;-2075.659424;226.010315;666.714539;-2109.315918;265.457977;178.699707;-2569.300293;246.889099;634.91156;-3071.72583;287.909058;-334.491211;-3028.523438;259.595978;;;;;;
741;0;-316.318237;-2075.729248;230.072342;666.81311;-2109.014648;269.387787;178.586761;-2569.231201;251.134491;634.961121;-3071.664062;292.286804;-334.626099;-3028.435303;263.737854;;;;;;
742;0;-316.016846;-2075.644775;233.721237;666.441467;-2108.667969;273.512878;178.492981;-2569.153564;255.384323;635.026794;-3071.561768;296.691071;-334.78418;-3028.315186;267.955139;;;;;;
743;0;-315.967072;-2075.665527;237.788467;666.253662;-2108.392578;277.556396;178.369202;-2569.04834;259.696075;635.035706;-3071.527832;301.1604;-334.861755;-3028.239502;272.141632;;;;;;
744;0;-315.871552;-2075.567627;241.657532;665.974609;-2108.138184;281.707733;178.294678;-2569.003174;264.100983;635.124878;-3071.408447;305.650665;-335.012238;-3028.061035;276.434052;;;;;;
745;0;-315.860443;-2075.579834;245.730179;665.922546;-2107.662109;285.679321;178.235565;-2568.859375;268.516296;635.163391;-3071.339844;310.172821;-335.125122;-3027.999023;280.780243;;;;;;
746;0;-315.734192;-2075.545654;249.795059;665.662903;-2107.424072;290.035126;178.124786;-2568.751709;272.970459;635.203918;-3071.246338;314.749756;-335.25354;-3027.884033;285.141479;;;;;;
747;0;-315.720428;-2075.51416;253.909088;665.408569;-2107.08252;294.187134;177.994415;-2568.692139;277.451416;635.245483;-3071.162354;319.367615;-335.436676;-3027.761475;289.501831;;;;;;
748;0;-315.631561;-2075.58374;258.09906;665.254211;-2106.64917;298.400238;178.022446;-2568.633545;282.088654;635.311646;-3071.075928;323.934296;-335.572174;-3027.650879;293.921692;;;;;;
749;0;-315.493256;-2075.595215;262.358521;665.149902;-2106.318115;302.737152;177.920258;-2568.496826;286.652222;635.346191;-3070.987549;328.572296;-335.642487;-3027.524902;298.380524;;;;;;
750;0;-315.362762;-2075.473877;266.440521;664.925903;-2105.946289;306.960297;177.853104;-2568.415283;291.328918;635.334473;-3070.867432;333.225922;-335.805817;-3027.421143;302.875824;;;;;;
751;0;-315.313019;-2075.425049;270.862335;664.727356;-2105.544678;311.378967;177.802292;-2568.340576;295.972717;635.4104;-3070.758057;337.924133;-335.876038;-3027.251709;307.369019;;;;;;
752;0;-315.200317;-2075.353516;275.165894;664.550049;-2105.095703;315.604797;177.697815;-2568.356689;300.649963;635.33728;-3070.722412;342.697876;-336.012329;-3027.184082;311.870483;;;;;;
753;0;-315.219208;-2075.385498;279.588623;664.283142;-2104.729248;319.923065;177.650406;-2568.186279;305.363129;635.36145;-3070.589355;347.418396;-336.127838;-3027.003174;316.45929;;;;;;
754;0;-315.060822;-2075.397217;284.198883;664.047424;-2104.406494;324.415222;177.542694;-2568.128418;310.118408;635.41394;-3070.507812;352.16098;-336.246033;-3026.93042;321.057098;;;;;;
755;0;-315.001831;-2075.312988;288.549561;663.959839;-2103.949219;328.760193;177.48819;-2568.069824;314.873627;635.490295;-3070.4375;356.913544;-336.417053;-3026.790527;325.735992;;;;;;
756;0;-314.962341;-2075.353027;293.093811;663.685181;-2103.606201;333.168884;177.467407;-2568.053955;319.689697;635.527344;-3070.339844;361.71402;-336.435974;-3026.676025;330.36322;;;;;;
757;0;-314.960632;-2075.283936;297.661865;663.501892;-2103.254395;337.723083;177.448364;-2567.94873;324.429413;635.528442;-3070.313721;366.5401;-336.587524;-3026.55835;334.980865;;;;;;
758;0;-314.818878;-2075.275635;302.210358;663.247253;-2102.840576;342.19162;177.36908;-2567.81958;329.278992;635.583252;-3070.188721;371.368286;-336.653687;-3026.404297;339.674042;;;;;;
759;0;-314.701294;-2075.205566;306.827271;663.095459;-2102.375244;346.569702;177.30864;-2567.815918;334.045624;635.555298;-3070.109863;376.214447;-336.734253;-3026.31958;344.387909;;;;;;
760;0;-314.636444;-2075.134033;311.449982;662.835938;-2102.046875;351.180939;177.3004;-2567.749268;338.910553;635.614746;-3070.037842;381.001801;-336.894928;-3026.186035;349.106781;;;;;;
761;0;-314.613617;-2075.164795;316.155426;662.555603;-2101.800537;355.869995;177.198746;-2567.673096;343.703857;635.585876;-3069.936279;385.909332;-336.97641;-3026.087891;353.85556;;;;;;
762;0;-314.519318;-2075.142578;320.926941;662.31781;-2101.369141;360.367798;177.169495;-2567.601807;348.598969;635.59436;-3069.860596;390.780457;-337.126556;-3025.95166;358.654449;;;;;;
763;0;-314.593414;-2075.071533;325.594849;662.079651;-2100.965332;364.873962;177.076492;-2567.548584;353.423553;635.628723;-3069.767578;395.680725;-337.211243;-3025.814697;363.428375;;;;;;
764;0;-314.484528;-2075.159668;330.482788;661.880066;-2100.653809;369.546692;177.086639;-2567.470459;358.281036;635.607239;-3069.699707;400.556213;-337.313965;-3025.706787;368.193115;;;;;;
765;0;-314.501068;-2075.178223;335.320953;661.591003;-2100.376709;374.231201;176.986877;-2567.393311;363.169586;635.658997;-3069.602539;405.421814;-337.452606;-3025.565918;373;;;;;;
766;0;-314.44635;-2075.172119;340.039093;661.46875;-2100.074707;378.815887;176.87442;-2567.368896;367.977448;635.609497;-3069.568115;410.34729;-337.477783;-3025.484619;377.807831;;;;;;
767;0;-314.463348;-2075.155273;345.021149;661.288513;-2099.743896;383.28009;176.918732;-2567.296387;372.900482;635.752197;-3069.477783;415.194427;-337.594177;-3025.38916;382.625092;;;;;;
768;0;-314.390045;-2075.11792;349.718048;661.002563;-2099.536133;388.017792;176.856049;-2567.217285;377.792999;635.740967;-3069.415039;420.163055;-337.646729;-3025.284668;387.40387;;;;;;
769;0;-314.358551;-2075.159668;354.676941;660.845764;-2099.306885;392.708374;176.748276;-2567.213379;382.680908;635.713989;-3069.318848;425.020203;-337.752655;-3025.168945;392.26535;;;;;;
770;0;-314.363464;-2075.130859;359.477173;660.627991;-2099.110107;397.333801;176.680008;-2567.187256;387.599182;635.739868;-3069.262939;429.934753;-337.89624;-3025.068359;397.106598;;;;;;
771;0;-314.261871;-2075.085938;364.250275;660.395386;-2098.889648;401.901459;176.562271;-2567.108887;392.459625;635.644226;-3069.177734;434.854645;-337.973907;-3024.937744;401.940582;;;;;;
772;0;-314.431213;-2075.200684;369.437561;660.183838;-2098.646484;406.497406;176.468384;-2567.13208;397.36557;635.757568;-3069.108643;439.779144;-338.109558;-3024.849854;406.774567;;;;;;
773;0;-314.399963;-2075.172607;374.204407;660.063354;-2098.385498;411.084534;176.401627;-2567.109619;402.271332;635.741699;-3069.082764;444.704895;-338.190582;-3024.722168;411.692352;;;;;;
774;0;-314.307098;-2075.169189;379.271484;659.78595;-2098.362793;415.798462;176.33197;-2566.966064;407.141327;635.787537;-3068.954834;449.598938;-338.23642;-3024.614502;416.525818;;;;;;
775;0;-314.252014;-2075.091553;383.986847;659.65863;-2098.217285;420.401764;176.245789;-2566.982178;411.997833;635.79425;-3068.937744;454.475952;-338.306;-3024.544922;421.343536;;;;;;
776;0;-314.221588;-2075.120117;388.994537;659.493652;-2098.118164;424.929749;176.141495;-2566.943604;416.878754;635.806763;-3068.825195;459.341003;-338.413483;-3024.424316;426.195221;;;;;;
777;0;-314.338043;-2075.179688;393.959961;659.401611;-2097.976318;429.350098;176.127609;-2566.905518;421.698181;635.871094;-3068.784912;464.156586;-338.447876;-3024.33667;431.026459;;;;;;
778;0;-314.429657;-2075.204834;399.030884;659.164795;-2097.977783;434.003754;175.971664;-2566.853516;426.548492;635.796875;-3068.73999;469.026337;-338.61734;-3024.270508;435.871582;;;;;;
779;0;-314.485321;-2075.20752;404.03537;659.087463;-2097.866699;438.515533;175.860748;-2566.858887;431.398773;635.847717;-3068.648682;473.857208;-338.665924;-3024.170166;440.737885;;;;;;
780;0;-314.456909;-2075.261475;409.034363;658.899963;-2097.869873;443.142944;175.806747;-2566.825195;436.195435;635.846619;-3068.641113;478.707367;-338.731171;-3024.09082;445.576508;;;;;;
781;0;-314.416595;-2075.174072;413.895447;658.674927;-2097.861084;447.740448;175.639694;-2566.783936;441.048309;635.84491;-3068.539795;483.507812;-338.811432;-3024.050781;450.385925;;;;;;
782;0;-314.443909;-2075.173828;418.829681;658.552368;-2097.868164;452.22171;175.568115;-2566.74707;445.859344;635.851624;-3068.500488;488.312256;-338.896545;-3023.93335;455.259064;;;;;;
783;0;-314.589081;-2075.248047;423.984497;658.385071;-2097.86499;456.78064;175.481354;-2566.742432;450.667999;635.874695;-3068.392822;493.115173;-338.958344;-3023.889404;460.108002;;;;;;
784;0;-314.679443;-2075.353271;428.939728;658.224243;-2097.905762;461.397339;175.212997;-2566.70459;455.451965;635.884155;-3068.364502;497.899048;-339.025177;-3023.806885;464.945038;;;;;;
785;0;-314.661804;-2075.320068;433.932892;658.086731;-2097.942627;465.995605;175.215225;-2566.670898;460.256836;635.920715;-3068.324951;502.681122;-339.007904;-3023.724854;469.734467;;;;;;
786;0;-314.756775;-2075.343262;438.826111;658.061157;-2097.993652;470.520416;175.118195;-2566.690918;464.971283;635.972961;-3068.258057;507.347107;-339.117035;-3023.659912;474.498505;;;;;;
787;0;-314.701447;-2075.313477;443.674438;657.836243;-2098.050781;474.994507;174.909973;-2566.723877;469.732666;635.968628;-3068.180176;512.028137;-339.168793;-3023.644287;479.305298;;;;;;
788;0;-314.805725;-2075.331543;448.532806;657.762695;-2098.079346;479.547577;174.806625;-2566.69873;474.465118;635.989746;-3068.109375;516.743103;-339.22049;-3023.582764;484.076355;;;;;;
789;0;-314.951996;-2075.362793;453.565125;657.603943;-2098.258301;484.167908;174.688934;-2566.631104;479.191833;635.951782;-3068.0625;521.340881;-339.309509;-3023.519775;488.876831;;;;;;
790;0;-315.038605;-2075.388184;458.400513;657.492188;-2098.314941;488.627411;174.44873;-2566.725586;483.881287;635.936462;-3067.996582;526.049805;-339.386749;-3023.453125;493.624237;;;;;;
791;0;-315.076752;-2075.430908;463.389832;657.306885;-2098.443115;493.310303;174.367264;-2566.702637;488.53891;635.977417;-3067.906494;530.610229;-339.470642;-3023.439941;498.345825;;;;;;
792;0;-315.157501;-2075.435303;468.211304;657.219788;-2098.539307;497.810699;174.130951;-2566.532227;493.379395;635.982056;-3067.876953;535.203186;-339.528687;-3023.405273;503.063263;;;;;;
793;0;-315.131165;-2075.415527;473.02356;657.014221;-2098.67627;502.305267;174.070236;-2566.755127;497.829926;636.04187;-3067.791992;539.70874;-339.568207;-3023.346191;507.777405;;;;;;
794;0;-315.358276;-2075.508301;477.980469;656.899841;-2098.804443;506.835571;173.934143;-2566.739014;502.446899;635.994934;-3067.747803;544.236938;-339.693817;-3023.287842;512.422607;;;;;;
795;0;-315.459778;-2075.662598;482.894287;656.776001;-2098.981201;511.42514;173.772095;-2566.700439;507.139679;636.022766;-3067.692383;548.725586;-339.732758;-3023.264893;517.087708;;;;;;
796;0;-315.546814;-2075.64624;487.665161;656.670898;-2099.181396;515.903992;173.669144;-2566.761475;511.652344;636.020081;-3067.616943;553.186279;-339.799133;-3023.21582;521.732178;;;;;;
797;0;-315.625671;-2075.689209;492.434174;656.525024;-2099.32373;520.336914;173.586121;-2566.925293;516.140503;636.079895;-3067.55542;557.621155;-339.806091;-3023.200195;526.337036;;;;;;
798;0;-315.678162;-2075.67041;497.136353;656.358582;-2099.442139;524.683167;173.203674;-2566.89624;520.748779;636.019653;-3067.47998;561.973694;-339.891876;-3023.149902;530.894409;;;;;;
799;0;-315.824493;-2075.814453;502.031799;656.303711;-2099.637939;529.106018;173.171021;-2566.892822;525.20105;636.050232;-3067.418457;566.318726;-339.953094;-3023.169678;535.461243;;;;;;
800;0;-316.068573;-2075.819824;506.783966;656.077576;-2099.879395;533.592529;173.025497;-2566.946045;529.736694;636.015442;-3067.404541;570.655029;-340.076111;-3023.191895;539.996643;;;;;;
801;0;-316.090149;-2075.919922;511.46524;655.883667;-2100.034424;537.978149;172.691849;-2566.955811;534.18927;636.030823;-3067.3125;574.939453;-340.079865;-3023.184814;544.437195;;;;;;
802;0;-316.247284;-2075.924072;516.20575;655.86499;-2100.194336;542.209656;172.4879;-2567.085205;538.542847;636.093628;-3067.30542;579.192627;-340.07193;-3023.160889;548.901062;;;;;;
803;0;-316.349396;-2076.000488;520.921143;655.665161;-2100.409424;546.537842;172.415863;-2567.155273;542.912354;636.104004;-3067.177979;583.427673;-340.172882;-3023.187744;553.368713;;;;;;
804;0;-316.449371;-2076.060303;525.588562;655.541443;-2100.596436;550.792053;172.163208;-2567.079102;547.45343;636.115173;-3067.119385;587.612915;-340.247162;-3023.197266;557.804199;;;;;;
805;0;-316.602234;-2076.151123;530.184875;655.443298;-2100.913086;555.073975;172.002899;-2567.209229;551.674622;636.135498;-3067.033447;591.776855;-340.308533;-3023.229736;562.143494;;;;;;
806;0;-316.811951;-2076.26123;534.924072;655.242615;-2101.202148;559.198242;171.841125;-2567.3479;556.011658;636.091248;-3066.990479;595.853149;-340.365906;-3023.203125;566.532227;;;;;;
807;0;-317.01532;-2076.261719;539.50708;655.208618;-2101.359619;563.295959;171.607147;-2567.43335;560.238037;636.095337;-3066.906006;599.976196;-340.412842;-3023.21167;570.873291;;;;;;
808;0;-317.120239;-2076.333984;544.04834;655.017578;-2101.688965;567.445801;171.33728;-2567.487793;564.52301;636.103516;-3066.913574;604.013733;-340.552582;-3023.260742;575.192139;;;;;;
809;0;-317.188293;-2076.343018;548.527466;654.980469;-2101.936523;571.410828;171.071289;-2567.504395;568.820068;636.073303;-3066.804688;607.989746;-340.549133;-3023.29126;579.449158;;;;;;
810;0;-317.398376;-2076.465332;553.090637;654.76355;-2102.26709;575.498901;170.866669;-2567.644043;572.94104;636.035522;-3066.798828;611.97467;-340.665649;-3023.271973;583.645691;;;;;;
811;0;-317.588715;-2076.560547;557.546875;654.662292;-2102.57373;579.394531;170.67128;-2567.690918;577.058777;636.036011;-3066.726318;615.874695;-340.717194;-3023.348145;587.824097;;;;;;
812;0;-317.807922;-2076.639648;562.016479;654.591736;-2102.803955;583.232971;170.594208;-2567.805908;581.118286;636.069275;-3066.666748;619.721802;-340.792694;-3023.388184;591.942322;;;;;;
813;0;-317.832886;-2076.679443;566.319763;654.486633;-2103.205811;587.142334;170.317215;-2567.824463;585.199219;636.025757;-3066.608154;623.547546;-340.796448;-3023.403809;596.016418;;;;;;
814;0;-318.101532;-2076.750732;570.692322;654.328064;-2103.540771;590.890747;170.038742;-2567.930176;589.240967;636.034424;-3066.551514;627.359619;-340.898285;-3023.479736;600.109314;;;;;;
815;0;-318.217407;-2076.886719;575.098999;654.246277;-2103.915039;594.694763;169.878952;-2568.061523;593.222778;636.023132;-3066.505127;631.122437;-341.019592;-3023.567627;604.177246;;;;;;
816;0;-318.408234;-2076.987061;579.368286;654.135315;-2104.269531;598.369568;169.643311;-2568.132568;597.172363;636.054382;-3066.453369;634.824219;-341.033813;-3023.589355;608.169861;;;;;;
817;0;-318.556244;-2077.016602;583.582947;654.077515;-2104.618408;602.008118;169.361633;-2568.198242;601.087158;636.022461;-3066.371826;638.486267;-341.101044;-3023.611572;612.132812;;;;;;
818;0;-318.717316;-2077.095703;587.812927;653.982727;-2105.057617;605.702087;169.144852;-2568.254395;604.94928;636.013489;-3066.319824;642.095337;-341.23584;-3023.653076;616.060364;;;;;;
819;0;-318.955414;-2077.184082;592.079529;653.858154;-2105.480225;609.283325;168.936905;-2568.364258;608.774231;635.953979;-3066.319092;645.699646;-341.277832;-3023.736572;619.942993;;;;;;
820;0;-319.102905;-2077.224609;596.07019;653.814392;-2105.94043;612.868408;168.694046;-2568.416504;612.599792;635.976013;-3066.238525;649.18457;-341.347534;-3023.737305;623.76355;;;;;;
821;0;-319.316437;-2077.356201;600.240234;653.854553;-2106.320312;616.326965;168.499237;-2568.534668;616.333618;635.943298;-3066.228516;652.722412;-341.419037;-3023.810791;627.555054;;;;;;
822;0;-319.500458;-2077.443115;604.208618;653.731018;-2106.819336;619.725098;168.271133;-2568.676758;619.99292;635.956177;-3066.139893;656.194214;-341.502563;-3023.881348;631.339233;;;;;;
823;0;-319.715363;-2077.541992;608.263855;653.739441;-2107.32666;623.123474;168.013718;-2568.718262;623.692932;635.946899;-3066.05835;659.565308;-341.5867;-3023.927979;635.077454;;;;;;
824;0;-319.774414;-2077.602051;612.129028;653.754944;-2107.834717;626.397583;167.82666;-2568.841309;627.252747;635.901306;-3066.053467;662.897339;-341.686157;-3023.984619;638.709412;;;;;;
825;0;-320.064087;-2077.707031;616.049622;653.704163;-2108.281494;629.601196;167.554382;-2568.970703;630.767517;635.915466;-3065.993652;666.183716;-341.781494;-3024.042969;642.299988;;;;;;
826;0;-320.24939;-2077.769287;619.826904;653.753296;-2108.824707;632.929138;167.37825;-2568.960693;634.271973;635.876892;-3065.982422;669.462158;-341.832947;-3024.120117;645.846985;;;;;;
827;0;-320.495483;-2077.911865;623.728699;653.685059;-2109.294922;636.054382;167.125107;-2569.099854;637.791992;635.877808;-3065.975342;672.703735;-341.904053;-3024.149414;649.422729;;;;;;
828;0;-320.66925;-2077.927002;627.537964;653.777832;-2109.81665;639.181396;166.901321;-2569.195801;641.199219;635.889282;-3065.909912;675.866821;-341.999512;-3024.246094;652.910278;;;;;;
829;0;-320.76358;-2077.97583;631.128601;653.795105;-2110.333984;642.226379;166.626083;-2569.246582;644.567993;635.84198;-3065.859619;678.947083;-342.014099;-3024.305176;656.324585;;;;;;
830;0;-320.976318;-2078.051025;634.791443;653.790466;-2110.848145;645.282654;166.436462;-2569.311035;647.906067;635.85083;-3065.802979;682.042053;-342.066986;-3024.360596;659.716553;;;;;;
831;0;-321.276489;-2078.212402;638.49585;653.889832;-2111.279053;648.125916;166.196945;-2569.424316;651.201416;635.823853;-3065.725098;685.041626;-342.215881;-3024.442383;663.038391;;;;;;
832;0;-321.517822;-2078.294434;642.147827;653.892273;-2111.918701;651.110779;165.942688;-2569.522217;654.412292;635.825134;-3065.726807;687.972961;-342.315186;-3024.453369;666.312561;;;;;;
833;0;-321.68515;-2078.393799;645.611389;653.943665;-2112.34375;653.980591;165.693573;-2569.57373;657.585999;635.781494;-3065.710938;690.902222;-342.343719;-3024.540527;669.569336;;;;;;
834;0;-321.904785;-2078.544678;649.212524;653.958984;-2112.933105;656.79425;165.440186;-2569.748047;660.736572;635.760376;-3065.6521;693.766907;-342.437775;-3024.56543;672.732361;;;;;;
835;0;-322.009064;-2078.548096;652.473755;654.106689;-2113.388428;659.506287;165.261154;-2569.807861;663.810059;635.749756;-3065.664795;696.586853;-342.497559;-3024.631104;675.87677;;;;;;
836;0;-322.235565;-2078.650635;655.885193;654.135498;-2113.90332;662.256592;164.984787;-2569.937988;666.809448;635.721436;-3065.619385;699.320435;-342.62915;-3024.687256;679.009094;;;;;;
837;0;-322.474823;-2078.785889;659.264587;654.221497;-2114.384766;664.960327;164.740982;-2570.006836;669.813293;635.684631;-3065.536621;702.032593;-342.655426;-3024.736816;681.977722;;;;;;
838;0;-322.752014;-2078.882812;662.650452;654.229553;-2115.004883;667.749573;164.496429;-2570.110596;672.715149;635.641052;-3065.554443;704.713745;-342.753113;-3024.834961;684.943909;;;;;;
839;0;-322.923981;-2078.987061;665.901001;654.432495;-2115.428711;670.298401;164.277267;-2570.190186;675.620544;635.626038;-3065.562988;707.278809;-342.784668;-3024.848877;687.924988;;;;;;
840;0;-323.120361;-2079.042236;669.04657;654.540344;-2115.993408;672.986145;164.035278;-2570.257568;678.419739;635.609375;-3065.519043;709.844299;-342.861023;-3024.938965;690.787598;;;;;;
841;0;-323.279846;-2079.130615;672.144104;654.60675;-2116.522217;675.531067;163.810852;-2570.365234;681.227966;635.589905;-3065.531494;712.349854;-342.925659;-3025.008301;693.614563;;;;;;
842;0;-323.520477;-2079.241943;675.217285;654.769104;-2116.958984;677.890747;163.554337;-2570.485596;683.909241;635.569031;-3065.525635;714.786987;-343.031067;-3025.075439;696.418091;;;;;;
843;0;-323.710724;-2079.381836;678.286011;654.889893;-2117.518311;680.399902;163.284622;-2570.61792;686.533081;635.558533;-3065.450684;717.172119;-343.114868;-3025.15918;699.14093;;;;;;
844;0;-323.953491;-2079.491455;681.216675;655.029358;-2118.050049;682.811401;163.07843;-2570.712646;689.203247;635.525818;-3065.452148;719.512817;-343.194641;-3025.203613;701.864868;;;;;;
845;0;-324.105072;-2079.556152;684.141724;655.142944;-2118.573975;685.223999;162.791031;-2570.833496;691.806458;635.511353;-3065.435547;721.824951;-343.163635;-3025.238281;704.488831;;;;;;
846;0;-324.354156;-2079.711426;687.150696;655.276855;-2119.022217;687.547485;162.599213;-2570.901367;694.374023;635.525635;-3065.420166;724.018066;-343.296783;-3025.290039;707.013062;;;;;;
847;0;-324.575592;-2079.816895;690.018433;655.420288;-2119.51001;689.880371;162.349808;-2571.011719;696.857788;635.472839;-3065.460205;726.241821;-343.314667;-3025.309082;709.605286;;;;;;
848;0;-324.749176;-2079.917725;692.764587;655.531921;-2119.986816;692.214233;162.081085;-2571.119141;699.333496;635.423157;-3065.426514;728.38147;-343.392792;-3025.430176;712.073547;;;;;;
849;0;-325.047607;-2080.004883;695.471497;655.669495;-2120.485596;694.456116;161.866821;-2571.214355;701.682617;635.435791;-3065.401123;730.390747;-343.500854;-3025.472412;714.480408;;;;;;
850;0;-325.170654;-2080.074463;698.101013;655.799194;-2120.976562;696.643555;161.615112;-2571.313477;704.062256;635.390869;-3065.39209;732.398132;-343.576172;-3025.515137;716.840759;;;;;;
851;0;-325.332123;-2080.182129;700.703735;655.989807;-2121.45166;698.921509;161.445343;-2571.422607;706.394287;635.394165;-3065.384766;734.429932;-343.559082;-3025.531738;719.177429;;;;;;
852;0;-325.551514;-2080.280762;703.276184;656.106689;-2121.986084;701.032898;161.14035;-2571.564209;708.637024;635.378235;-3065.394043;736.369507;-343.596527;-3025.592529;721.47229;;;;;;
853;0;-325.786041;-2080.469971;705.765564;656.245605;-2122.578125;703.206787;160.900375;-2571.614258;710.851074;635.327026;-3065.404785;738.238342;-343.698456;-3025.643311;723.717468;;;;;;
854;0;-326.00769;-2080.593262;708.329224;656.329285;-2123.003662;705.320374;160.629807;-2571.80542;713.021118;635.281006;-3065.393066;740.067993;-343.750641;-3025.740723;725.890503;;;;;;
855;0;-326.250793;-2080.781982;710.822693;656.5849;-2123.490479;707.339844;160.409821;-2571.845459;715.174561;635.264282;-3065.396973;741.867554;-343.774231;-3025.751465;727.976624;;;;;;
856;0;-326.475464;-2080.888672;713.199829;656.744812;-2124.033203;709.421021;160.174011;-2571.964844;717.269409;635.268372;-3065.425049;743.615479;-343.819702;-3025.8125;730.058105;;;;;;
857;0;-326.580444;-2080.985107;715.533997;656.914062;-2124.398438;711.354004;159.938461;-2572.092529;719.305176;635.231201;-3065.390625;745.331482;-343.907043;-3025.863525;732.106689;;;;;;
858;0;-326.899841;-2081.104248;717.85321;657.045166;-2124.90918;713.351929;159.706848;-2572.133545;721.291748;635.234009;-3065.37915;746.971558;-343.991486;-3025.87915;734.121094;;;;;;
859;0;-327.075226;-2081.263916;720.138245;657.244385;-2125.375244;715.259766;159.438873;-2572.272461;723.26947;635.195496;-3065.433838;748.593628;-343.968567;-3025.918945;735.989136;;;;;;
860;0;-327.330841;-2081.443359;722.392334;657.436035;-2125.790283;717.126892;159.218948;-2572.293213;725.151489;635.155762;-3065.428955;750.156189;-344.053986;-3026.001465;737.878723;;;;;;
861;0;-327.534119;-2081.576172;724.477905;657.559509;-2126.284668;719.113342;158.984604;-2572.492188;727.006165;635.127686;-3065.420654;751.708923;-344.115631;-3026.016113;739.702148;;;;;;
862;0;-327.785522;-2081.734863;726.530701;657.769165;-2126.755615;720.873413;158.752609;-2572.608887;728.852356;635.134888;-3065.425537;753.137024;-344.194031;-3026.058105;741.531128;;;;;;
863;0;-328.012939;-2081.875;728.654236;657.899353;-2127.219238;722.702026;158.505966;-2572.697266;730.591919;635.113708;-3065.434326;754.626465;-344.15274;-3026.097656;743.208313;;;;;;
864;0;-328.100769;-2082.018311;730.608887;658.062134;-2127.56958;724.414978;158.326965;-2572.81958;732.3526;635.067932;-3065.43335;756.059387;-344.26004;-3026.128662;744.925598;;;;;;
865;0;-328.39563;-2082.162109;732.570435;658.218689;-2128.033203;726.21283;158.089081;-2572.906738;734.054138;635.000916;-3065.454102;757.40033;-344.307098;-3026.162354;746.635559;;;;;;
866;0;-328.655884;-2082.378662;734.65033;658.320129;-2128.432617;727.943909;157.873001;-2573.010498;735.785217;635.031494;-3065.425293;758.808472;-344.292877;-3026.190186;748.227295;;;;;;
867;0;-328.871948;-2082.573975;736.643921;658.488953;-2128.814209;729.690125;157.680847;-2573.097656;737.454834;634.993347;-3065.428223;760.10376;-344.281372;-3026.200928;749.764404;;;;;;
868;0;-329.107239;-2082.69751;738.428284;658.647827;-2129.174072;731.255127;157.456696;-2573.189209;738.99585;634.989807;-3065.408936;761.418945;-344.320374;-3026.242188;751.284119;;;;;;
869;0;-329.369598;-2082.843506;740.169678;658.714722;-2129.566162;732.894165;157.225281;-2573.310059;740.581482;635.01416;-3065.429688;762.652161;-344.410004;-3026.276123;752.762085;;;;;;
870;0;-329.526581;-2083.041504;742.027954;658.832825;-2129.984619;734.551636;157.029449;-2573.388916;742.08313;634.942444;-3065.471191;763.836853;-344.462982;-3026.270752;754.221924;;;;;;
871;0;-329.782928;-2083.216309;743.646545;659.022766;-2130.28418;735.995728;156.784302;-2573.553223;743.598511;634.889465;-3065.489014;765.025879;-344.510254;-3026.272461;755.599243;;;;;;
872;0;-330.053406;-2083.439209;745.395325;659.093811;-2130.610107;737.510803;156.637741;-2573.600342;745.04364;634.905457;-3065.485596;766.203674;-344.546814;-3026.334473;757.019226;;;;;;
873;0;-330.326721;-2083.566406;747.005127;659.209656;-2131.057373;739.165466;156.350937;-2573.750244;746.482483;634.866333;-3065.494629;767.320557;-344.536591;-3026.343994;758.356323;;;;;;
874;0;-330.645111;-2083.787842;748.686157;659.339233;-2131.349121;740.641174;156.210495;-2573.783936;747.895569;634.868225;-3065.477295;768.42334;-344.554108;-3026.37085;759.649658;;;;;;
875;0;-330.829102;-2083.958984;750.240295;659.422791;-2131.601562;741.981262;156.007431;-2573.937744;749.222412;634.864258;-3065.49585;769.516479;-344.593567;-3026.38208;760.873169;;;;;;
876;0;-331.061188;-2084.099121;751.766235;659.432739;-2131.994873;743.474243;155.806824;-2574.019043;750.588501;634.819458;-3065.513672;770.524048;-344.621735;-3026.407715;762.10675;;;;;;
877;0;-331.251923;-2084.223389;753.214539;659.529968;-2132.283936;744.871338;155.634201;-2574.084717;751.8526;634.84021;-3065.549561;771.537659;-344.645874;-3026.42749;763.325806;;;;;;
878;0;-331.637756;-2084.464355;754.751343;659.612244;-2132.580566;746.251526;155.416519;-2574.226074;753.06012;634.797485;-3065.587158;772.53595;-344.65094;-3026.433838;764.506226;;;;;;
879;0;-331.831512;-2084.634521;756.114197;659.697998;-2132.937988;747.612061;155.259674;-2574.247314;754.252563;634.764526;-3065.57959;773.522278;-344.621643;-3026.432861;765.58551;;;;;;
880;0;-332.165588;-2084.887695;757.567688;659.69104;-2133.175537;748.934814;155.096405;-2574.421143;755.407959;634.759644;-3065.587402;774.418945;-344.662781;-3026.472412;766.72998;;;;;;
881;0;-332.349243;-2085.015625;758.870361;659.770203;-2133.452148;750.239685;154.926437;-2574.503906;756.525574;634.722229;-3065.604736;775.333191;-344.689087;-3026.481201;767.781555;;;;;;
882;0;-332.663239;-2085.225586;760.161926;659.808167;-2133.790283;751.501953;154.72963;-2574.587158;757.636108;634.674866;-3065.628662;776.250244;-344.789215;-3026.504883;768.835999;;;;;;
883;0;-332.958252;-2085.479004;761.532532;659.80011;-2134.003418;752.749451;154.543732;-2574.726807;758.643372;634.639221;-3065.666504;777.126892;-344.799316;-3026.499023;769.883362;;;;;;
884;0;-333.149994;-2085.651611;762.726685;659.856079;-2134.268555;754.034729;154.372253;-2574.746582;759.672485;634.661072;-3065.660889;777.97876;-344.752625;-3026.497314;770.862366;;;;;;
885;0;-333.543518;-2085.897949;763.989624;659.972107;-2134.480225;755.142395;154.230103;-2574.884766;760.697754;634.65509;-3065.729248;778.807922;-344.853973;-3026.523438;771.873596;;;;;;
886;0;-333.75531;-2086.009521;765.113892;659.980286;-2134.575439;756.189636;154.106918;-2574.933594;761.668152;634.635986;-3065.78833;779.664246;-344.769257;-3026.52124;772.789246;;;;;;
887;0;-334.09668;-2086.237549;766.313599;660.001282;-2134.869385;757.386536;153.952209;-2575.023438;762.577026;634.649841;-3065.805908;780.424194;-344.846863;-3026.551758;773.719116;;;;;;
888;0;-334.341827;-2086.466064;767.504517;660.021057;-2135.039551;758.385742;153.863693;-2575.098389;763.45575;634.59729;-3065.823486;781.206665;-344.852295;-3026.576416;774.627686;;;;;;
889;0;-334.592529;-2086.672363;768.458313;660.052063;-2135.208984;759.434143;153.673523;-2575.172119;764.303833;634.588806;-3065.874023;781.967224;-344.87381;-3026.586914;775.499084;;;;;;
890;0;-334.89032;-2086.853516;769.482239;660.054565;-2135.454346;760.437561;153.565689;-2575.286377;765.145447;634.556458;-3065.878906;782.698914;-344.900116;-3026.568115;776.356567;;;;;;
891;0;-335.213806;-2087.093018;770.520935;660.004822;-2135.684082;761.411133;153.448792;-2575.316162;765.941223;634.584534;-3065.903076;783.436523;-344.902954;-3026.54834;777.161011;;;;;;
892;0;-335.517731;-2087.263916;771.449829;660.078857;-2135.763184;762.335815;153.264542;-2575.490479;766.706604;634.562256;-3065.924316;784.143921;-344.957458;-3026.549072;778.0224;;;;;;
893;0;-335.781555;-2087.537109;772.463989;660.101562;-2135.921875;763.184875;153.247375;-2575.518799;767.506348;634.533691;-3065.996094;784.860168;-344.936096;-3026.590332;778.837524;;;;;;
894;0;-336.195862;-2087.716553;773.343689;660.11731;-2136.047607;764.115662;153.022446;-2575.595703;768.230896;634.501404;-3066.060059;785.499573;-344.960541;-3026.612305;779.588623;;;;;;
895;0;-336.382111;-2087.905029;774.215698;660.145081;-2136.090332;764.845276;153.002747;-2575.655029;768.91272;634.495728;-3066.075928;786.186768;-344.937744;-3026.588379;780.352112;;;;;;
896;0;-336.692566;-2088.109131;775.060669;660.157654;-2136.233887;765.690979;152.841995;-2575.691406;769.608765;634.477112;-3066.145264;786.855896;-345.03598;-3026.551758;781.114685;;;;;;
897;0;-337.019989;-2088.332031;775.949524;660.142944;-2136.369873;766.483704;152.728928;-2575.841309;770.259827;634.5224;-3066.174072;787.498962;-344.994232;-3026.572754;781.797058;;;;;;
898;0;-337.412933;-2088.52832;776.690125;660.21582;-2136.450684;767.196899;152.654053;-2575.781738;770.856995;634.466919;-3066.241455;788.109924;-344.977142;-3026.567383;782.507568;;;;;;
899;0;-337.687164;-2088.763672;777.478455;660.197632;-2136.556152;767.824219;152.527496;-2575.940918;771.41272;634.492737;-3066.26416;788.742249;-344.99646;-3026.596191;783.1745;;;;;;
900;0;-338.020203;-2089.036621;778.304382;660.230774;-2136.669189;768.589355;152.505569;-2575.916016;771.914917;634.445068;-3066.351562;789.288452;-345.074677;-3026.604492;783.816589;;;;;;
901;0;-338.370789;-2089.248779;779.009155;660.246094;-2136.746338;769.214417;152.379745;-2576.02002;772.427856;634.375671;-3066.395508;789.883911;-345.062897;-3026.646973;784.484375;;;;;;
902;0;-338.654907;-2089.498535;779.771667;660.304871;-2136.811523;769.779419;152.350464;-2576.115967;772.97644;634.408325;-3066.441406;790.494019;-345.047791;-3026.645996;785.120911;;;;;;
903;0;-338.89447;-2089.667725;780.364563;660.265808;-2136.842041;770.369141;152.207062;-2576.088135;773.424805;634.391663;-3066.479248;791.070007;-345.045532;-3026.672119;785.735168;;;;;;
904;0;-339.212433;-2089.890869;781.085205;660.34082;-2136.887939;770.972534;152.226395;-2576.217773;773.839844;634.338867;-3066.532227;791.600586;-345.059143;-3026.684814;786.30957;;;;;;
905;0;-339.594543;-2090.141113;781.752747;660.420349;-2136.966553;771.5448;152.175858;-2576.14624;774.22522;634.340698;-3066.581299;792.158997;-345.054169;-3026.664551;786.885437;;;;;;
906;0;-339.900055;-2090.318604;782.375488;660.427185;-2136.933594;772.014771;152.045883;-2576.221191;774.631226;634.286377;-3066.658447;792.649902;-345.109528;-3026.679199;787.437683;;;;;;
907;0;-340.230743;-2090.529785;782.885925;660.49469;-2136.959229;772.500366;152.156982;-2576.21875;774.953186;634.285522;-3066.721191;793.142944;-345.152802;-3026.690674;787.921692;;;;;;
908;0;-340.52124;-2090.72998;783.483826;660.542664;-2137.05249;773.048462;151.977844;-2576.249756;775.313049;634.281128;-3066.762207;793.666321;-345.125519;-3026.695557;788.422729;;;;;;
909;0;-340.836823;-2090.937988;784.029663;660.558838;-2136.967773;773.417847;152.063049;-2576.319824;775.624023;634.246277;-3066.825195;794.161804;-345.137207;-3026.69873;788.948792;;;;;;
910;0;-341.18161;-2091.143066;784.593811;660.606995;-2137.026855;773.903931;151.988922;-2576.31958;775.93335;634.237793;-3066.874268;794.642334;-345.127655;-3026.765869;789.418396;;;;;;
911;0;-341.535767;-2091.38501;785.109497;660.668457;-2137.075439;774.303833;151.957474;-2576.412354;776.175171;634.209839;-3066.930908;795.122681;-345.146881;-3026.782959;789.886536;;;;;;
912;0;-341.871002;-2091.589355;785.574951;660.64978;-2137.178955;774.703247;152.021942;-2576.407227;776.447876;634.135742;-3066.955811;795.559021;-345.168182;-3026.798584;790.325195;;;;;;
913;0;-342.213165;-2091.824951;786.088318;660.828186;-2137.043945;775.129517;151.934586;-2576.412354;776.710693;634.150085;-3067.001465;796.047363;-345.196503;-3026.836426;790.76825;;;;;;
914;0;-342.572357;-2091.988281;786.587463;660.881958;-2137.005859;775.44635;151.947723;-2576.474365;776.989441;634.135681;-3067.031006;796.495667;-345.16925;-3026.853027;791.199768;;;;;;
915;0;-342.850525;-2092.131348;787.046021;661.039307;-2136.971436;775.90802;151.980835;-2576.422363;777.209229;634.15332;-3067.082764;796.908264;-345.152008;-3026.850342;791.601807;;;;;;
916;0;-343.131531;-2092.361084;787.49884;661.07843;-2136.935059;776.22998;151.95845;-2576.452393;777.465027;634.11908;-3067.099121;797.298096;-345.181854;-3026.869385;791.965881;;;;;;
917;0;-343.478943;-2092.544189;787.955505;661.228882;-2136.847168;776.536987;152.051849;-2576.497803;777.685852;634.071655;-3067.119629;797.68634;-345.211761;-3026.908936;792.334229;;;;;;
918;0;-343.86322;-2092.767334;788.307129;661.366882;-2136.780029;776.840332;152.056595;-2576.418945;777.950989;634.002319;-3067.193848;798.031189;-345.220856;-3026.936523;792.728882;;;;;;
919;0;-344.171509;-2092.917969;788.67981;661.36145;-2136.9375;777.185425;152.067001;-2576.513672;778.148926;633.959717;-3067.247803;798.404602;-345.199707;-3026.953857;793.059204;;;;;;
920;0;-344.630554;-2093.136963;789.116699;661.52063;-2136.822998;777.562012;152.177048;-2576.500488;778.353638;633.942932;-3067.254883;798.765564;-345.31189;-3026.999756;793.421082;;;;;;
921;0;-344.93573;-2093.300293;789.541687;661.708435;-2136.651367;777.944702;152.191101;-2576.467529;778.600647;633.910095;-3067.281738;799.104431;-345.31604;-3027.077148;793.710327;;;;;;
922;0;-345.157745;-2093.459717;789.831726;661.915039;-2136.556396;778.246399;152.286957;-2576.60498;778.833191;633.913635;-3067.290771;799.412781;-345.310883;-3027.09375;794.022827;;;;;;
923;0;-345.448486;-2093.595459;790.209045;662.054688;-2136.453369;778.577759;152.379745;-2576.488525;779.035522;633.880859;-3067.312744;799.718201;-345.331451;-3027.111328;794.344055;;;;;;
924;0;-345.846161;-2093.825684;790.620972;662.2099;-2136.288818;778.886475;152.381119;-2576.499756;779.227966;633.789917;-3067.317383;800.05365;-345.317535;-3027.140381;794.63324;;;;;;
925;0;-346.2276;-2093.943359;790.963623;662.425964;-2136.150146;779.241455;152.47319;-2576.556396;779.472168;633.756775;-3067.326904;800.292053;-345.339203;-3027.17749;794.929138;;;;;;
926;0;-346.569916;-2094.084473;791.245422;662.559509;-2136.065674;779.582397;152.509552;-2576.496094;779.666504;633.689941;-3067.379883;800.563538;-345.351654;-3027.208252;795.156555;;;;;;
927;0;-346.915375;-2094.227051;791.549683;662.726196;-2135.959473;779.996582;152.608704;-2576.483154;779.857361;633.684143;-3067.396729;800.822144;-345.364075;-3027.270264;795.389709;;;;;;
928;0;-347.186493;-2094.357178;791.877991;662.875671;-2135.821533;780.384399;152.73764;-2576.535156;780.036072;633.667603;-3067.418213;801.047668;-345.352661;-3027.294434;795.621704;;;;;;
929;0;-347.534241;-2094.53125;792.237671;663.11499;-2135.639404;780.66449;152.777054;-2576.487549;780.24585;633.612976;-3067.410645;801.286743;-345.395416;-3027.340332;795.857666;;;;;;
930;0;-347.841492;-2094.645264;792.482849;663.282776;-2135.58667;781.061035;152.905945;-2576.469727;780.406494;633.573364;-3067.434326;801.485657;-345.406555;-3027.381592;796.072266;;;;;;
931;0;-348.191681;-2094.761475;792.727905;663.484985;-2135.377441;781.447815;153.007736;-2576.506104;780.618225;633.497314;-3067.449707;801.680176;-345.453186;-3027.422363;796.344116;;;;;;
932;0;-348.435303;-2094.882812;792.996704;663.576599;-2135.357422;781.896667;153.113052;-2576.477539;780.837524;633.445251;-3067.426514;801.86377;-345.46933;-3027.467041;796.551636;;;;;;
933;0;-348.826141;-2095.059082;793.34491;663.731201;-2135.291748;782.259827;153.206848;-2576.426025;781.077393;633.439148;-3067.404053;802.025513;-345.429535;-3027.530518;796.7547;;;;;;
934;0;-349.090912;-2095.138428;793.621887;664.109558;-2134.869385;782.674438;153.325089;-2576.438477;781.301453;633.417114;-3067.366211;802.214417;-345.434937;-3027.552734;796.940552;;;;;;
935;0;-349.493042;-2095.204346;793.904114;664.279053;-2134.659912;783.046509;153.414734;-2576.360596;781.553162;633.357788;-3067.352295;802.377136;-345.467133;-3027.617188;797.158997;;;;;;
936;0;-349.721069;-2095.311523;794.170715;664.528442;-2134.417236;783.328308;153.569412;-2576.308838;781.768677;633.299622;-3067.359619;802.522034;-345.534454;-3027.682861;797.334106;;;;;;
937;0;-350.118408;-2095.43335;794.441406;664.726624;-2134.239502;783.831177;153.746262;-2576.321777;782.011902;633.268372;-3067.327393;802.656311;-345.560059;-3027.730225;797.512756;;;;;;
938;0;-350.26886;-2095.450439;794.62616;664.918213;-2134.086914;784.221924;153.877899;-2576.280762;782.223145;633.206482;-3067.325195;802.759888;-345.524536;-3027.795898;797.669312;;;;;;
939;0;-350.588287;-2095.515869;794.801697;665.11084;-2133.831299;784.544861;153.990524;-2576.208008;782.448853;633.132324;-3067.337646;802.885498;-345.576416;-3027.854736;797.825378;;;;;;
940;0;-350.891357;-2095.578613;795.029907;665.282532;-2133.656006;784.927429;154.142975;-2576.185791;782.702209;633.103271;-3067.290771;802.96283;-345.488434;-3027.896484;798.034241;;;;;;
941;0;-351.220093;-2095.591309;795.21283;665.404907;-2133.549072;785.397888;154.304108;-2576.13916;782.96698;633.078796;-3067.287598;803.083557;-345.538239;-3027.960205;798.183716;;;;;;
942;0;-351.515625;-2095.649414;795.460022;665.658386;-2133.211182;785.798401;154.411133;-2576.074463;783.314575;632.979492;-3067.26709;803.211731;-345.602417;-3028.036377;798.388672;;;;;;
943;0;-351.808838;-2095.70874;795.727966;665.851562;-2133.006348;786.262878;154.606186;-2576.031494;783.584961;632.983032;-3067.269043;803.28241;-345.639038;-3028.058838;798.582336;;;;;;
944;0;-352.084595;-2095.725098;795.974487;666.080383;-2132.756592;786.677917;154.688751;-2575.974854;783.892822;632.917114;-3067.210449;803.391785;-345.611633;-3028.129395;798.734558;;;;;;
945;0;-352.454895;-2095.70459;796.152161;666.167297;-2132.657715;787.1073;154.837692;-2575.913818;784.162476;632.84198;-3067.165771;803.476318;-345.632111;-3028.192871;798.888916;;;;;;
946;0;-352.593262;-2095.723877;796.348694;666.39624;-2132.308594;787.496582;155.088959;-2575.872559;784.478516;632.828613;-3067.123291;803.532898;-345.704285;-3028.280518;799.052246;;;;;;
947;0;-352.872559;-2095.681152;796.558472;666.582275;-2132.04126;787.838684;155.162674;-2575.808594;784.756348;632.772949;-3067.112793;803.569458;-345.60788;-3028.334717;799.125977;;;;;;
948;0;-353.0755;-2095.661865;796.736572;666.760864;-2131.787109;788.271912;155.323395;-2575.777832;785.076416;632.722107;-3067.093506;803.651123;-345.658112;-3028.417236;799.305176;;;;;;
949;0;-353.366119;-2095.655762;796.905151;666.854187;-2131.668701;788.680908;155.505814;-2575.719971;785.419495;632.638306;-3067.047607;803.72406;-345.718811;-3028.484375;799.427185;;;;;;
950;0;-353.597351;-2095.679199;797.159424;667.02417;-2131.435547;789.098389;155.594971;-2575.686035;785.739319;632.618835;-3066.989502;803.740173;-345.701172;-3028.537842;799.570618;;;;;;
951;0;-353.881592;-2095.66748;797.335693;667.045959;-2131.249023;789.438782;155.772614;-2575.611816;786.084412;632.50824;-3066.988525;803.838074;-345.683167;-3028.61084;799.719482;;;;;;
952;0;-354.119965;-2095.631104;797.590149;667.257935;-2130.922363;789.904419;155.994492;-2575.536621;786.388733;632.498718;-3066.937256;803.87146;-345.711914;-3028.671631;799.855103;;;;;;
953;0;-354.374084;-2095.55249;797.733276;667.39209;-2130.693604;790.235046;156.092651;-2575.483154;786.714417;632.468567;-3066.92334;803.909546;-345.700378;-3028.724121;799.985107;;;;;;
954;0;-354.558929;-2095.432373;797.925171;667.546936;-2130.354004;790.669983;156.21843;-2575.408691;787.058838;632.477173;-3066.860107;803.97644;-345.7117;-3028.801514;800.135193;;;;;;
955;0;-354.849731;-2095.392822;798.077332;667.818726;-2129.858154;790.980042;156.38858;-2575.322754;787.424805;632.399231;-3066.851562;804.00354;-345.745819;-3028.895996;800.250488;;;;;;
956;0;-355;-2095.306885;798.238586;667.835327;-2129.857422;791.371582;156.541489;-2575.297607;787.688721;632.33606;-3066.84082;804.028687;-345.753448;-3028.937988;800.397034;;;;;;
957;0;-355.292633;-2095.248779;798.399902;667.979004;-2129.488281;791.66864;156.737808;-2575.231934;788.012268;632.289185;-3066.812988;804.047119;-345.765198;-3029.027588;800.514709;;;;;;
958;0;-355.445374;-2095.10791;798.549805;667.939026;-2129.269043;791.943298;156.84848;-2575.176025;788.284973;632.227295;-3066.774658;804.091431;-345.802216;-3029.106934;800.633057;;;;;;
959;0;-355.710114;-2095.016846;798.72113;668.135986;-2129.023193;792.279968;156.977188;-2575.148926;788.582092;632.224731;-3066.721191;804.091797;-345.809296;-3029.174805;800.781738;;;;;;
960;0;-355.941315;-2094.949707;798.97113;668.19458;-2128.781982;792.632812;157.194;-2575.048584;788.854553;632.183472;-3066.713867;804.144775;-345.802795;-3029.271729;800.864807;;;;;;
961;0;-356.041962;-2094.772949;799.002258;668.349121;-2128.342285;792.893005;157.28244;-2575.007324;789.116394;632.126953;-3066.706543;804.166809;-345.796967;-3029.369873;800.991455;;;;;;
962;0;-356.193207;-2094.618652;799.187012;668.371277;-2128.151855;793.185425;157.517075;-2574.989014;789.396851;632.066101;-3066.69043;804.17334;-345.803833;-3029.444824;801.124084;;;;;;
963;0;-356.371033;-2094.467285;799.345276;668.479675;-2127.862061;793.487;157.637802;-2574.854736;789.689697;632.04071;-3066.666504;804.177002;-345.811249;-3029.547119;801.253906;;;;;;
964;0;-356.548431;-2094.333984;799.544189;668.557251;-2127.477051;793.740479;157.76265;-2574.874268;789.909729;632.000488;-3066.650391;804.199158;-345.814606;-3029.642822;801.359985;;;;;;
965;0;-356.750946;-2094.213135;799.679565;668.617065;-2127.242188;793.943604;158.007278;-2574.760742;790.119141;631.921326;-3066.67334;804.179932;-345.803619;-3029.71582;801.484497;;;;;;
966;0;-356.886627;-2094.038574;799.836792;668.733948;-2126.866211;794.137146;158.082016;-2574.716309;790.28186;631.905151;-3066.665527;804.137329;-345.828827;-3029.82666;801.600037;;;;;;
967;0;-357.095734;-2093.895508;800.007019;668.754089;-2126.580811;794.359497;158.290329;-2574.745605;790.459534;631.831238;-3066.673584;804.134277;-345.849426;-3029.953857;801.716553;;;;;;
968;0;-357.225677;-2093.717529;800.177368;668.935913;-2126.124268;794.533936;158.441895;-2574.621582;790.594482;631.808716;-3066.666016;804.106384;-345.869629;-3030.023438;801.823792;;;;;;
969;0;-357.39621;-2093.552979;800.325012;668.792297;-2125.954834;794.630859;158.514465;-2574.692139;790.764771;631.780334;-3066.684082;804.06134;-345.833191;-3030.116943;801.958069;;;;;;
970;0;-357.512299;-2093.377686;800.518188;668.85498;-2125.662842;794.799194;158.814423;-2574.609863;790.864624;631.72168;-3066.703369;804.030762;-345.8685;-3030.228271;802.09436;;;;;;
971;0;-357.716431;-2093.227051;800.674866;668.893066;-2125.387207;794.952026;158.800629;-2574.579834;790.971069;631.686829;-3066.699951;803.97821;-345.862183;-3030.330322;802.212891;;;;;;
972;0;-357.852051;-2093.001709;800.903381;668.840271;-2125.095215;795.124084;159.059937;-2574.595703;791.0755;631.613892;-3066.729004;803.886536;-345.827667;-3030.412354;802.336853;;;;;;
973;0;-358.015381;-2092.85376;801.054749;668.823242;-2124.790771;795.328735;159.169983;-2574.525146;791.129883;631.525818;-3066.750732;803.790161;-345.844299;-3030.536133;802.468811;;;;;;
974;0;-358.129517;-2092.616699;801.265747;668.839783;-2124.514404;795.442261;159.252029;-2574.62085;791.164429;631.481201;-3066.79248;803.709045;-345.839203;-3030.657959;802.592529;;;;;;
975;0;-358.410156;-2092.463867;801.442749;668.794067;-2124.209717;795.583374;159.461365;-2574.577148;791.180908;631.42865;-3066.854248;803.585083;-345.896271;-3030.76123;802.765564;;;;;;
976;0;-358.515259;-2092.254639;801.687622;668.730652;-2123.932373;795.721802;159.517105;-2574.605469;791.171692;631.385254;-3066.881348;803.464172;-345.876678;-3030.929688;802.838806;;;;;;
977;0;-358.658478;-2091.981445;801.672363;668.712646;-2123.674805;795.869141;159.688614;-2574.686279;791.106018;631.317566;-3066.98999;803.310425;-345.956818;-3031.046387;802.971436;;;;;;
978;0;-358.770691;-2091.82959;801.968079;668.69281;-2123.413818;796.027771;159.8703;-2574.629395;791.066711;631.239502;-3067.052246;803.16803;-345.956085;-3031.188965;803.087952;;;;;;
979;0;-358.944641;-2091.620117;802.111938;668.675781;-2123.015381;796.124573;159.906021;-2574.765137;790.978516;631.162903;-3067.133057;803.03894;-345.982849;-3031.338379;803.212341;;;;;;
980;0;-359.045044;-2091.35083;802.147644;668.626648;-2122.693604;796.286255;160.076813;-2574.815674;790.919312;631.089111;-3067.181152;802.896851;-346.036713;-3031.463867;803.367004;;;;;;
981;0;-359.208527;-2091.054932;802.216187;668.443665;-2122.614014;796.435974;160.178268;-2574.837402;790.854187;631.073181;-3067.269775;802.719482;-346.032776;-3031.564209;803.477783;;;;;;
982;0;-359.318115;-2090.803467;802.349915;668.396545;-2122.282471;796.585327;160.236008;-2574.979492;790.730896;630.930847;-3067.386475;802.554871;-346.053802;-3031.713135;803.623657;;;;;;
983;0;-359.447052;-2090.550537;802.454407;668.336792;-2122.022949;796.793823;160.430878;-2574.972656;790.624634;630.870361;-3067.452148;802.349731;-346.124878;-3031.883301;803.781433;;;;;;
984;0;-359.560516;-2090.29541;802.559082;668.290527;-2121.721191;796.921326;160.538132;-2575.059814;790.468262;630.759888;-3067.523926;802.170044;-346.116089;-3032.032471;803.917725;;;;;;
985;0;-359.732727;-2089.998291;802.622925;668.083008;-2121.556885;797.1073;160.584778;-2575.216064;790.319092;630.647278;-3067.637939;801.963745;-346.145813;-3032.204346;804.051208;;;;;;
986;0;-359.864868;-2089.719482;802.678162;668.007446;-2121.317627;797.247498;160.763306;-2575.244629;790.16748;630.578491;-3067.744385;801.720398;-346.205536;-3032.367188;804.190857;;;;;;
987;0;-360.021423;-2089.430664;802.739014;667.906128;-2121.135986;797.387573;160.7565;-2575.413574;789.974731;630.480957;-3067.874756;801.516907;-346.24353;-3032.513184;804.310242;;;;;;
988;0;-360.156036;-2089.149414;802.774414;667.789673;-2120.961182;797.569946;160.835785;-2575.557129;789.809998;630.388611;-3068.000488;801.26709;-346.272583;-3032.658203;804.432495;;;;;;
989;0;-360.33313;-2088.846924;802.841064;667.624146;-2120.803711;797.678894;160.976471;-2575.593018;789.633179;630.207031;-3068.177246;801.027893;-346.347382;-3032.847412;804.562805;;;;;;
990;0;-360.454132;-2088.562012;802.86145;667.550293;-2120.627197;797.830627;160.963074;-2575.815186;789.468689;630.141113;-3068.304932;800.779663;-346.373383;-3033.022949;804.712524;;;;;;
991;0;-360.612854;-2088.265381;802.860962;667.500183;-2120.356689;798.02179;161.045242;-2575.930908;789.29187;629.942566;-3068.487305;800.510315;-346.50235;-3033.199463;804.882263;;;;;;
992;0;-360.725616;-2087.974365;802.88855;667.319153;-2120.193604;798.104248;161.094131;-2576.039795;789.096008;629.820618;-3068.630371;800.236389;-346.573334;-3033.377441;805.021484;;;;;;
993;0;-360.888153;-2087.713379;802.897522;667.124939;-2120.092529;798.203735;161.043472;-2576.220947;788.963379;629.637634;-3068.812988;799.902649;-346.648071;-3033.560791;805.163391;;;;;;
994;0;-361.028473;-2087.378418;802.824829;666.989136;-2120.05127;798.231812;161.085571;-2576.376221;788.778015;629.482605;-3069.006348;799.58606;-346.755554;-3033.743652;805.301392;;;;;;
995;0;-361.280487;-2087.117432;802.870239;666.901123;-2119.869629;798.387024;161.112701;-2576.511963;788.593811;629.298096;-3069.209229;799.2771;-346.829834;-3033.96167;805.461243;;;;;;
996;0;-361.345459;-2086.829834;802.758057;666.738403;-2119.767578;798.460938;161.094788;-2576.677734;788.462158;629.143738;-3069.379639;798.971802;-346.955292;-3034.165527;805.653015;;;;;;
997;0;-361.521057;-2086.55127;802.709473;666.59021;-2119.620361;798.486694;161.082016;-2576.866699;788.329895;628.936707;-3069.609375;798.611511;-347.046448;-3034.398682;805.80072;;;;;;
998;0;-361.644684;-2086.209717;802.627014;666.548767;-2119.521484;798.606873;161.09256;-2577.005127;788.202454;628.714233;-3069.805176;798.20697;-347.150604;-3034.594482;805.993286;;;;;;
999;0;-361.831635;-2085.944092;802.546204;666.395508;-2119.46582;798.691467;161.058914;-2577.166748;788.144836;628.525696;-3070.067627;797.875977;-347.323212;-3034.813965;806.172791;;;;;;
1000;0;-361.991394;-2085.669189;802.540527;666.275269;-2119.399902;798.718689;161.031433;-2577.306885;788.097778;628.335022;-3070.322021;797.478699;-347.454285;-3035.054932;806.347107;;;;;;
1001;0;-362.172577;-2085.387451;802.418091;666.153503;-2119.350098;798.714966;160.970108;-2577.490234;788.051514;628.12854;-3070.589111;797.084778;-347.608093;-3035.291992;806.566406;;;;;;
1002;0;-362.446503;-2085.182617;802.514954;665.995056;-2119.352295;798.75647;160.887924;-2577.680664;788.067444;627.842224;-3070.872803;796.679871;-347.763214;-3035.542725;806.770081;;;;;;
1003;0;-362.652374;-2084.925293;802.429749;665.868896;-2119.311523;798.753967;160.86412;-2577.812256;788.062988;627.547546;-3071.166504;796.237244;-347.993866;-3035.785645;806.984802;;;;;;
1004;0;-362.781464;-2084.637207;802.24939;665.734314;-2119.286133;798.748779;160.716705;-2578.049072;788.05249;627.298157;-3071.48877;795.770874;-348.185547;-3036.024902;807.216187;;;;;;
1005;0;-362.964417;-2084.347412;802.070374;665.591858;-2119.348877;798.808411;160.701523;-2578.181641;788.08197;627.037415;-3071.748535;795.311584;-348.372314;-3036.309326;807.469299;;;;;;
1006;0;-363.18689;-2084.037842;801.919617;665.493042;-2119.310059;798.819214;160.5522;-2578.289307;788.134583;626.766235;-3072.057617;794.799744;-348.599121;-3036.569092;807.675903;;;;;;
1007;0;-363.392944;-2083.795654;801.759827;665.313782;-2119.385498;798.85968;160.37677;-2578.524902;788.174927;626.431152;-3072.427002;794.264221;-348.834839;-3036.806152;807.962585;;;;;;
1008;0;-363.600159;-2083.492188;801.604675;665.251892;-2119.347168;798.89386;160.262466;-2578.637451;788.262817;626.128174;-3072.790771;793.700745;-349.099487;-3037.119141;808.247498;;;;;;
1009;0;-363.828644;-2083.231201;801.418457;665.152649;-2119.312012;798.94458;160.054184;-2578.823486;788.399231;625.775024;-3073.153564;793.216797;-349.399841;-3037.424316;808.5354;;;;;;
1010;0;-364.110565;-2082.919189;801.268311;665.060364;-2119.301758;798.858398;159.876205;-2579.020996;788.507996;625.426575;-3073.516357;792.630249;-349.635498;-3037.70459;808.8349;;;;;;
1011;0;-364.383911;-2082.624023;801.032043;665.006165;-2119.291016;798.920959;159.686935;-2579.190674;788.622742;625.110901;-3073.891602;792.008606;-349.938171;-3038.066406;809.161987;;;;;;
1012;0;-364.614502;-2082.29126;800.8125;664.872986;-2119.400879;799.069458;159.46347;-2579.352051;788.726196;624.713623;-3074.311279;791.399231;-350.22345;-3038.406982;809.495483;;;;;;
1013;0;-364.917938;-2082.112549;800.671753;664.710144;-2119.442383;799.142029;159.211853;-2579.498779;788.846924;624.309814;-3074.712646;790.717407;-350.516815;-3038.691162;809.825928;;;;;;
1014;0;-365.240173;-2081.805176;800.466797;664.654419;-2119.45459;799.19519;158.988251;-2579.647217;788.978638;623.871704;-3075.144775;790.020325;-350.966522;-3039.076416;810.221985;;;;;;
1015;0;-365.610413;-2081.564697;800.225586;664.564026;-2119.51416;799.363647;158.622269;-2579.808594;789.161621;623.431274;-3075.605469;789.407654;-351.399963;-3039.409668;810.617859;;;;;;
1016;0;-365.876343;-2081.241455;799.981934;664.444397;-2119.539795;799.580811;158.364944;-2579.92749;789.345398;622.9729;-3076.119141;788.653015;-351.745667;-3039.753662;810.981628;;;;;;
1017;0;-366.284637;-2080.927002;799.683594;664.334045;-2119.612061;799.797058;158.076782;-2580.066406;789.516052;622.490601;-3076.609375;787.896973;-352.162079;-3040.177246;811.377258;;;;;;
1018;0;-366.624817;-2080.623291;799.366028;664.305176;-2119.603516;800.005188;157.664963;-2580.221191;789.727356;622.03595;-3077.067871;787.13446;-352.604248;-3040.514404;811.821289;;;;;;
1019;0;-367.029266;-2080.325684;799.068176;664.193604;-2119.784668;800.230652;157.282883;-2580.325195;789.905823;621.50647;-3077.608398;786.3255;-353.072296;-3040.923584;812.254883;;;;;;
1020;0;-367.355927;-2080.018311;798.692383;664.082153;-2119.946289;800.44342;156.906296;-2580.458252;790.086792;620.982178;-3078.118896;785.483032;-353.538208;-3041.334229;812.721802;;;;;;
1021;0;-367.866119;-2079.666016;798.372681;664.002869;-2119.961426;800.680908;156.444885;-2580.585938;790.32196;620.403625;-3078.645264;784.637878;-354.000916;-3041.709473;813.188171;;;;;;
1022;0;-368.199127;-2079.363281;797.999878;663.873901;-2120.09082;800.991394;156.061508;-2580.666504;790.499939;619.815918;-3079.236328;783.786194;-354.549377;-3042.145752;813.68866;;;;;;
1023;0;-368.596741;-2078.947266;797.665405;663.837585;-2120.224121;801.265686;155.489868;-2580.825684;790.71991;619.216614;-3079.789795;782.821594;-355.085175;-3042.566406;814.23645;;;;;;
1024;0;-369.103943;-2078.658936;797.281006;663.780396;-2120.485107;801.612793;155.053009;-2580.939941;790.93988;618.610046;-3080.404785;781.879028;-355.62738;-3043.009766;814.751648;;;;;;
1025;0;-369.544403;-2078.240234;796.853149;663.736267;-2120.571289;801.917419;154.488495;-2580.975098;791.152527;617.93573;-3081.04834;780.893311;-356.16153;-3043.483398;815.298889;;;;;;
1026;0;-370.181396;-2077.864746;796.440552;663.693481;-2120.720459;802.105408;153.851669;-2581.121094;791.357361;617.265076;-3081.683838;779.879761;-356.787079;-3043.977783;815.888184;;;;;;
1027;0;-370.685791;-2077.604736;796.209473;663.720703;-2120.796631;802.469299;153.346329;-2581.122559;791.57428;616.537964;-3082.339111;778.884766;-357.416351;-3044.443848;816.486267;;;;;;
1028;0;-371.303406;-2077.116943;795.580444;663.594421;-2121.125732;802.712769;152.697495;-2581.261963;791.751831;615.863586;-3082.977051;777.849304;-358.09137;-3044.959717;817.093323;;;;;;
1029;0;-371.799713;-2076.744873;795.121338;663.723938;-2121.180664;803.042175;152.019821;-2581.318359;791.983765;615.089172;-3083.660645;776.768616;-358.736664;-3045.481934;817.737366;;;;;;
1030;0;-372.413513;-2076.276855;794.603271;663.60437;-2121.512207;803.295471;151.345566;-2581.332275;792.150635;614.343018;-3084.361816;775.654724;-359.436096;-3046.029541;818.424377;;;;;;
1031;0;-373.005615;-2075.874756;794.090088;663.633423;-2121.741455;803.576965;150.649658;-2581.487061;792.352051;613.579712;-3085.077881;774.501953;-360.142792;-3046.578613;819.079224;;;;;;
1032;0;-373.653198;-2075.385498;793.628113;663.654724;-2121.910645;803.869141;149.970657;-2581.489746;792.501038;612.740967;-3085.835205;773.356506;-360.956238;-3047.124268;819.767029;;;;;;
1033;0;-374.378448;-2074.996338;792.978271;663.643433;-2122.115967;804.207031;149.184204;-2581.578613;792.653625;611.885437;-3086.580566;772.180237;-361.749146;-3047.666504;820.544067;;;;;;
1034;0;-375.083527;-2074.522949;792.498901;663.83667;-2122.137695;804.440247;148.458466;-2581.634277;792.7724;611.000549;-3087.410156;770.932129;-362.548431;-3048.273926;821.271301;;;;;;
1035;0;-375.941284;-2074.113525;791.889954;663.712463;-2122.449463;804.742798;147.660614;-2581.662354;792.879333;610.054993;-3088.188965;769.701538;-363.390594;-3048.890869;822.050781;;;;;;
1036;0;-376.683014;-2073.631348;791.266907;663.64386;-2122.771973;805.074158;146.858536;-2581.803711;792.958679;609.154053;-3088.969482;768.414062;-364.189819;-3049.545654;822.839844;;;;;;
1037;0;-377.507843;-2073.063477;790.568359;663.708374;-2123.030762;805.445129;146.021484;-2581.719971;793.013916;608.237122;-3089.815674;767.14624;-365.102264;-3050.207764;823.636414;;;;;;
1038;0;-378.352173;-2072.60498;789.946228;663.606995;-2123.318115;805.817932;145.102509;-2581.94043;793.046997;607.237244;-3090.684082;765.796875;-365.968567;-3050.817627;824.430725;;;;;;
1039;0;-379.297913;-2072.099121;789.276978;663.624512;-2123.512939;806.152405;144.284149;-2581.878174;793.07312;606.197998;-3091.569336;764.468506;-366.931122;-3051.539307;825.327271;;;;;;
1040;0;-380.262573;-2071.583252;788.598267;663.565979;-2123.73999;806.57605;143.255386;-2582.040771;793.078125;605.212769;-3092.44165;763.086182;-367.85611;-3052.252686;826.169373;;;;;;
1041;0;-381.232117;-2071.047363;788.004395;663.593933;-2123.999512;807.045471;142.465469;-2582.042236;792.990173;604.144958;-3093.356689;761.719055;-368.855469;-3052.949951;827.092957;;;;;;
1042;0;-382.234344;-2070.468994;787.21167;663.660217;-2124.092529;807.562134;141.352051;-2582.173096;792.884827;603.058899;-3094.288818;760.281494;-369.864624;-3053.702393;827.980042;;;;;;
1043;0;-383.267548;-2069.94043;786.479553;663.565735;-2124.323486;808.059082;140.472076;-2582.256592;792.768433;601.904358;-3095.260254;758.826355;-370.854462;-3054.460205;828.892334;;;;;;
1044;0;-384.5112;-2069.495361;785.99176;663.548889;-2124.601074;808.592407;139.433228;-2582.291016;792.621155;600.800049;-3096.197021;757.409424;-371.872314;-3055.251709;829.866821;;;;;;
1045;0;-385.570923;-2068.871094;785.113098;663.505859;-2124.760254;809.142456;138.334137;-2582.450439;792.507874;599.635376;-3097.168457;755.927429;-373.006958;-3056.081787;830.859863;;;;;;
1046;0;-386.719818;-2068.323486;784.389343;663.505066;-2124.886475;809.755737;137.35994;-2582.462158;792.323181;598.455261;-3098.171143;754.415283;-374.124329;-3056.891846;831.866638;;;;;;
1047;0;-388.100647;-2067.800293;783.73175;663.519226;-2125.132568;810.475647;136.182602;-2582.609863;792.046631;597.24054;-3099.229004;752.898499;-375.197296;-3057.747314;832.837646;;;;;;
1048;0;-389.350281;-2067.29126;782.90863;663.329468;-2125.253174;811.099304;135.128265;-2582.650879;791.866211;595.915466;-3100.321289;751.331909;-376.375763;-3058.611572;833.865112;;;;;;
1049;0;-390.619293;-2066.731934;782.183777;663.368835;-2125.296387;811.835144;133.973572;-2582.717285;791.543518;594.667786;-3101.351807;749.785339;-377.535492;-3059.506592;834.911804;;;;;;
1050;0;-392.073761;-2066.21582;781.472046;663.316406;-2125.462402;812.591003;132.855545;-2582.837891;791.283691;593.39978;-3102.424072;748.202332;-378.77298;-3060.439941;835.989929;;;;;;
1051;0;-393.49939;-2065.645264;780.617126;663.164917;-2125.5354;813.287476;131.697464;-2582.85498;790.971741;591.99469;-3103.541016;746.580872;-379.985626;-3061.373291;837.093445;;;;;;
1052;0;-394.873474;-2065.15918;779.878174;663.070984;-2125.632812;814.029907;130.424835;-2582.996338;790.619141;590.617798;-3104.633301;744.952026;-381.260254;-3062.312256;838.179626;;;;;;
1053;0;-396.474426;-2064.5979;779.006531;663.009216;-2125.633789;814.826477;129.270401;-2583.07373;790.249756;589.202515;-3105.799072;743.2854;-382.57547;-3063.30127;839.31665;;;;;;
1054;0;-398.026245;-2064.030029;778.166748;662.871521;-2125.723389;815.661926;127.942459;-2583.220703;789.855042;587.782715;-3106.95752;741.574768;-383.782562;-3064.298096;840.421631;;;;;;
1055;0;-399.595093;-2063.578369;777.30304;662.79657;-2125.63501;816.403748;126.698959;-2583.291748;789.451599;586.286682;-3108.125488;739.885498;-385.139771;-3065.324951;841.576294;;;;;;
1056;0;-401.177979;-2062.939209;776.40094;662.633667;-2125.727051;817.249573;125.423851;-2583.452393;789.029663;584.805115;-3109.311768;738.160461;-386.446014;-3066.330322;842.771301;;;;;;
1057;0;-402.949829;-2062.477783;775.566467;662.485168;-2125.665527;818.073242;124.074776;-2583.578613;788.62262;583.266479;-3110.535156;736.452148;-387.812775;-3067.452393;843.988098;;;;;;
1058;0;-404.637939;-2062.000977;774.626099;662.343567;-2125.515625;818.837036;122.743889;-2583.745361;788.155884;581.682617;-3111.836182;734.671265;-389.260437;-3068.557373;845.245422;;;;;;
1059;0;-406.321991;-2061.453613;773.670898;662.15686;-2125.511719;819.681091;121.410339;-2583.874268;787.683655;580.162415;-3113.068359;732.884705;-390.580994;-3069.669922;846.448914;;;;;;
1060;0;-408.141754;-2060.875;772.668579;661.965088;-2125.393311;820.456909;120.062027;-2584.053711;787.240784;578.53125;-3114.308838;731.100952;-392.044128;-3070.80542;847.688293;;;;;;
1061;0;-410.003235;-2060.425537;771.702576;661.7771;-2125.303223;821.247498;118.661575;-2584.215576;786.707458;576.878784;-3115.612305;729.283264;-393.479034;-3071.955566;848.952881;;;;;;
1062;0;-411.90155;-2059.905518;770.656372;661.611938;-2125.081543;822.082703;117.312256;-2584.415527;786.243713;575.196411;-3116.898438;727.425049;-394.912354;-3073.166016;850.181396;;;;;;
1063;0;-413.800354;-2059.531982;769.637878;661.445068;-2124.889404;822.915344;115.88356;-2584.668945;785.72998;573.465698;-3118.195557;725.610718;-396.422211;-3074.390137;851.496277;;;;;;
1064;0;-415.728973;-2058.945801;768.463745;661.204956;-2124.727783;823.70105;114.441185;-2584.862793;785.192505;571.716248;-3119.517334;723.765808;-397.957123;-3075.607178;852.814453;;;;;;
1065;0;-417.858337;-2058.507812;767.323914;660.933899;-2124.55835;824.395447;113.082024;-2585.109619;784.653992;570.00061;-3120.885254;721.851135;-399.503204;-3076.837402;854.131897;;;;;;
1066;0;-419.899323;-2058.048828;766.109802;660.744629;-2124.339355;825.285461;111.579201;-2585.366699;784.0849;568.211731;-3122.228027;719.998291;-401.03598;-3078.14917;855.458557;;;;;;
1067;0;-421.983337;-2057.64624;764.869202;660.511047;-2124.07959;826.013733;110.166092;-2585.636475;783.5224;566.422119;-3123.621582;718.127075;-402.592926;-3079.421875;856.818298;;;;;;
1068;0;-424.113251;-2057.141357;763.586182;660.296692;-2123.834717;826.774536;108.702637;-2585.936035;783.001282;564.585876;-3125.030762;716.229675;-404.138214;-3080.726318;858.211548;;;;;;
1069;0;-426.303986;-2056.696533;762.173645;660.059631;-2123.502441;827.506165;107.224121;-2586.267334;782.474243;562.660278;-3126.443604;714.321899;-405.791595;-3082.096191;859.662598;;;;;;
1070;0;-428.612854;-2056.358154;760.809692;659.800964;-2123.285645;828.285706;105.760735;-2586.565918;781.935425;560.775085;-3127.863281;712.377075;-407.387817;-3083.440186;861.05835;;;;;;
1071;0;-430.788757;-2055.904541;759.419189;659.51825;-2123.006592;829.005188;104.282051;-2586.936768;781.337585;558.774902;-3129.313232;710.46167;-408.962708;-3084.775879;862.475098;;;;;;
1072;0;-433.102783;-2055.422119;757.839478;659.271118;-2122.598389;829.624695;102.731888;-2587.314453;780.785034;556.857849;-3130.775879;708.518555;-410.660004;-3086.207031;863.891968;;;;;;
1073;0;-435.420471;-2054.999023;756.293945;659.052734;-2122.235596;830.236877;101.261024;-2587.670166;780.221619;554.849487;-3132.227051;706.54248;-412.312531;-3087.592773;865.329224;;;;;;
1074;0;-437.641785;-2054.563232;754.667725;658.702087;-2121.929688;830.97113;99.753204;-2588.149902;779.61792;552.831909;-3133.676758;704.57959;-413.982452;-3089.08667;866.781982;;;;;;
1075;0;-440.051117;-2054.161377;753.154785;658.48291;-2121.54248;831.629639;98.2845;-2588.553955;779.074707;550.817688;-3135.165039;702.674438;-415.808685;-3090.530273;868.268982;;;;;;
1076;0;-442.462036;-2053.717285;751.537598;658.172607;-2121.161377;832.268433;96.760376;-2588.952393;778.54364;548.688477;-3136.717285;700.687744;-417.440338;-3091.99585;869.730591;;;;;;
1077;0;-444.911743;-2053.262939;749.894043;657.911743;-2120.641113;832.823181;95.160225;-2589.409912;777.983032;546.604492;-3138.216553;698.71521;-419.252502;-3093.470459;871.199707;;;;;;
1078;0;-447.40509;-2052.840088;748.275879;657.586853;-2120.334961;833.475281;93.743729;-2589.840088;777.483215;544.476379;-3139.763428;696.694885;-420.957367;-3094.983887;872.700989;;;;;;
1079;0;-449.978241;-2052.478271;746.672607;657.413452;-2119.61499;834.146423;92.113937;-2590.327148;776.970093;542.293091;-3141.305664;694.710144;-422.67865;-3096.516602;874.191284;;;;;;
1080;0;-452.555756;-2052.022949;744.971741;657.018311;-2119.29126;834.682495;90.593361;-2590.786865;776.478149;540.117432;-3142.835693;692.707336;-424.515137;-3098.064697;875.722351;;;;;;
1081;0;-455.168884;-2051.655762;743.323303;656.702881;-2118.867676;835.361694;89.035194;-2591.237061;776.014099;537.885559;-3144.381592;690.729553;-426.26239;-3099.559326;877.212769;;;;;;
1082;0;-457.797363;-2051.246338;741.600281;656.356262;-2118.320068;835.908325;87.46772;-2591.790039;775.510193;535.687073;-3145.915771;688.741638;-428.15567;-3101.177002;878.739685;;;;;;
1083;0;-460.571075;-2050.88916;739.964844;655.98938;-2117.831055;836.441467;85.937393;-2592.240479;775.095947;533.436401;-3147.513916;686.749329;-429.984344;-3102.797852;880.246277;;;;;;
1084;0;-463.342285;-2050.489746;738.298035;655.62677;-2117.371338;837.006836;84.236053;-2592.869141;774.690308;531.224426;-3149.098389;684.72821;-431.782776;-3104.371582;881.72168;;;;;;
1085;0;-466.103241;-2050.042725;736.473022;655.258484;-2116.874268;837.627686;82.696091;-2593.338379;774.313293;528.930542;-3150.641113;682.709656;-433.599487;-3105.97583;883.257629;;;;;;
1086;0;-468.928497;-2049.650146;734.770142;654.958862;-2116.383057;838.255981;81.034729;-2593.814941;773.945251;526.605347;-3152.227295;680.705505;-435.438965;-3107.60376;884.838684;;;;;;
1087;0;-471.745453;-2049.337402;733.147278;654.527283;-2115.853271;838.770813;79.383629;-2594.361084;773.693176;524.22522;-3153.798584;678.708923;-437.363007;-3109.230469;886.366211;;;;;;
1088;0;-474.579071;-2048.917236;731.467957;654.193665;-2115.237793;839.303894;77.760117;-2594.853271;773.411499;521.842773;-3155.395996;676.716064;-439.195679;-3110.914551;887.871765;;;;;;
1089;0;-477.600677;-2048.543213;729.939758;653.823547;-2114.69873;839.796753;76.094025;-2595.364502;773.119507;519.506348;-3157.045166;674.712585;-440.897247;-3112.534668;889.284851;;;;;;
1090;0;-480.505676;-2048.124512;728.144775;653.375366;-2114.115967;840.252319;74.500572;-2595.853516;772.888672;517.076782;-3158.63916;672.671082;-443.020264;-3114.222656;890.909546;;;;;;
1091;0;-483.4534;-2047.758545;726.513;653.030945;-2113.440674;840.747986;72.814941;-2596.421875;772.666443;514.704102;-3160.253906;670.694641;-444.912903;-3115.908936;892.486145;;;;;;
1092;0;-486.441254;-2047.36377;724.920898;652.601685;-2112.924561;841.270508;71.239655;-2596.8479;772.48468;512.260742;-3161.842529;668.753296;-446.842651;-3117.597656;894.051636;;;;;;
1093;0;-489.489441;-2046.981079;723.325989;652.176147;-2112.272705;841.734924;69.431366;-2597.44165;772.349426;509.789398;-3163.445557;666.756042;-448.82196;-3119.238525;895.590698;;;;;;
1094;0;-492.500854;-2046.5271;721.711365;651.803955;-2111.669922;842.186218;67.866577;-2597.936523;772.178894;507.37149;-3165.072021;664.74884;-450.744324;-3121.012695;897.075378;;;;;;
1095;0;-495.637665;-2046.130127;720.06543;651.369507;-2111.134766;842.680969;66.152771;-2598.502441;771.985779;504.892517;-3166.684814;662.800171;-452.718842;-3122.681641;898.647156;;;;;;
1096;0;-498.814087;-2045.788574;718.597168;650.953247;-2110.515381;843.146912;64.465599;-2598.998779;771.83783;502.417511;-3168.293213;660.827515;-454.575348;-3124.376221;900.157898;;;;;;
1097;0;-501.999084;-2045.419922;717.079956;650.540833;-2109.907471;843.584229;62.724724;-2599.606934;771.693481;499.969025;-3169.873535;658.842468;-456.486694;-3126.160645;901.617371;;;;;;
1098;0;-505.170532;-2045.089966;715.605652;650.125488;-2109.241455;844.000122;61.074696;-2600.031006;771.59613;497.450409;-3171.473877;656.930847;-458.45813;-3127.881348;903.142944;;;;;;
1099;0;-508.379028;-2044.708252;714.127441;649.683777;-2108.587402;844.420288;59.270142;-2600.603027;771.4552;494.926697;-3173.116211;654.968872;-460.46701;-3129.600586;904.691895;;;;;;
1100;0;-511.635132;-2044.339844;712.78595;649.228149;-2107.976562;844.850403;57.59618;-2601.133301;771.327454;492.34317;-3174.690186;653.013;-462.436096;-3131.379639;906.208191;;;;;;
1101;0;-514.891296;-2044.011108;711.430664;648.728943;-2107.377686;845.297791;55.828655;-2601.595459;771.210754;489.811401;-3176.260498;651.060791;-464.387268;-3133.095703;907.693359;;;;;;
1102;0;-518.261658;-2043.618408;710.013794;648.198303;-2106.694824;845.697937;54.068413;-2602.119385;771.082581;487.315521;-3177.853271;649.155884;-466.355164;-3134.853027;909.169067;;;;;;
1103;0;-521.627808;-2043.309448;708.804749;647.709412;-2106.10791;846.171326;52.309216;-2602.605469;770.943665;484.769012;-3179.448486;647.2453;-468.333496;-3136.599121;910.691223;;;;;;
1104;0;-525.058777;-2043.023804;707.650024;647.205505;-2105.458252;846.625427;50.546825;-2603.122314;770.796143;482.204803;-3181.013428;645.308655;-470.309845;-3138.360107;912.159729;;;;;;
1105;0;-528.386902;-2042.651367;706.323486;646.702759;-2104.903076;847.120605;48.847912;-2603.560303;770.66095;479.561096;-3182.62793;643.438721;-472.32193;-3140.077881;913.653259;;;;;;
1106;0;-531.835754;-2042.286865;705.166321;646.212402;-2104.305908;847.605896;47.09687;-2604.110107;770.442932;476.990387;-3184.220459;641.578064;-474.260223;-3141.870117;915.147461;;;;;;
1107;0;-535.394104;-2041.983154;704.080322;645.699097;-2103.686279;848.054016;45.39753;-2604.54541;770.29425;474.418304;-3185.775879;639.722351;-476.270386;-3143.677734;916.588928;;;;;;
1108;0;-538.911499;-2041.661743;702.9505;645.129639;-2103.09375;848.323853;43.678905;-2604.998291;770.049133;471.901581;-3187.328613;637.879456;-478.20929;-3145.408691;918.049927;;;;;;
1109;0;-542.370544;-2041.32605;701.805542;644.598938;-2102.513916;848.776489;41.985134;-2605.508789;769.800903;469.302612;-3188.871094;636.027832;-480.170776;-3147.19165;919.497681;;;;;;
1110;0;-545.920837;-2041.014404;700.778259;644.08844;-2102.006348;849.25354;40.306557;-2605.945557;769.612671;466.777252;-3190.424805;634.233765;-482.220673;-3148.977051;920.968201;;;;;;
1111;0;-549.564636;-2040.708984;699.743896;643.528442;-2101.537354;849.724121;38.570446;-2606.427979;769.35321;464.169678;-3191.968506;632.405396;-484.242035;-3150.733154;922.482605;;;;;;
1112;0;-553.041382;-2040.368042;698.616638;642.893372;-2101.03418;850.197449;36.906387;-2606.908447;769.143738;461.579102;-3193.513916;630.628662;-486.168762;-3152.494629;923.888489;;;;;;
1113;0;-556.583496;-2040.094116;697.626282;642.350586;-2100.590088;850.662231;35.150978;-2607.380615;768.819885;458.984131;-3195.057861;628.812134;-488.091309;-3154.258057;925.29364;;;;;;
1114;0;-560.256836;-2039.7854;696.659241;641.718628;-2100.169678;851.151855;33.446663;-2607.842041;768.522644;456.43219;-3196.544434;627.005371;-490.028137;-3156.000488;926.693909;;;;;;
1115;0;-563.976868;-2039.518555;695.795471;641.137329;-2099.800049;851.618835;31.830971;-2608.255615;768.186035;453.939789;-3198.063477;625.21936;-492.051575;-3157.749756;928.1745;;;;;;
1116;0;-567.602051;-2039.226318;694.802612;640.5448;-2099.451416;852.157104;30.07341;-2608.827393;767.866943;451.363525;-3199.604248;623.469604;-493.947693;-3159.495605;929.558044;;;;;;
1117;0;-571.265381;-2038.968506;693.955811;639.880981;-2099.13623;852.70343;28.43371;-2609.228271;767.554626;448.762115;-3201.0979;621.780396;-495.947815;-3161.247803;930.979187;;;;;;
1118;0;-574.96521;-2038.616211;693.073914;639.308716;-2098.823242;853.277466;26.775461;-2609.663818;767.194885;446.196472;-3202.637451;620.038452;-497.837463;-3162.962402;932.396545;;;;;;
1119;0;-578.726196;-2038.304077;692.196594;638.6828;-2098.57373;853.845581;25.085455;-2610.101074;766.784851;443.720459;-3204.094727;618.264954;-499.800629;-3164.744873;933.747986;;;;;;
1120;0;-582.569641;-2038.027466;691.38446;638.064209;-2098.32666;854.455688;23.457861;-2610.519531;766.401917;441.171265;-3205.569336;616.533752;-501.664398;-3166.470459;935.127808;;;;;;
1121;0;-586.38385;-2037.69873;690.548157;637.401245;-2098.077637;855.044495;21.820181;-2610.964111;766.002136;438.651917;-3207.057373;614.86676;-503.604584;-3168.163086;936.510437;;;;;;
1122;0;-590.186584;-2037.382568;689.748474;636.671692;-2097.929932;855.756104;20.149771;-2611.428955;765.581909;436.153961;-3208.515381;613.222534;-505.555756;-3169.896729;937.906555;;;;;;
1123;0;-594.046692;-2036.97583;688.803345;636.103088;-2097.854004;856.454712;18.5783;-2611.814941;765.080994;433.612854;-3209.989258;611.563049;-507.340485;-3171.56665;939.235107;;;;;;
1124;0;-597.971008;-2036.678101;688.026367;635.380554;-2097.764648;857.056396;16.860701;-2612.335938;764.665283;431.165405;-3211.449463;609.902954;-509.374969;-3173.249756;940.633911;;;;;;
1125;0;-601.786865;-2036.373657;687.157837;634.744934;-2097.715332;857.758789;15.324365;-2612.777588;764.222534;428.672821;-3212.860596;608.255249;-511.20578;-3174.981201;941.916199;;;;;;
1126;0;-605.720886;-2036.030029;686.316162;634.080078;-2097.735352;858.402283;13.725082;-2613.263428;763.688721;426.220917;-3214.292725;606.614319;-513.097351;-3176.681641;943.210938;;;;;;
1127;0;-609.602966;-2035.671753;685.486572;633.404846;-2097.780762;859.104797;12.131331;-2613.744141;763.217285;423.698242;-3215.733643;605.035828;-515.022461;-3178.309082;944.563232;;;;;;
1128;0;-613.493713;-2035.348389;684.634277;632.828979;-2097.783936;859.850586;10.612857;-2614.157227;762.762695;421.366425;-3217.133057;603.437378;-516.79248;-3180.010986;945.801941;;;;;;
1129;0;-617.358215;-2035.008911;683.761353;632.120544;-2097.983154;860.566406;9.04935;-2614.688477;762.232727;418.936707;-3218.487305;601.876953;-518.645569;-3181.66333;947.093018;;;;;;
1130;0;-621.189209;-2034.706787;682.971497;631.409546;-2098.084717;861.206604;7.529836;-2615.158203;761.775757;416.521973;-3219.860107;600.310547;-520.487793;-3183.252197;948.371887;;;;;;
1131;0;-625.169678;-2034.321289;682.180481;630.701477;-2098.18335;861.935913;6.076461;-2615.581055;761.268555;414.108215;-3221.240479;598.746643;-522.255005;-3184.885742;949.602295;;;;;;
1132;0;-629.020081;-2034.026367;681.365173;630.043213;-2098.419922;862.645447;4.535051;-2616.083008;760.734253;411.724518;-3222.558838;597.209167;-524.086731;-3186.498047;950.865601;;;;;;
1133;0;-632.868774;-2033.666382;680.388916;629.346863;-2098.633301;863.404663;3.065018;-2616.562256;760.268433;409.380005;-3223.906006;595.673889;-525.863708;-3188.126709;952.082336;;;;;;
1134;0;-636.705872;-2033.321899;679.55188;628.706665;-2098.853271;864.174194;1.6378;-2617.040283;759.788391;407.008972;-3225.20166;594.265442;-527.616211;-3189.697998;953.253174;;;;;;
1135;0;-640.502502;-2033.000244;678.636597;628.039734;-2099.125732;864.983276;0.215662;-2617.566406;759.278442;404.739563;-3226.458252;592.802307;-529.390076;-3191.27832;954.436768;;;;;;
1136;0;-644.298096;-2032.672607;677.749817;627.379089;-2099.475098;865.75708;-1.143707;-2618.038574;758.758911;402.465302;-3227.777832;591.350769;-531.104248;-3192.830566;955.573792;;;;;;
1137;0;-648.167969;-2032.350098;676.901489;626.812256;-2099.82373;866.532898;-2.571322;-2618.56958;758.301331;400.215637;-3229.060303;589.987915;-532.869873;-3194.369385;956.742249;;;;;;
1138;0;-651.929871;-2032.012451;675.948181;626.088928;-2100.160889;867.28125;-3.940498;-2619.12915;757.84552;397.971985;-3230.302246;588.59314;-534.606262;-3195.905518;957.939575;;;;;;
1139;0;-655.620728;-2031.751099;675.005432;625.483154;-2100.571045;868.052917;-5.267546;-2619.613525;757.374695;395.699646;-3231.538086;587.169861;-536.159363;-3197.423828;958.913696;;;;;;
1140;0;-659.278625;-2031.471436;674.127319;624.878906;-2101.078125;868.793762;-6.60248;-2620.161865;756.887695;393.507477;-3232.787842;585.874451;-537.948059;-3198.946045;959.988159;;;;;;
1141;0;-662.976746;-2031.227539;673.211426;624.290955;-2101.50708;869.585022;-7.88725;-2620.708984;756.481079;391.387115;-3233.985352;584.606628;-539.546997;-3200.421875;961.067017;;;;;;
1142;0;-666.605164;-2031.011841;672.367737;623.693604;-2102.008545;870.364746;-9.128757;-2621.246582;756.049255;389.197144;-3235.194824;583.255798;-541.218079;-3201.897461;962.112244;;;;;;
1143;0;-670.155518;-2030.82605;671.554993;623.107422;-2102.568115;871.110596;-10.424474;-2621.820557;755.665344;387.090118;-3236.369873;582.05011;-542.924744;-3203.352051;963.16748;;;;;;
1144;0;-673.7099;-2030.556396;670.618896;622.607361;-2103.11377;871.882141;-11.588572;-2622.366211;755.268799;385.03186;-3237.533691;580.800842;-544.522583;-3204.794189;964.158813;;;;;;
1145;0;-677.233154;-2030.380981;669.776062;622.02948;-2103.700684;872.629517;-12.931059;-2622.98291;754.886841;383.011139;-3238.667236;579.633484;-546.074402;-3206.23291;965.071838;;;;;;
1146;0;-680.639771;-2030.261963;669.003845;621.494324;-2104.345703;873.348816;-14.066976;-2623.529297;754.549561;380.950104;-3239.779785;578.445129;-547.660217;-3207.641602;966.062256;;;;;;
1147;0;-684.04303;-2030.144897;668.234253;621.051941;-2104.919189;874.101379;-15.250745;-2624.092773;754.229797;378.943054;-3240.909668;577.303284;-549.2229;-3209.028564;967.001953;;;;;;
1148;0;-687.475281;-2030.099854;667.527405;620.501648;-2105.648682;874.793823;-16.440153;-2624.730713;753.889099;376.912018;-3242.045654;576.16687;-550.78363;-3210.430664;967.889282;;;;;;
1149;0;-690.67981;-2030.033813;666.834106;619.989685;-2106.320801;875.524902;-17.521944;-2625.305908;753.55426;375.015747;-3243.092041;575.078918;-552.238953;-3211.767578;968.717041;;;;;;
1150;0;-694.005127;-2030.032104;666.116333;619.518921;-2107.161865;876.313171;-18.676567;-2625.885254;753.292969;373.122528;-3244.19043;574.038635;-553.762634;-3213.119141;969.602356;;;;;;
1151;0;-697.168579;-2030.067017;665.465515;619.06366;-2107.83667;877.008972;-19.771971;-2626.518555;753.034607;371.269867;-3245.256348;572.94928;-555.268738;-3214.422119;970.413513;;;;;;
1152;0;-700.307617;-2030.115356;664.85614;618.706848;-2108.627686;877.800476;-20.822992;-2627.088379;752.807983;369.450226;-3246.291016;571.980896;-556.729736;-3215.707275;971.271423;;;;;;
1153;0;-703.364014;-2030.212891;664.203247;618.229797;-2109.46167;878.539185;-21.950487;-2627.73584;752.562195;367.589722;-3247.327881;570.980652;-558.158813;-3216.973633;972.073914;;;;;;
1154;0;-706.369141;-2030.232422;663.59375;617.811829;-2110.328857;879.1875;-22.962692;-2628.30249;752.422974;365.802277;-3248.344971;570.028503;-559.537598;-3218.282471;972.821838;;;;;;
1155;0;-709.309692;-2030.408813;663.022461;617.397217;-2111.157471;879.877197;-24.000036;-2628.949951;752.178162;364.017944;-3249.375977;569.141479;-561.025085;-3219.516846;973.636047;;;;;;
1156;0;-712.211426;-2030.587402;662.555908;616.988525;-2112.141357;880.572449;-24.962362;-2629.639893;752.03125;362.350311;-3250.407227;568.22113;-562.33136;-3220.743408;974.360901;;;;;;
1157;0;-715.039062;-2030.883789;662.022461;616.60437;-2113.029541;881.21582;-25.91407;-2630.207764;751.852112;360.662079;-3251.405029;567.324036;-563.706421;-3221.970703;975.046753;;;;;;
1158;0;-717.803345;-2031.111206;661.484924;616.233459;-2114.007812;881.893372;-26.963923;-2630.89502;751.675964;359.069183;-3252.416016;566.43689;-565.071777;-3223.14502;975.761902;;;;;;
1159;0;-720.551819;-2031.488159;661.057434;615.960266;-2114.893066;882.520569;-27.894171;-2631.556396;751.572937;357.417542;-3253.375732;565.598999;-566.245483;-3224.278809;976.354187;;;;;;
1160;0;-723.115234;-2031.752075;660.574341;615.558411;-2116;883.198364;-28.81086;-2632.225098;751.419739;355.775543;-3254.370605;564.814148;-567.647095;-3225.448486;977.051575;;;;;;
1161;0;-725.77832;-2032.306885;660.23999;615.298767;-2116.95874;883.888672;-29.772844;-2632.857422;751.31427;354.284882;-3255.36792;564.013855;-568.957703;-3226.585938;977.722168;;;;;;
1162;0;-728.242676;-2032.636108;659.749939;614.990601;-2118.034912;884.458557;-30.641983;-2633.493408;751.204346;352.787201;-3256.262695;563.289551;-570.169434;-3227.688721;978.317566;;;;;;
1163;0;-730.673523;-2032.978271;659.262634;614.649902;-2119.069336;885.080078;-31.543673;-2634.20752;751.075623;351.313629;-3257.246094;562.560669;-571.417969;-3228.785156;978.923767;;;;;;
1164;0;-733.01532;-2033.576904;658.905273;614.430908;-2120.134033;885.675659;-32.409508;-2634.876465;750.954346;349.873413;-3258.212891;561.925049;-572.589905;-3229.836182;979.434692;;;;;;
1165;0;-735.326355;-2033.955322;658.443481;614.182678;-2121.212402;886.205322;-33.230598;-2635.579102;750.836121;348.421295;-3259.149658;561.252686;-573.771118;-3230.897461;980.013855;;;;;;
1166;0;-737.543945;-2034.573975;658.165771;613.984436;-2122.305664;886.702637;-34.056736;-2636.274414;750.714661;347.038116;-3260.091797;560.623047;-574.929626;-3231.934814;980.556335;;;;;;
1167;0;-739.71228;-2035.031738;657.709595;613.742737;-2123.474121;887.230469;-34.773499;-2636.963623;750.584229;345.722961;-3261.070557;559.985168;-576.06897;-3232.925049;981.061279;;;;;;
1168;0;-741.843201;-2035.648804;657.4245;613.486511;-2124.60083;887.637329;-35.579224;-2637.693848;750.432312;344.429657;-3261.990723;559.413574;-577.304016;-3233.925537;981.654785;;;;;;
1169;0;-743.858459;-2036.315918;657.083618;613.297729;-2125.72876;888.072083;-36.374237;-2638.342041;750.369324;343.190979;-3262.909668;558.860168;-578.249939;-3234.89209;982.046448;;;;;;
1170;0;-745.704895;-2036.882935;656.684082;613.088074;-2126.908691;888.451782;-37.038185;-2639.000732;750.237244;341.950104;-3263.82959;558.33783;-579.355469;-3235.834229;982.545227;;;;;;
1171;0;-747.643433;-2037.557617;656.353638;612.945312;-2128.006348;888.911621;-37.758556;-2639.766602;750.140503;340.798065;-3264.768311;557.85791;-580.312256;-3236.743164;982.965759;;;;;;
1172;0;-749.448486;-2038.258545;656.049866;612.783508;-2129.171143;889.186218;-38.418278;-2640.388184;750.086792;339.646454;-3265.696289;557.403076;-581.387268;-3237.688477;983.457214;;;;;;
1173;0;-751.283447;-2039.013428;655.768433;612.558105;-2130.373291;889.570862;-39.162983;-2641.163086;749.958801;338.520996;-3266.609375;556.975098;-582.37738;-3238.546631;983.863647;;;;;;
1174;0;-752.995544;-2039.753418;655.444641;612.434082;-2131.547363;889.727783;-39.734715;-2641.849365;749.846252;337.48526;-3267.528076;556.541748;-583.304321;-3239.401123;984.221008;;;;;;
1175;0;-754.658691;-2040.564819;655.071655;612.31958;-2132.62207;889.992859;-40.377701;-2642.615723;749.729919;336.424408;-3268.414795;556.112;-584.292542;-3240.239502;984.590332;;;;;;
1176;0;-756.229431;-2041.298828;654.708801;612.124146;-2133.924072;890.128784;-41.001122;-2643.426514;749.618896;335.478577;-3269.346436;555.744812;-585.211609;-3241.036133;984.989624;;;;;;
1177;0;-757.783691;-2042.084229;654.322754;612.008484;-2135.085938;890.242065;-41.492226;-2644.074707;749.507141;334.542267;-3270.189453;555.360229;-586.111572;-3241.821777;985.326294;;;;;;
1178;0;-759.28302;-2042.892212;653.924561;612.06543;-2136.067139;890.425415;-42.105438;-2644.88916;749.385437;333.528748;-3271.143066;555.041626;-587.021301;-3242.618164;985.706238;;;;;;
1179;0;-760.712891;-2043.692627;653.535461;611.841675;-2137.442871;890.554932;-42.561077;-2645.616699;749.255005;332.646057;-3272.000732;554.7229;-587.858765;-3243.369629;986.087646;;;;;;
1180;0;-762.107971;-2044.529175;653.149353;611.585571;-2138.658203;890.525513;-43.14426;-2646.319824;749.156006;331.812042;-3272.895996;554.463257;-588.731079;-3244.140869;986.416321;;;;;;
1181;0;-763.413757;-2045.382202;652.80365;611.572632;-2139.86377;890.605042;-43.631168;-2647.112305;748.999023;330.990265;-3273.757568;554.09729;-589.557739;-3244.876465;986.736206;;;;;;
1182;0;-764.654236;-2046.228882;652.434998;611.376282;-2141.094971;890.580872;-44.021057;-2647.802246;748.861511;330.27359;-3274.601807;553.771423;-590.319031;-3245.560303;987.030396;;;;;;
1183;0;-765.831543;-2047.156372;652.09259;611.33136;-2142.132812;890.637024;-44.501583;-2648.519775;748.703552;329.452789;-3275.426514;553.531128;-591.039551;-3246.227783;987.323792;;;;;;
1184;0;-766.998413;-2048.054443;651.721924;611.32605;-2143.259033;890.658447;-44.94363;-2649.272461;748.561035;328.750793;-3276.266357;553.267578;-591.808777;-3246.921631;987.603577;;;;;;
1185;0;-768.094299;-2048.980713;651.33844;611.128479;-2144.458008;890.50708;-45.288662;-2650.02002;748.376953;328.10141;-3277.103027;552.994263;-592.588867;-3247.536133;987.925354;;;;;;
1186;0;-769.140808;-2049.925537;650.963562;611.11853;-2145.530762;890.482727;-45.696007;-2650.811035;748.152649;327.431915;-3277.957275;552.67511;-593.236694;-3248.139404;988.134216;;;;;;
1187;0;-770.09729;-2050.859131;650.619934;610.88324;-2146.786621;890.343445;-46.044121;-2651.535645;747.955444;326.80722;-3278.807373;552.486267;-593.993469;-3248.753418;988.415894;;;;;;
1188;0;-771.030396;-2051.8479;650.236084;610.884338;-2147.759766;890.249695;-46.453793;-2652.359375;747.762573;326.192261;-3279.569824;552.133484;-594.629761;-3249.315918;988.65686;;;;;;
1189;0;-771.868835;-2052.794678;649.879089;610.83075;-2148.779053;890.131226;-46.724667;-2653.07666;747.56073;325.758728;-3280.343994;551.916687;-595.238708;-3249.893066;988.917053;;;;;;
1190;0;-772.712708;-2053.756104;649.504089;610.690308;-2149.962891;890.059265;-47.11721;-2653.802979;747.407654;325.153137;-3281.128174;551.652405;-595.883179;-3250.464844;989.118835;;;;;;
1191;0;-773.469788;-2054.778076;649.153625;610.531677;-2150.983398;889.94635;-47.426144;-2654.563477;747.215637;324.623444;-3281.921143;551.455322;-596.496277;-3251.005859;989.348083;;;;;;
1192;0;-774.136108;-2055.725342;648.830261;610.418518;-2152.03833;889.91687;-47.660954;-2655.290283;747.067261;324.19809;-3282.649414;551.176575;-597.061768;-3251.512451;989.556641;;;;;;
1193;0;-774.82843;-2056.720703;648.464294;610.321655;-2153.037354;889.817566;-47.97126;-2656.026611;746.825928;323.709137;-3283.421875;550.935547;-597.610596;-3252.012939;989.759216;;;;;;
1194;0;-775.443176;-2057.761963;648.182434;610.227661;-2154.053711;889.670532;-48.231094;-2656.824707;746.628479;323.320526;-3284.143066;550.726685;-598.1474;-3252.50415;989.927673;;;;;;
1195;0;-775.947021;-2058.792236;647.795593;610.128723;-2155.009033;889.547791;-48.413086;-2657.499023;746.451721;322.874725;-3284.880859;550.505615;-598.630127;-3252.960449;990.10437;;;;;;
1196;0;-776.483765;-2059.823975;647.441467;610.033142;-2155.985107;889.44397;-48.64637;-2658.275879;746.196045;322.548553;-3285.601562;550.281982;-599.133118;-3253.428223;990.277344;;;;;;
1197;0;-776.909912;-2060.854248;647.127136;609.879395;-2156.9729;889.299377;-48.851654;-2659.052246;745.927673;322.146454;-3286.290771;550.047241;-599.608887;-3253.842041;990.41864;;;;;;
1198;0;-777.31604;-2061.981689;646.779907;609.809631;-2157.828125;889.170654;-48.96949;-2659.742676;745.682556;321.74176;-3287.031006;549.938477;-600.088928;-3254.27832;990.597046;;;;;;
1199;0;-777.673279;-2063.052734;646.500549;609.692688;-2158.740723;889.079468;-49.191174;-2660.526611;745.413818;321.420013;-3287.702637;549.71106;-600.48291;-3254.712646;990.701904;;;;;;
1200;0;-778.001099;-2064.146484;646.228516;609.523193;-2159.609131;888.91394;-49.319965;-2661.256104;745.178528;321.137115;-3288.395264;549.575928;-600.986084;-3255.098145;990.885986;;;;;;
1201;0;-778.276001;-2065.243652;645.936951;609.464966;-2160.456299;888.778381;-49.417423;-2661.940186;744.933105;320.904877;-3289.082031;549.416382;-601.353149;-3255.45459;991.001099;;;;;;
1202;0;-778.442871;-2066.335449;645.643433;609.327942;-2161.257568;888.688293;-49.596218;-2662.702637;744.631653;320.719635;-3289.766357;549.222046;-601.734619;-3255.823242;991.065796;;;;;;
1203;0;-778.599548;-2067.470703;645.349976;609.230652;-2162.060059;888.599487;-49.657543;-2663.432617;744.378845;320.469543;-3290.430908;549.105469;-602.194885;-3256.170654;991.22583;;;;;;
1204;0;-778.729065;-2068.583496;645.137695;609.125;-2162.815918;888.434814;-49.710522;-2664.151611;744.087646;320.334961;-3291.056152;548.98584;-602.529968;-3256.503174;991.299194;;;;;;
1205;0;-778.830139;-2069.684814;644.831665;609.050903;-2163.569824;888.3479;-49.7658;-2664.87207;743.82074;320.142273;-3291.712158;548.873962;-602.864746;-3256.829834;991.391052;;;;;;
1206;0;-778.8927;-2070.860352;644.642212;608.962708;-2164.30542;888.22998;-49.844967;-2665.59082;743.569702;319.981628;-3292.320801;548.723816;-603.159485;-3257.142334;991.479187;;;;;;
1207;0;-778.861633;-2071.955078;644.361389;608.823975;-2165.084961;888.126709;-49.820625;-2666.308838;743.315613;319.815063;-3292.94751;548.550293;-603.478455;-3257.428467;991.568726;;;;;;
1208;0;-778.838562;-2073.12793;644.150452;608.725098;-2165.780762;887.973755;-49.82922;-2667.026123;743.058472;319.712219;-3293.557617;548.4823;-603.792603;-3257.741699;991.652527;;;;;;
1209;0;-778.752686;-2074.269043;643.941101;608.594177;-2166.442627;887.960388;-49.812878;-2667.728516;742.837097;319.639923;-3294.142334;548.339294;-604.03595;-3258.022705;991.723083;;;;;;
1210;0;-778.692688;-2075.376953;643.702087;608.424561;-2167.226562;887.919434;-49.782131;-2668.381348;742.60022;319.519287;-3294.706543;548.202881;-604.168579;-3258.274414;991.705017;;;;;;
1211;0;-778.5495;-2076.491943;643.46759;608.359009;-2167.68042;887.768311;-49.770279;-2669.139648;742.386536;319.463074;-3295.266846;548.060669;-604.58252;-3258.552979;991.797424;;;;;;
1212;0;-778.36731;-2077.64209;643.3172;608.201782;-2168.328125;887.716736;-49.706871;-2669.757568;742.202759;319.482361;-3295.791504;547.898621;-604.815002;-3258.789062;991.854248;;;;;;
1213;0;-778.212646;-2078.75708;643.19458;608.099915;-2168.812012;887.612305;-49.625179;-2670.365479;742.068054;319.363861;-3296.398926;547.782166;-604.97113;-3259.019287;991.879883;;;;;;
1214;0;-777.946655;-2079.84082;642.972839;607.995789;-2169.326904;887.578186;-49.568554;-2671.011719;741.903931;319.382843;-3296.890381;547.609253;-605.158203;-3259.230225;991.910645;;;;;;
1215;0;-777.730591;-2080.985352;642.836243;607.831604;-2169.820801;887.550049;-49.506519;-2671.664062;741.799255;319.426178;-3297.390381;547.403198;-605.339355;-3259.407959;991.93219;;;;;;
1216;0;-777.422607;-2082.04834;642.694946;607.775024;-2170.304443;887.573303;-49.367558;-2672.242188;741.626709;319.381195;-3297.927002;547.285767;-605.501587;-3259.657471;991.938599;;;;;;
1217;0;-777.135864;-2083.191162;642.510864;607.620789;-2170.777832;887.558044;-49.301094;-2672.848877;741.474854;319.429688;-3298.390137;547.096069;-605.647339;-3259.883789;991.915527;;;;;;
1218;0;-776.771179;-2084.273926;642.37561;607.446045;-2171.243652;887.583435;-49.184532;-2673.458252;741.390686;319.461975;-3298.876221;546.880676;-605.819153;-3260.073242;991.972778;;;;;;
1219;0;-776.44165;-2085.418213;642.254822;607.365356;-2171.597168;887.549988;-49.103901;-2674.033203;741.274109;319.466339;-3299.377441;546.691284;-605.967102;-3260.229004;991.983643;;;;;;
1220;0;-776.059326;-2086.501953;642.128601;607.219299;-2171.988037;887.558533;-49.048977;-2674.637451;741.251221;319.541565;-3299.842529;546.539795;-606.08374;-3260.41626;991.963196;;;;;;
1221;0;-775.713379;-2087.568115;641.999573;607.079468;-2172.340576;887.59436;-48.930458;-2675.133789;741.179443;319.593628;-3300.175781;546.282043;-606.229065;-3260.562744;991.981506;;;;;;
1222;0;-775.263306;-2088.5979;641.912537;606.967102;-2172.59668;887.605774;-48.814419;-2675.649902;741.158081;319.68399;-3300.58667;546.084106;-606.319519;-3260.739502;991.951233;;;;;;
1223;0;-774.833679;-2089.677246;641.788086;606.841614;-2172.945312;887.651794;-48.762291;-2676.21582;741.112671;319.767456;-3300.99292;545.814758;-606.465088;-3260.91626;991.940186;;;;;;
1224;0;-774.395813;-2090.692383;641.683167;606.634766;-2173.227051;887.69458;-48.653095;-2676.677002;741.069153;319.870789;-3301.369629;545.609558;-606.523193;-3261.03418;991.947327;;;;;;
1225;0;-773.915833;-2091.718018;641.539368;606.577026;-2173.418457;887.668823;-48.451782;-2677.161133;741.043884;319.946442;-3301.693848;545.41156;-606.576111;-3261.176025;991.908264;;;;;;
1226;0;-773.446594;-2092.72876;641.437134;606.388794;-2173.565674;887.712524;-48.406227;-2677.703369;741.022034;320.013275;-3301.979736;545.169434;-606.643066;-3261.298584;991.894409;;;;;;
1227;0;-772.979919;-2093.766113;641.337708;606.251953;-2173.751709;887.702209;-48.251179;-2678.1521;740.935303;320.154022;-3302.339844;544.917603;-606.673767;-3261.415771;991.872253;;;;;;
1228;0;-772.419006;-2094.790283;641.19281;606.107605;-2173.90332;887.69458;-48.0751;-2678.667236;740.919617;320.189972;-3302.64624;544.710327;-606.671936;-3261.548828;991.806519;;;;;;
1229;0;-771.911743;-2095.777344;641.058289;605.94458;-2174.002441;887.711853;-48.006386;-2679.141846;740.856873;320.253693;-3302.968994;544.493469;-606.74408;-3261.69043;991.821899;;;;;;
1230;0;-771.49408;-2096.728271;640.958923;605.883423;-2174.052979;887.69342;-47.868389;-2679.606689;740.815857;320.395782;-3303.221924;544.283264;-606.727966;-3261.803955;991.757935;;;;;;
1231;0;-770.846375;-2097.680908;640.849304;605.697083;-2174.137207;887.639587;-47.673569;-2680.034912;740.800171;320.529968;-3303.463379;544.006042;-606.774963;-3261.869629;991.704468;;;;;;
1232;0;-770.295593;-2098.649414;640.720337;605.564331;-2174.170898;887.632629;-47.478199;-2680.444092;740.761902;320.611633;-3303.671387;543.815735;-606.786072;-3261.959229;991.711914;;;;;;
1233;0;-769.68396;-2099.55835;640.640991;605.439331;-2174.234375;887.611877;-47.43235;-2680.957275;740.708862;320.692444;-3303.878174;543.613098;-606.785461;-3262.0625;991.734375;;;;;;
1234;0;-769.168762;-2100.483398;640.506592;605.300537;-2174.206543;887.541443;-47.240948;-2681.411621;740.667786;320.799194;-3304.054932;543.37439;-606.751587;-3262.135742;991.659363;;;;;;
1235;0;-768.585876;-2101.351318;640.400757;605.187744;-2174.191895;887.489868;-47.043671;-2681.798828;740.597473;320.916992;-3304.267334;543.080261;-606.760315;-3262.206543;991.677979;;;;;;
1236;0;-768.026978;-2102.280029;640.281372;605.06488;-2174.1604;887.38855;-46.887951;-2682.279785;740.484863;321.015564;-3304.462646;542.801147;-606.726624;-3262.303711;991.626953;;;;;;
1237;0;-767.384033;-2103.1521;640.183044;604.995117;-2174.123047;887.307495;-46.682774;-2682.7229;740.40863;321.108063;-3304.630859;542.532166;-606.675354;-3262.383057;991.558105;;;;;;
1238;0;-766.830933;-2104.052734;640.076416;604.877625;-2174.049072;887.202698;-46.512341;-2683.128418;740.361023;321.184723;-3304.761475;542.333252;-606.656128;-3262.456543;991.537659;;;;;;
1239;0;-766.217773;-2104.81665;639.970642;604.797363;-2173.978027;887.136658;-46.286022;-2683.635254;740.24707;321.308258;-3304.843506;542.128052;-606.650818;-3262.538818;991.523193;;;;;;
1240;0;-765.706177;-2105.663818;639.936035;604.726318;-2173.800537;886.976868;-46.048363;-2684.036133;740.152039;321.564667;-3304.936768;541.852295;-606.637573;-3262.568115;991.466736;;;;;;
1241;0;-765.043091;-2106.453857;639.795654;604.6922;-2173.637451;886.785339;-45.820641;-2684.364502;740.038147;321.530151;-3305.052734;541.567749;-606.566528;-3262.652344;991.424561;;;;;;
1242;0;-764.4328;-2107.248535;639.721252;604.648132;-2173.368896;886.566162;-45.702515;-2684.844971;739.927429;321.635223;-3305.112549;541.311951;-606.582031;-3262.713379;991.37439;;;;;;
1243;0;-763.871094;-2107.981689;639.601929;604.61499;-2173.19458;886.445007;-45.437195;-2685.265381;739.8479;321.688904;-3305.134521;541.060059;-606.536987;-3262.758301;991.323364;;;;;;
1244;0;-763.242859;-2108.751221;639.499817;604.528076;-2173.02002;886.349915;-45.139545;-2685.653809;739.726746;321.750153;-3305.161865;540.798645;-606.477112;-3262.815674;991.333679;;;;;;
1245;0;-762.708008;-2109.518066;639.401367;604.565735;-2172.778809;886.196594;-45.020576;-2686.115967;739.614258;321.783508;-3305.153564;540.533752;-606.484253;-3262.88208;991.299927;;;;;;
1246;0;-762.046875;-2110.161865;639.271301;604.490173;-2172.499023;886.008484;-44.767151;-2686.640625;739.418335;321.852661;-3305.117188;540.276428;-606.394897;-3262.908203;991.229309;;;;;;
1247;0;-761.58197;-2110.935059;639.233582;604.516052;-2172.272217;885.813416;-44.377537;-2686.996094;739.22168;321.911774;-3305.092529;540.003235;-606.32196;-3262.984863;991.202209;;;;;;
1248;0;-760.89978;-2111.556641;639.026611;604.515259;-2172.008301;885.681641;-44.200897;-2687.489014;739.024292;321.942993;-3304.980469;539.724731;-606.336304;-3263.063721;991.164978;;;;;;
1249;0;-760.330566;-2112.211426;638.869995;604.506836;-2171.65625;885.508423;-43.960663;-2687.912109;738.898743;321.957733;-3304.904541;539.438782;-606.264526;-3263.076172;991.132568;;;;;;
1250;0;-759.729431;-2112.847656;638.767639;604.535583;-2171.399902;885.353088;-43.70153;-2688.327393;738.710388;321.929413;-3304.801514;539.105469;-606.206177;-3263.130859;991.077759;;;;;;
1251;0;-759.190735;-2113.483154;638.608521;604.517395;-2171.064209;885.209229;-43.374638;-2688.758545;738.466614;321.959503;-3304.686523;538.843018;-606.196289;-3263.186523;991.032349;;;;;;
1252;0;-758.617432;-2114.045898;638.48999;604.509033;-2170.823242;885.130676;-43.173565;-2689.229492;738.255249;321.988098;-3304.561523;538.553406;-606.178955;-3263.21875;990.98175;;;;;;
1253;0;-758.101135;-2114.656494;638.294922;604.579895;-2170.347412;884.820007;-42.765129;-2689.656738;737.998718;322.031799;-3304.429688;538.252502;-606.078308;-3263.259277;990.952942;;;;;;
1254;0;-757.49408;-2115.193359;638.123779;604.651917;-2170.05249;884.667236;-42.468208;-2690.085938;737.788086;321.997681;-3304.219971;537.970825;-606.062439;-3263.312012;990.912476;;;;;;
1255;0;-756.958862;-2115.753662;637.939392;604.664246;-2169.65918;884.479492;-42.20837;-2690.532471;737.558228;321.990936;-3304.015625;537.688904;-605.991699;-3263.318359;990.873962;;;;;;
1256;0;-756.452698;-2116.265625;637.792358;604.715454;-2169.313721;884.299316;-41.862965;-2691.024414;737.261963;322.016418;-3303.766846;537.372192;-605.914368;-3263.361572;990.83075;;;;;;
1257;0;-755.863281;-2116.791992;637.558289;604.761963;-2168.904785;884.108948;-41.632565;-2691.509277;736.997009;321.997162;-3303.584961;537.095337;-605.842346;-3263.4375;990.787231;;;;;;
1258;0;-755.430298;-2117.234375;637.373169;604.856628;-2168.498047;883.950867;-41.192139;-2691.953369;736.695435;321.922028;-3303.32251;536.782593;-605.758911;-3263.493652;990.736328;;;;;;
1259;0;-754.851501;-2117.756592;637.199097;604.917236;-2168.178711;883.853333;-40.896065;-2692.421875;736.46283;321.896423;-3303.029785;536.391418;-605.705505;-3263.554688;990.693909;;;;;;
1260;0;-754.377686;-2118.131104;636.929565;604.952393;-2167.734619;883.74408;-40.491329;-2692.898682;736.168274;321.758942;-3302.759521;536.075562;-605.69696;-3263.580566;990.666931;;;;;;
1261;0;-753.877991;-2118.637939;636.720337;605.053284;-2167.295898;883.553833;-40.151943;-2693.357422;735.940674;321.664246;-3302.437744;535.72876;-605.524841;-3263.612793;990.598755;;;;;;
1262;0;-753.402222;-2119.005371;636.424988;605.115601;-2166.930176;883.468628;-39.784847;-2693.805664;735.757019;321.616364;-3302.105469;535.408447;-605.63739;-3263.679443;990.570801;;;;;;
1263;0;-752.941162;-2119.442871;636.179443;605.184448;-2166.468506;883.313843;-39.351334;-2694.234863;735.509705;321.538177;-3301.792236;535.09967;-605.557983;-3263.71875;990.552246;;;;;;
1264;0;-752.515198;-2119.76001;635.884277;605.27478;-2166.132324;883.335022;-39.012947;-2694.754883;735.283752;321.471527;-3301.407715;534.786133;-605.509766;-3263.755615;990.506287;;;;;;
1265;0;-752.00293;-2120.0896;635.563843;605.353638;-2165.722412;883.261902;-38.571754;-2695.22998;735.098999;321.379578;-3301.041016;534.479187;-605.457031;-3263.791748;990.479736;;;;;;
1266;0;-751.647034;-2120.510986;635.337891;605.451355;-2165.258057;883.065979;-38.10696;-2695.714844;734.894287;321.281769;-3300.681641;534.166931;-605.361023;-3263.839111;990.442932;;;;;;
1267;0;-751.248718;-2120.81665;635.023315;605.563965;-2164.907227;882.987305;-37.711403;-2696.1604;734.770386;321.116211;-3300.268799;533.883667;-605.38092;-3263.91333;990.430115;;;;;;
1268;0;-750.857788;-2121.129639;634.680664;605.648071;-2164.507568;882.921143;-37.429535;-2696.633789;734.696594;321.025604;-3299.930176;533.602112;-605.304626;-3263.922607;990.350098;;;;;;
1269;0;-750.44165;-2121.440918;634.391235;605.739197;-2164.044922;882.856934;-36.916;-2697.104248;734.512573;320.853088;-3299.529053;533.351013;-605.281677;-3263.984863;990.355652;;;;;;
1270;0;-750.212891;-2121.697266;634.115784;605.828064;-2163.739746;882.870544;-36.420429;-2697.405762;734.461609;320.758484;-3299.141602;533.126892;-605.257263;-3264.060059;990.310852;;;;;;
1271;0;-749.763489;-2122.005859;633.862732;605.894531;-2163.404297;882.778198;-36.041065;-2697.980469;734.387329;320.599182;-3298.792725;532.933838;-605.233459;-3264.087158;990.259338;;;;;;
1272;0;-749.456421;-2122.237305;633.471741;606.0755;-2162.914795;882.637573;-35.626705;-2698.268555;734.368469;320.452881;-3298.342529;532.763977;-605.183105;-3264.126953;990.232849;;;;;;
1273;0;-749.113403;-2122.490479;633.17395;606.137024;-2162.605469;882.619934;-35.311455;-2698.727539;734.368835;320.324982;-3297.932861;532.619446;-605.16748;-3264.185791;990.205994;;;;;;
1274;0;-748.903076;-2122.779053;632.958496;606.256714;-2162.241211;882.521301;-34.902649;-2699.191895;734.354309;320.197052;-3297.489014;532.429504;-605.134216;-3264.213379;990.167053;;;;;;
1275;0;-748.586243;-2122.929199;632.507874;606.346375;-2161.882812;882.415527;-34.498562;-2699.543457;734.424438;320.103546;-3297.003662;532.341125;-605.140564;-3264.25293;990.149231;;;;;;
1276;0;-748.350586;-2123.17041;632.152161;606.476868;-2161.568848;882.305176;-34.092831;-2699.961914;734.459534;319.957245;-3296.572754;532.203735;-605.09668;-3264.338135;990.122864;;;;;;
1277;0;-748.080322;-2123.378662;631.916626;606.559937;-2161.208496;882.208374;-33.814571;-2700.355713;734.561462;319.838593;-3296.077881;532.071899;-605.076172;-3264.376221;990.091309;;;;;;
1278;0;-747.902405;-2123.632812;631.587463;606.648193;-2160.854004;882.119812;-33.45116;-2700.770996;734.668823;319.653595;-3295.602783;531.966675;-605.10498;-3264.432129;990.062317;;;;;;
1279;0;-747.685364;-2123.786865;631.297424;606.760193;-2160.554443;882.00531;-33.071625;-2701.040771;734.852112;319.457184;-3295.124023;531.858154;-605.118164;-3264.522949;990.033813;;;;;;
1280;0;-747.509033;-2123.977539;631.018494;606.818176;-2160.293701;881.95575;-32.837013;-2701.46875;735.016418;319.322235;-3294.662598;531.694702;-605.083435;-3264.54248;989.976318;;;;;;
1281;0;-747.351379;-2124.172852;630.821472;606.987427;-2159.906982;881.79657;-32.49239;-2701.735352;735.219421;319.124756;-3294.20874;531.623535;-605.07074;-3264.622314;989.942017;;;;;;
1282;0;-747.168945;-2124.278076;630.423035;607.107422;-2159.60083;881.661499;-32.207691;-2701.991699;735.420166;319.033691;-3293.693848;531.513306;-605.090576;-3264.692383;989.888672;;;;;;
1283;0;-747.079773;-2124.424072;630.162415;607.218628;-2159.337158;881.503296;-31.971954;-2702.318115;735.627258;318.840698;-3293.232666;531.467224;-605.100647;-3264.743408;989.84021;;;;;;
1284;0;-746.964417;-2124.556396;629.919006;607.264954;-2159.05957;881.355103;-31.634275;-2702.615723;735.928345;318.735077;-3292.710205;531.403015;-605.066711;-3264.795166;989.784851;;;;;;
1285;0;-746.922729;-2124.694824;629.676392;607.305664;-2158.921875;881.266724;-31.429865;-2702.88916;736.12085;318.523529;-3292.148926;531.406311;-605.134827;-3264.855713;989.748962;;;;;;
1286;0;-746.833923;-2124.830322;629.45636;607.438599;-2158.565674;881.003967;-31.158476;-2703.09668;736.395752;318.426971;-3291.681641;531.327271;-605.196411;-3264.894043;989.716553;;;;;;
1287;0;-746.80249;-2124.949707;629.189331;607.488464;-2158.365723;880.825317;-30.907356;-2703.241699;736.624023;318.236511;-3291.089111;531.247925;-605.140137;-3264.936523;989.592224;;;;;;
1288;0;-746.767334;-2125.04541;628.997192;607.696167;-2157.918701;880.577271;-30.657623;-2703.456299;736.912415;318.151398;-3290.592529;531.199829;-605.201172;-3265.01123;989.564514;;;;;;
1289;0;-746.736084;-2125.130371;628.811401;607.85498;-2157.716309;880.427979;-30.597567;-2703.576416;737.273926;317.958069;-3290.048096;531.253662;-605.244324;-3265.032227;989.484558;;;;;;
1290;0;-746.753174;-2125.208496;628.664917;607.872742;-2157.508545;880.2724;-30.500479;-2703.70752;737.525574;317.749878;-3289.424072;531.242737;-605.288757;-3265.064453;989.429932;;;;;;
1291;0;-746.75116;-2125.305908;628.483521;607.94281;-2157.241455;880.106079;-30.273344;-2703.816895;737.75592;317.638611;-3288.812012;531.225159;-605.334961;-3265.131592;989.322205;;;;;;
1292;0;-746.80365;-2125.378418;628.315369;608.096252;-2157.020996;879.902466;-30.25297;-2703.881348;738.068665;317.462311;-3288.181641;531.224609;-605.364258;-3265.146973;989.244812;;;;;;
1293;0;-746.850037;-2125.42627;628.159424;608.146301;-2156.796143;879.694763;-30.098198;-2703.859619;738.383118;317.389008;-3287.541504;531.284729;-605.371033;-3265.112061;989.110291;;;;;;
1294;0;-746.880249;-2125.463379;628.038025;608.20697;-2156.505371;879.480774;-30.088175;-2703.912109;738.657837;317.320007;-3286.804443;531.300781;-605.466003;-3265.095947;989.038452;;;;;;
1295;0;-746.997498;-2125.49707;627.925354;608.318359;-2156.24585;879.309082;-30.01247;-2703.790039;738.936462;317.204285;-3286.165527;531.354309;-605.520874;-3265.049561;988.916992;;;;;;
1296;0;-747.062256;-2125.500977;627.824158;608.434998;-2156.02832;879.114075;-29.952469;-2703.738037;739.19635;317.02359;-3285.494385;531.443237;-605.574097;-3264.995361;988.780945;;;;;;
1297;0;-747.196594;-2125.504395;627.712036;608.491882;-2155.783447;878.952148;-29.956285;-2703.615723;739.446594;316.942169;-3284.752441;531.542847;-605.652527;-3264.933105;988.612;;;;;;
1298;0;-747.317017;-2125.443604;627.61554;608.578857;-2155.466309;878.698059;-29.952343;-2703.348877;739.709534;316.900024;-3284.011719;531.595093;-605.750305;-3264.843506;988.492432;;;;;;
1299;0;-747.47583;-2125.438721;627.631165;608.663818;-2155.172852;878.541016;-29.958683;-2703.030273;739.972046;316.75592;-3283.203613;531.74054;-605.800232;-3264.683838;988.366821;;;;;;
1300;0;-747.713684;-2125.341553;627.572754;608.695923;-2154.961182;878.387085;-29.982143;-2702.751465;740.202209;316.636169;-3282.376221;531.841736;-605.897522;-3264.577148;988.225403;;;;;;
1301;0;-747.780762;-2125.220947;627.478699;608.802612;-2154.565186;878.134888;-30.000069;-2702.375244;740.423279;316.568878;-3281.448975;531.880249;-605.979919;-3264.387939;988.061951;;;;;;
1302;0;-747.969116;-2125.124023;627.384094;608.883423;-2154.252197;877.888062;-29.991955;-2701.927979;740.641602;316.504272;-3280.586914;532.00354;-606.051392;-3264.130371;987.917236;;;;;;
1303;0;-748.148132;-2124.980957;627.372925;609.009888;-2153.904541;877.691406;-30.099085;-2701.478271;740.750977;316.418854;-3279.58667;532.147766;-606.136414;-3263.90332;987.741089;;;;;;
1304;0;-748.32135;-2124.797119;627.267883;609.046265;-2153.497314;877.471924;-30.13109;-2700.890381;740.943848;316.339325;-3278.541992;532.184814;-606.33197;-3263.617432;987.63092;;;;;;
1305;0;-748.531372;-2124.570801;627.227051;609.158142;-2153.073242;877.190674;-30.310215;-2700.30542;741.16272;316.254242;-3277.51001;532.372803;-606.316711;-3263.24292;987.409485;;;;;;
1306;0;-748.704895;-2124.340332;627.199219;609.191528;-2152.604736;876.905334;-30.423176;-2699.614502;741.293518;316.209534;-3276.392334;532.488586;-606.474182;-3262.849365;987.214905;;;;;;
1307;0;-748.933289;-2124.096436;627.190613;609.198242;-2152.084473;876.643555;-30.514961;-2698.835205;741.479797;316.098877;-3275.210205;532.572815;-606.594421;-3262.434326;987.038269;;;;;;
1308;0;-749.143616;-2123.731934;627.208191;609.204285;-2151.623291;876.391663;-30.687181;-2698.074951;741.567383;316.097504;-3273.956787;532.625;-606.702393;-3261.9104;986.848389;;;;;;
1309;0;-749.378967;-2123.367188;627.175659;609.264893;-2151.095215;876.163025;-30.71913;-2697.062256;741.720886;316.005066;-3272.665039;532.734436;-606.854065;-3261.355225;986.638733;;;;;;
1310;0;-749.576904;-2123.026611;627.305176;609.221313;-2150.5;875.937866;-30.918629;-2696.14502;741.855286;315.887756;-3271.313232;532.767944;-606.955811;-3260.733398;986.424194;;;;;;
1311;0;-749.726501;-2122.540527;627.183044;609.261719;-2149.848877;875.661194;-31.11615;-2695.112305;741.940308;315.85849;-3269.844727;532.815979;-607.127197;-3260.04126;986.243469;;;;;;
1312;0;-749.926086;-2122.057617;627.159851;609.271057;-2149.162109;875.347778;-31.291731;-2693.947266;742.086609;315.772186;-3268.351562;532.881775;-607.256409;-3259.296875;986.021729;;;;;;
1313;0;-750.088623;-2121.533203;627.151306;609.172363;-2148.543213;875.112122;-31.410162;-2692.702881;742.123047;315.707062;-3266.815674;532.834167;-607.382446;-3258.487793;985.757019;;;;;;
1314;0;-750.307739;-2121.068848;627.240784;609.121643;-2147.689697;874.762268;-31.640884;-2691.381836;742.194336;315.686462;-3265.174561;532.787964;-607.514709;-3257.607422;985.521179;;;;;;
1315;0;-750.477417;-2120.425537;627.211304;609.047791;-2146.971191;874.570557;-31.868099;-2689.998535;742.297058;315.576874;-3263.491699;532.755249;-607.693176;-3256.672119;985.274841;;;;;;
1316;0;-750.586792;-2119.807373;627.246155;608.913574;-2146.231934;874.318542;-31.984489;-2688.558594;742.263672;315.48938;-3261.739258;532.717041;-607.841675;-3255.669189;985.013306;;;;;;
1317;0;-750.763672;-2119.045898;627.173279;608.758606;-2145.317871;874.101746;-32.205574;-2687.001953;742.323486;315.358307;-3259.886963;532.636169;-607.903259;-3254.547607;984.694214;;;;;;
1318;0;-750.875977;-2118.328369;627.185242;608.646667;-2144.374512;873.85321;-32.466278;-2685.347656;742.30835;315.298676;-3257.975342;532.470215;-608.201172;-3253.374756;984.468201;;;;;;
1319;0;-751.063599;-2117.533203;627.25647;608.550415;-2143.317627;873.68512;-32.651566;-2683.573486;742.274414;315.230164;-3256.056152;532.368469;-608.333923;-3252.130615;984.125916;;;;;;
1320;0;-751.121582;-2116.661621;627.183838;608.38269;-2142.253906;873.438171;-32.787537;-2681.72998;742.216797;315.114105;-3253.973877;532.225708;-608.555847;-3250.804932;983.855774;;;;;;
1321;0;-751.127502;-2115.735107;627.140869;608.15509;-2141.154297;873.298096;-32.972633;-2679.845215;742.051758;314.965759;-3251.840088;532.144043;-608.753052;-3249.395508;983.482605;;;;;;
1322;0;-751.175964;-2114.873291;627.212341;607.926758;-2140.075195;873.179932;-33.173828;-2677.850342;742.013306;314.852356;-3249.640869;531.946045;-608.906982;-3247.932617;983.057434;;;;;;
1323;0;-751.206543;-2113.83667;627.182861;607.643799;-2138.895752;872.927734;-33.445995;-2675.811035;741.847412;314.770111;-3247.357422;531.700623;-608.905945;-3246.364746;982.4729;;;;;;
1324;0;-751.200256;-2112.808594;627.164795;607.242676;-2137.680176;872.782288;-33.520016;-2673.601318;741.687073;314.569153;-3245.012451;531.492126;-609.122986;-3244.72583;982.089233;;;;;;
1325;0;-751.095215;-2111.723389;627.152222;606.947998;-2136.356934;872.668274;-33.793789;-2671.527344;741.482117;314.439026;-3242.626221;531.231018;-609.473694;-3243.072754;981.688293;;;;;;
1326;0;-750.964783;-2110.567627;627.139038;606.525024;-2135.098145;872.521912;-33.984119;-2669.143555;741.287109;314.267395;-3240.095947;531.009033;-609.487427;-3241.272949;981.022888;;;;;;
1327;0;-750.817627;-2109.427002;627.185608;605.929199;-2133.895996;872.424133;-34.136585;-2666.7854;740.979736;314.094086;-3237.580078;530.756531;-609.876953;-3239.380859;980.5896;;;;;;
1328;0;-750.626526;-2108.180664;627.143494;605.44043;-2132.368164;872.28595;-34.306454;-2664.25293;740.814331;313.974365;-3234.935547;530.467957;-610.085205;-3237.451416;979.960266;;;;;;
1329;0;-750.395996;-2106.879883;627.153687;604.882141;-2130.987549;872.166321;-34.483845;-2661.793457;740.58136;313.731506;-3232.25708;530.189514;-610.350464;-3235.448242;979.276306;;;;;;
1330;0;-750.108826;-2105.554199;627.134888;604.393127;-2129.446777;872.066345;-34.614403;-2659.113037;740.27002;313.56012;-3229.547363;529.859558;-610.524231;-3233.365723;978.601013;;;;;;
1331;0;-749.770264;-2104.15332;627.132324;603.694214;-2128.004395;872.002319;-34.80719;-2656.468994;739.963257;313.350311;-3226.783203;529.539978;-610.67334;-3231.218018;977.920471;;;;;;
1332;0;-749.382446;-2102.69751;627.128357;603.027771;-2126.385742;871.791016;-34.960407;-2653.651367;739.579712;313.183777;-3223.87793;529.21875;-610.723572;-3228.935059;977.019104;;;;;;
1333;0;-748.957581;-2101.176514;627.157898;602.458679;-2124.700195;871.588257;-35.097103;-2650.860352;739.280823;312.983582;-3220.963623;528.860718;-611.120972;-3226.706299;976.395874;;;;;;
1334;0;-748.460571;-2099.679199;627.158691;601.553894;-2123.122803;871.437805;-35.241428;-2647.922607;738.876953;312.721619;-3217.973389;528.540161;-611.393738;-3224.349609;975.604858;;;;;;
1335;0;-747.919312;-2098.008545;627.234314;600.737427;-2121.45166;871.323059;-35.427872;-2645.047852;738.571411;312.532104;-3214.956055;528.161682;-611.561646;-3221.894287;974.718445;;;;;;
1336;0;-747.309814;-2096.355957;627.22876;599.959778;-2119.770752;871.037048;-35.499065;-2641.930176;738.121277;312.33432;-3211.835205;527.820251;-611.746338;-3219.371826;973.848145;;;;;;
1337;0;-746.650818;-2094.637939;627.315552;599.129822;-2117.825439;870.657043;-35.671333;-2638.88501;737.708679;312.098114;-3208.684082;527.457642;-611.920166;-3216.789551;972.967773;;;;;;
1338;0;-745.984802;-2092.887695;627.444702;598.200012;-2116.070557;870.41571;-35.760803;-2635.69043;737.363159;311.8255;-3205.512207;527.10321;-612.091736;-3214.167725;972.012878;;;;;;
1339;0;-745.171875;-2091.080322;627.567261;597.166016;-2114.317627;870.090271;-35.890182;-2632.54248;736.910034;311.616455;-3202.191162;526.797668;-612.250305;-3211.450928;971.044861;;;;;;
1340;0;-744.287476;-2089.156982;627.595276;596.138611;-2112.395508;869.653137;-35.997261;-2629.284912;736.503723;311.363861;-3198.854492;526.422241;-612.231201;-3208.667236;970.01532;;;;;;
1341;0;-743.375671;-2087.249268;627.785156;595.019592;-2110.53125;869.195923;-36.091862;-2625.914307;736.045044;311.04953;-3195.561279;526.084167;-612.356812;-3205.831299;969.003906;;;;;;
1342;0;-742.418274;-2085.287598;627.974976;593.812439;-2108.67041;868.818176;-36.16341;-2622.5979;735.674805;310.837341;-3192.111572;525.744141;-612.653687;-3202.969238;968.050293;;;;;;
1343;0;-741.391113;-2083.236328;628.154602;592.559265;-2106.694092;868.223755;-36.317589;-2619.108887;735.242859;310.505066;-3188.60791;525.354431;-612.964539;-3200.060547;967.091309;;;;;;
1344;0;-740.282898;-2081.237061;628.422668;591.324646;-2104.650879;867.708923;-36.417488;-2615.654785;734.749268;310.242493;-3185.163086;525.070007;-612.960571;-3197.007324;965.985474;;;;;;
1345;0;-739.129395;-2079.091797;628.698975;590.021606;-2102.701416;867.090881;-36.456211;-2612.209717;734.289368;310.003998;-3181.623779;524.746338;-612.947571;-3193.933105;964.900269;;;;;;
1346;0;-737.921509;-2076.967041;629.040222;588.626404;-2100.501953;866.422241;-36.453499;-2608.564209;733.93512;309.668457;-3178.00415;524.413696;-613.106506;-3190.859619;963.860901;;;;;;
1347;0;-736.655212;-2074.762207;629.36084;587.246155;-2098.4375;865.754456;-36.600048;-2604.878174;733.572632;309.371002;-3174.371582;524.076355;-613.150269;-3187.673096;962.722229;;;;;;
1348;0;-735.286011;-2072.490967;629.674927;585.707581;-2096.281982;864.98877;-36.611519;-2601.258301;733.151672;309.121765;-3170.718018;523.752625;-613.147156;-3184.448975;961.620911;;;;;;
1349;0;-733.832275;-2070.223877;630.067749;584.184631;-2094.124023;864.221252;-36.631283;-2597.44458;732.766113;308.791473;-3167.044189;523.419739;-613.232544;-3181.196777;960.466187;;;;;;
1350;0;-732.403381;-2067.925293;630.468323;582.606201;-2091.909912;863.413086;-36.757767;-2593.762207;732.37915;308.439545;-3163.291748;523.149597;-613.254211;-3177.901123;959.396973;;;;;;
1351;0;-730.919617;-2065.601562;630.910645;580.910156;-2089.768799;862.655884;-36.769039;-2589.943848;731.992493;308.112305;-3159.506592;522.875061;-613.179504;-3174.50708;958.261963;;;;;;
1352;0;-729.405701;-2063.243408;631.448425;579.184631;-2087.461182;861.730225;-36.730358;-2586.054932;731.605835;307.814209;-3155.671631;522.573792;-613.010498;-3171.089355;957.141479;;;;;;
1353;0;-727.713013;-2060.82959;631.870422;577.513367;-2085.228271;860.934998;-36.836269;-2582.251465;731.219055;307.468201;-3151.848877;522.271484;-613.105225;-3167.679932;956.044128;;;;;;
1354;0;-725.981934;-2058.427734;632.377136;575.793823;-2082.920654;860.032654;-36.81599;-2578.302002;730.880737;307.098145;-3147.944092;521.982544;-613.14801;-3164.206543;954.989197;;;;;;
1355;0;-724.29126;-2055.989746;632.931335;573.93042;-2080.554932;859.171204;-36.816422;-2574.357666;730.513916;306.765747;-3144.058105;521.734436;-612.782227;-3160.646484;953.722656;;;;;;
1356;0;-722.516724;-2053.490967;633.409912;572.046997;-2078.302246;858.215149;-36.859398;-2570.419434;730.123169;306.417633;-3140.137695;521.496155;-612.868591;-3157.115479;952.735168;;;;;;
1357;0;-720.668945;-2050.998291;634.009705;570.0224;-2075.947754;857.340393;-36.900391;-2566.432129;729.845764;306.105377;-3136.228027;521.192871;-612.617798;-3153.533447;951.548767;;;;;;
1358;0;-718.749878;-2048.487793;634.570618;568.100769;-2073.536621;856.345337;-36.882641;-2562.371826;729.549622;305.75589;-3132.2854;520.95282;-612.408569;-3149.900879;950.381104;;;;;;
1359;0;-716.823608;-2045.955688;635.113342;566.080933;-2071.120605;855.390381;-36.882057;-2558.387451;729.189148;305.376038;-3128.252197;520.723816;-612.205078;-3146.238525;949.325745;;;;;;
1360;0;-714.740295;-2043.403809;635.649048;564.019104;-2068.687744;854.358032;-36.908749;-2554.304199;728.852661;305.06131;-3124.272705;520.496399;-612.072876;-3142.564453;948.173767;;;;;;
1361;0;-712.771057;-2040.873291;636.267883;561.906128;-2066.253662;853.374268;-36.908142;-2550.241943;728.572205;304.649933;-3120.26001;520.270996;-611.972473;-3138.874756;947.17749;;;;;;
1362;0;-710.677063;-2038.327637;636.900085;559.671875;-2063.864746;852.489258;-36.898224;-2546.137939;728.275085;304.323608;-3116.282715;520.043396;-611.585632;-3135.126221;945.973755;;;;;;
1363;0;-708.522888;-2035.740601;637.452393;557.481628;-2061.425293;851.413025;-36.950008;-2541.977295;728.080872;304.005554;-3112.224365;519.871521;-611.298584;-3131.343994;944.868164;;;;;;
1364;0;-706.371155;-2033.144897;638.124634;555.216248;-2058.901611;850.440613;-36.911606;-2537.851562;727.71344;303.671143;-3108.217773;519.723999;-611.016541;-3127.54126;943.758911;;;;;;
1365;0;-704.179749;-2030.551636;638.73114;552.96582;-2056.501953;849.51947;-36.866432;-2533.658936;727.490417;303.243866;-3104.137695;519.521851;-610.74115;-3123.720459;942.71875;;;;;;
1366;0;-701.895203;-2027.982056;639.412048;550.608704;-2054.040527;848.457031;-36.838692;-2529.394531;727.204773;302.903442;-3100.070312;519.384949;-610.489441;-3119.835205;941.692078;;;;;;
1367;0;-699.619446;-2025.349609;640.024719;548.283691;-2051.456299;847.401001;-36.850132;-2525.303223;726.953491;302.55127;-3096.017822;519.220276;-609.908875;-3115.97998;940.425293;;;;;;
1368;0;-697.361816;-2022.799683;640.69574;545.957397;-2049.049316;846.455627;-36.831524;-2521.106934;726.703064;302.19458;-3091.931641;519.100769;-609.722107;-3112.174316;939.505066;;;;;;
1369;0;-694.96759;-2020.147095;641.384521;543.510986;-2046.521851;845.385559;-36.814045;-2516.828125;726.411194;301.877319;-3087.894531;518.948059;-609.304871;-3108.226562;938.403625;;;;;;
1370;0;-692.576904;-2017.561401;642.10968;541.098206;-2043.955566;844.348877;-36.769245;-2512.618896;726.097717;301.49115;-3083.809326;518.844238;-608.967651;-3104.3125;937.384766;;;;;;
1371;0;-690.187439;-2014.917603;642.843872;538.674683;-2041.466431;843.293762;-36.680431;-2508.346436;725.758057;301.137817;-3079.737793;518.69165;-608.526428;-3100.404297;936.345032;;;;;;
1372;0;-687.716919;-2012.324341;643.618652;536.118103;-2038.931152;842.234619;-36.667271;-2504.064697;725.565796;300.72818;-3075.647949;518.602478;-608.174377;-3096.459229;935.286682;;;;;;
1373;0;-685.236633;-2009.766602;644.461304;533.642822;-2036.460449;841.240234;-36.651321;-2499.893066;725.345398;300.393982;-3071.572266;518.492615;-607.641174;-3092.484619;934.257385;;;;;;
1374;0;-682.781311;-2007.134155;645.214355;531.122925;-2033.906006;840.212402;-36.727066;-2495.727051;725.188293;300.035736;-3067.5354;518.40387;-607.249512;-3088.52832;933.296387;;;;;;
1375;0;-680.237488;-2004.521851;645.975708;528.506409;-2031.358276;839.153992;-36.597698;-2491.388916;724.8349;299.702087;-3063.463867;518.267517;-606.745728;-3084.578857;932.269775;;;;;;
1376;0;-677.664612;-2001.934814;646.76123;526.047668;-2028.785645;838.253052;-36.530869;-2487.124023;724.544556;299.361542;-3059.329102;518.140503;-606.117188;-3080.522705;931.161621;;;;;;
1377;0;-675.083923;-1999.314575;647.567322;523.417786;-2026.309692;837.266296;-36.550079;-2482.86792;724.328369;299.020691;-3055.293701;518.037842;-605.670166;-3076.533447;930.226624;;;;;;
1378;0;-672.501038;-1996.72998;648.348083;520.820801;-2023.711426;836.283386;-36.500717;-2478.595703;724.109253;298.686584;-3051.254395;517.911194;-605.017273;-3072.520508;929.161499;;;;;;
1379;0;-669.93512;-1994.140625;649.106445;518.217834;-2021.252441;835.42981;-36.468639;-2474.33252;723.795532;298.289398;-3047.219482;517.735657;-604.586243;-3068.551025;928.323242;;;;;;
1380;0;-667.393921;-1991.559326;649.945923;515.611145;-2018.694824;834.556335;-36.405006;-2470.015381;723.598877;297.989441;-3043.176514;517.498901;-604.009277;-3064.527344;927.348511;;;;;;
1381;0;-664.635254;-1988.982422;650.64447;513.028809;-2016.050781;833.788757;-36.424187;-2465.774414;723.367981;297.589783;-3039.104004;517.43866;-603.471069;-3060.45874;926.420959;;;;;;
1382;0;-662.024048;-1986.396118;651.3797;510.454224;-2013.536987;833.03656;-36.28653;-2461.468262;723.109436;297.402283;-3035.051514;517.260864;-602.904602;-3056.420166;925.577515;;;;;;
1383;0;-659.396362;-1983.809326;652.145081;507.733215;-2010.980835;832.293091;-36.270699;-2457.137695;722.945923;297.117676;-3030.976318;517.055481;-602.305054;-3052.432373;924.707092;;;;;;
1384;0;-656.801392;-1981.170776;652.802673;505.081482;-2008.461914;831.598694;-36.293427;-2452.9646;722.792542;296.772797;-3026.959961;516.873291;-601.695557;-3048.373779;923.869995;;;;;;
1385;0;-654.072083;-1978.56665;653.412781;502.455658;-2005.871826;830.916321;-36.158001;-2448.662109;722.470276;296.441101;-3022.953857;516.65625;-601.118652;-3044.353516;923.124939;;;;;;
1386;0;-651.425476;-1975.99585;654.021545;499.831268;-2003.306396;830.382019;-36.132523;-2444.346924;722.280396;296.121246;-3018.89209;516.430115;-600.376526;-3040.283936;922.338562;;;;;;
1387;0;-648.742493;-1973.375122;654.601196;497.23349;-2000.817017;829.943787;-36.041279;-2440.116699;721.920959;295.93045;-3014.917969;516.175415;-600.049561;-3036.309326;921.749084;;;;;;
1388;0;-646.005676;-1970.756592;655.110352;494.579102;-1998.283691;829.412109;-36.023159;-2435.927979;721.689514;295.636505;-3010.885742;515.927368;-599.307922;-3032.243896;921.045227;;;;;;
1389;0;-643.417053;-1968.208008;655.744141;491.971375;-1995.594971;828.969788;-35.972492;-2431.674805;721.541382;295.317963;-3006.895264;515.74646;-598.644958;-3028.175293;920.347961;;;;;;
1390;0;-640.612427;-1965.564209;656.130798;489.354797;-1993.081421;828.658875;-35.86935;-2427.445068;721.207397;295.022736;-3002.910889;515.473877;-598.205994;-3024.16333;919.809814;;;;;;
1391;0;-637.968689;-1962.956665;656.675232;486.770111;-1990.594849;828.455322;-35.833252;-2423.23291;720.978699;294.74707;-2998.916992;515.2146;-597.409241;-3020.094238;919.156555;;;;;;
1392;0;-635.256958;-1960.348633;657.165466;484.108643;-1987.976562;828.211792;-35.765312;-2418.938721;720.670654;294.519836;-2994.979492;514.940002;-596.732117;-3016.022949;918.69989;;;;;;
1393;0;-632.502747;-1957.697388;657.536987;481.476746;-1985.481201;828.054626;-35.70089;-2414.776123;720.47937;294.291473;-2991.032227;514.706604;-596.366455;-3012.030273;918.311707;;;;;;
1394;0;-629.888062;-1955.069458;657.931091;478.961914;-1982.834717;827.952271;-35.678646;-2410.539795;720.253967;294.029327;-2987.054932;514.447144;-595.753784;-3008.000732;917.859009;;;;;;
1395;0;-627.058655;-1952.445801;658.256348;476.258301;-1980.306152;827.880188;-35.617741;-2406.430908;720.006226;293.795532;-2983.131836;514.160278;-595.266052;-3003.981934;917.536255;;;;;;
1396;0;-624.314026;-1949.814819;658.604004;473.741364;-1977.70813;827.89386;-35.516769;-2402.252197;719.770508;293.558777;-2979.276611;513.91864;-594.58905;-2999.948486;917.11261;;;;;;
1397;0;-621.657593;-1947.235718;658.961182;471.132294;-1975.108765;827.859741;-35.500839;-2398.076172;719.509033;293.28653;-2975.326904;513.675171;-593.957275;-2995.868408;916.690918;;;;;;
1398;0;-618.946472;-1944.563354;659.16571;468.539734;-1972.532471;827.941345;-35.454041;-2393.974365;719.241699;293.061523;-2971.412354;513.463867;-593.519958;-2991.883057;916.485596;;;;;;
1399;0;-616.181885;-1941.885864;659.407715;465.995453;-1969.863892;828.066406;-35.341927;-2389.79541;719.011047;292.918396;-2967.523193;513.243591;-592.996887;-2987.860352;916.263672;;;;;;
1400;0;-613.391907;-1939.19873;659.648865;463.452759;-1967.211914;828.174683;-35.320972;-2385.707764;718.886719;292.658234;-2963.58667;513.001953;-592.480469;-2983.829102;916.03064;;;;;;
1401;0;-610.807922;-1936.581299;660.023865;460.863861;-1964.565063;828.420715;-35.218708;-2381.600098;718.52533;292.445129;-2959.703857;512.783813;-591.976868;-2979.80542;915.853333;;;;;;
1402;0;-607.988586;-1933.889648;660.133545;458.349823;-1961.947144;828.680237;-35.152225;-2377.431152;718.308777;292.220703;-2955.854004;512.601624;-591.454834;-2975.782715;915.660583;;;;;;
1403;0;-605.28479;-1931.174561;660.377136;455.775024;-1959.301392;828.955139;-35.013577;-2373.38623;718.108521;291.992798;-2951.997314;512.375244;-590.962646;-2971.818848;915.514038;;;;;;
1404;0;-602.617065;-1928.493286;660.683228;453.289825;-1956.630493;829.18457;-34.961807;-2369.328613;717.807556;291.830597;-2948.089844;512.177185;-590.528259;-2967.748291;915.362427;;;;;;
1405;0;-599.96936;-1925.819702;660.821899;450.752747;-1953.968628;829.406616;-34.841412;-2365.295166;717.564636;291.65744;-2944.212891;511.99472;-590.043945;-2963.75415;915.277405;;;;;;
1406;0;-597.240845;-1923.050171;660.951782;448.286987;-1951.249268;829.65863;-34.72105;-2361.270508;717.255859;291.500366;-2940.359375;511.821136;-589.643799;-2959.753174;915.18396;;;;;;
1407;0;-594.496521;-1920.3927;661.208618;445.793213;-1948.645142;830.047485;-34.555164;-2357.275146;717.03949;291.286255;-2936.462646;511.636841;-589.182922;-2955.754639;915.105896;;;;;;
1408;0;-591.806274;-1917.588135;661.266357;443.381531;-1945.851562;830.25708;-34.424107;-2353.291504;716.85791;291.083679;-2932.626221;511.39624;-588.782959;-2951.774658;915.074341;;;;;;
1409;0;-589.180359;-1914.943481;661.493286;440.869049;-1943.162842;830.572327;-34.40263;-2349.332275;716.575623;290.872894;-2928.760254;511.313904;-588.433899;-2947.750244;915.015564;;;;;;
1410;0;-586.412598;-1912.120361;661.709167;438.41272;-1940.448486;830.955627;-34.13018;-2345.350098;716.383789;290.732819;-2924.858154;511.193085;-588.005981;-2943.769775;915.006653;;;;;;
1411;0;-583.798218;-1909.341919;661.879761;436.011627;-1937.721313;831.299622;-34.001087;-2341.32666;716.186035;290.541748;-2921.017822;511.049255;-587.610107;-2939.744385;914.985352;;;;;;
1412;0;-581.074524;-1906.582642;662.005554;433.526001;-1935.040771;831.628845;-33.888569;-2337.456299;715.946167;290.344879;-2917.190186;510.854553;-587.263733;-2935.766113;914.974121;;;;;;
1413;0;-578.467224;-1903.851807;662.216064;431.122772;-1932.173584;831.85321;-33.671265;-2333.492432;715.751038;290.340698;-2913.304443;510.678955;-586.964966;-2931.736816;914.981201;;;;;;
1414;0;-575.770996;-1901.037476;662.338867;428.684906;-1929.472046;832.173645;-33.525307;-2329.569824;715.513855;290.05423;-2909.496338;510.547577;-586.574524;-2927.790039;914.947205;;;;;;
1415;0;-573.185486;-1898.282104;662.445923;426.256683;-1926.75293;832.459717;-33.436752;-2325.683838;715.230652;289.856476;-2905.688232;510.391602;-586.323486;-2923.753662;914.976135;;;;;;
1416;0;-570.560059;-1895.46936;662.57074;423.940186;-1924.000244;832.707642;-33.239933;-2321.861816;715.093506;289.687408;-2901.794678;510.249268;-586.042114;-2919.767822;914.980652;;;;;;
1417;0;-567.991638;-1892.692871;662.702576;421.586304;-1921.189209;832.937317;-33.07288;-2317.919189;714.773987;289.567993;-2897.954346;510.119843;-585.687988;-2915.833984;914.934326;;;;;;
1418;0;-565.412476;-1889.849854;662.815063;419.181213;-1918.473755;833.185913;-32.909939;-2314.090088;714.532043;289.416748;-2894.09375;510.011627;-585.44574;-2911.83252;914.964722;;;;;;
1419;0;-562.857483;-1886.960327;662.874756;416.806854;-1915.716797;833.465515;-32.719063;-2310.22583;714.281128;289.237244;-2890.230469;509.86557;-585.120728;-2907.830078;914.959412;;;;;;
1420;0;-560.214172;-1884.069336;662.964966;414.471436;-1912.942017;833.714539;-32.564102;-2306.350342;714.016174;289.075317;-2886.415527;509.748413;-584.938477;-2903.875732;914.946167;;;;;;
1421;0;-557.754333;-1881.243408;663.090393;412.108795;-1910.072754;833.868103;-32.390305;-2302.502197;713.788574;288.914337;-2882.560547;509.565247;-584.6698;-2899.890137;914.953064;;;;;;
1422;0;-555.147156;-1878.363525;663.154724;409.718994;-1907.359741;834.114014;-32.204048;-2298.69043;713.582764;288.74118;-2878.779785;509.521362;-584.399963;-2895.913574;914.944946;;;;;;
1423;0;-552.609436;-1875.444946;663.189636;407.421875;-1904.569946;834.244141;-32.032124;-2294.865234;713.291931;288.575043;-2874.963867;509.35675;-584.214539;-2891.983398;914.923706;;;;;;
1424;0;-550.08197;-1872.55835;663.200439;405.117249;-1901.780762;834.440552;-31.833488;-2291.111816;713.054138;288.531891;-2871.11499;509.237762;-583.958984;-2888.009277;914.878479;;;;;;
1425;0;-547.634338;-1869.62854;663.277039;402.759583;-1898.985962;834.482666;-31.630352;-2287.229736;712.699951;288.379547;-2867.283447;509.140381;-583.815552;-2884.023193;914.862915;;;;;;
1426;0;-545.044006;-1866.7052;663.179199;400.440308;-1896.194336;834.579651;-31.514112;-2283.557129;712.447876;288.152313;-2863.454102;509.037323;-583.462891;-2880.269043;914.60614;;;;;;
1427;0;-542.533203;-1863.759155;663.123901;398.229645;-1893.383423;834.685242;-31.269245;-2279.790283;712.21051;288.016052;-2859.623291;508.896515;-583.255066;-2876.093506;914.655212;;;;;;
1428;0;-540.056702;-1860.791382;663.1875;395.859375;-1890.560059;834.756714;-31.153137;-2276.016602;711.958435;287.877777;-2855.826904;508.812317;-583.038879;-2872.25415;914.53064;;;;;;
1429;0;-537.563293;-1857.870117;663.142395;393.539093;-1887.739258;834.812195;-30.939758;-2272.266113;711.692383;287.7276;-2852.030029;508.74942;-582.826904;-2868.310303;914.449158;;;;;;
1430;0;-534.999756;-1854.908569;663.125;391.28891;-1884.948608;834.892639;-30.739901;-2268.478516;711.513245;287.629852;-2848.208496;508.678558;-582.720398;-2864.3479;914.437622;;;;;;
1431;0;-532.508118;-1851.869507;663.003113;388.959839;-1882.134644;834.902893;-30.592958;-2264.786377;711.268616;287.4487;-2844.336182;508.649933;-582.579773;-2860.384033;914.381592;;;;;;
1432;0;-530.080505;-1848.886597;663.003723;386.679535;-1879.312988;834.934387;-30.345009;-2260.976562;710.97168;287.270081;-2840.496338;508.588135;-582.437134;-2856.455566;914.283936;;;;;;
1433;0;-527.485596;-1845.842896;662.843933;384.393494;-1876.515991;835.0224;-30.20645;-2257.284424;710.708923;287.140442;-2836.659668;508.541992;-582.346924;-2852.589111;914.215637;;;;;;
1434;0;-525.114685;-1842.817139;662.776978;382.105927;-1873.611816;834.949524;-29.93502;-2253.542969;710.437561;287.055817;-2832.814697;508.509888;-581.986816;-2848.585449;913.962585;;;;;;
1435;0;-522.723511;-1839.724609;662.644409;379.845062;-1870.796997;834.977844;-29.820379;-2249.860107;710.217773;286.906555;-2828.958984;508.46405;-581.907898;-2844.691162;913.835205;;;;;;
1436;0;-520.158569;-1836.716797;662.581238;377.513336;-1868.009644;834.924072;-29.63785;-2246.168701;709.939392;286.751892;-2825.120605;508.491638;-581.750183;-2840.752686;913.700867;;;;;;
1437;0;-517.702881;-1833.664551;662.472961;375.300171;-1865.186035;834.951843;-29.403227;-2242.428711;709.683228;286.607727;-2821.270264;508.487518;-581.630066;-2836.865723;913.56311;;;;;;
1438;0;-515.280334;-1830.513428;662.332336;373.02536;-1862.264526;834.921509;-29.277042;-2238.725342;709.42804;286.476257;-2817.415039;508.467377;-581.544739;-2833.003174;913.396179;;;;;;
1439;0;-512.844971;-1827.420166;662.251221;370.738159;-1859.487793;835.028076;-29.128176;-2235.047852;709.173096;286.242065;-2813.554443;508.582886;-581.523682;-2829.081299;913.303711;;;;;;
1440;0;-510.239136;-1824.3125;662.123413;368.392029;-1856.607788;834.996643;-28.96846;-2231.328369;708.954163;286.235168;-2809.623291;508.507599;-581.470154;-2825.115479;913.197937;;;;;;
1441;0;-507.848907;-1821.184937;661.991943;366.138306;-1853.72644;834.973877;-28.734472;-2227.639648;708.65332;286.026306;-2805.754883;508.616913;-581.317993;-2821.195068;912.998596;;;;;;
1442;0;-505.494415;-1818.030884;661.909607;363.934418;-1850.810547;835.008362;-28.612457;-2223.938232;708.360352;285.862213;-2801.826416;508.692871;-581.23999;-2817.340576;912.830322;;;;;;
1443;0;-503.040741;-1814.880737;661.786743;361.720245;-1847.905396;834.907349;-28.416355;-2220.281982;708.086853;285.673187;-2797.917725;508.750916;-581.179932;-2813.378418;912.693481;;;;;;
1444;0;-500.575378;-1811.758667;661.690552;359.41098;-1845.045776;834.879883;-28.209358;-2216.491211;707.769348;285.526581;-2794.012695;508.855042;-581.007935;-2809.521973;912.45282;;;;;;
1445;0;-498.175385;-1808.549683;661.497864;357.207672;-1842.164062;834.87323;-28.186203;-2212.91748;707.466797;285.391449;-2790.084961;508.930389;-580.8974;-2805.666504;912.224854;;;;;;
1446;0;-495.781952;-1805.424194;661.408752;354.928925;-1839.244873;834.787903;-27.883793;-2209.035645;707.033447;285.151581;-2786.12915;509.029205;-580.885986;-2801.781006;912.068909;;;;;;
1447;0;-493.386444;-1802.146606;661.283508;352.715179;-1836.406128;834.868408;-27.823402;-2205.348389;706.694153;285.003632;-2782.129883;509.138153;-580.779053;-2797.869385;911.852417;;;;;;
1448;0;-490.970917;-1799.021973;661.270935;350.445068;-1833.503662;834.875732;-27.631996;-2201.582031;706.309998;284.847137;-2778.229736;509.187042;-580.700134;-2793.924072;911.658264;;;;;;
1449;0;-488.599487;-1795.800171;661.279419;348.271423;-1830.583496;834.870117;-27.538322;-2197.731689;705.972656;284.715912;-2774.257324;509.327942;-580.631226;-2790.045166;911.466614;;;;;;
1450;0;-486.208527;-1792.484741;661.150879;346.049255;-1827.661743;834.889465;-27.281267;-2193.84375;705.535889;284.635223;-2770.278076;509.404907;-580.564636;-2786.127197;911.279053;;;;;;
1451;0;-483.980469;-1789.265503;661.219788;343.886108;-1824.729248;834.870178;-27.274466;-2190.105469;705.119751;284.272919;-2766.345215;509.581329;-580.518311;-2782.227295;911.074829;;;;;;
1452;0;-481.539032;-1785.939697;661.107727;341.621094;-1821.780151;834.825928;-27.083185;-2186.464355;704.886597;284.035126;-2762.381104;509.666931;-580.467285;-2778.341797;910.860352;;;;;;
1453;0;-479.275787;-1782.717285;661.176514;339.436768;-1818.931519;834.843933;-27.079588;-2182.715576;704.520447;283.835358;-2758.427979;509.864868;-580.381653;-2774.434326;910.678772;;;;;;
1454;0;-476.960052;-1779.389771;661.145874;337.310913;-1815.946777;834.81543;-26.900034;-2178.918213;704.100281;283.63913;-2754.453857;509.996246;-580.362793;-2770.532227;910.442505;;;;;;
1455;0;-474.689606;-1776.040405;661.038086;335.156311;-1813.012817;834.773499;-26.703442;-2175.108154;703.726807;283.413116;-2750.497559;510.121887;-580.293823;-2766.637939;910.163086;;;;;;
1456;0;-472.420563;-1772.685547;661.104248;333.013397;-1810.0802;834.791077;-26.671036;-2171.476562;703.372192;283.124573;-2746.53833;510.299805;-580.252502;-2762.767578;909.951965;;;;;;
1457;0;-470.241821;-1769.332397;661.08374;330.906311;-1807.115356;834.77478;-26.556965;-2167.547119;703.123901;282.851929;-2742.62915;510.484802;-580.195068;-2758.862793;909.75824;;;;;;
1458;0;-467.98468;-1765.968872;661.228271;328.78476;-1804.120483;834.717468;-26.457386;-2163.766602;702.568176;282.582977;-2738.655518;510.656586;-580.146423;-2754.952148;909.541382;;;;;;
1459;0;-465.781677;-1762.56189;661.285828;326.777527;-1801.140625;834.794373;-26.424614;-2160.134521;702.432068;282.331116;-2734.706543;510.891144;-580.14563;-2751.0354;909.34845;;;;;;
1460;0;-463.602692;-1759.051636;661.286377;324.674164;-1798.109497;834.733093;-26.059475;-2156.055664;701.932007;282.124054;-2730.685547;511.031464;-580.034363;-2747.129395;909.154907;;;;;;
1461;0;-461.520416;-1755.628662;661.458679;322.586243;-1795.166992;834.760803;-26.10618;-2152.396973;701.72229;281.837524;-2726.813965;511.17926;-580.008423;-2743.186768;908.92981;;;;;;
1462;0;-459.401947;-1752.060669;661.49408;320.481293;-1792.197021;834.772278;-25.845318;-2148.389404;701.182495;281.570465;-2722.858398;511.285248;-579.953552;-2739.336426;908.732178;;;;;;
1463;0;-457.394196;-1748.67981;661.613586;318.511322;-1789.182861;834.722351;-25.640341;-2144.292969;700.644165;281.381683;-2718.887695;511.427155;-579.884338;-2735.410889;908.519226;;;;;;
1464;0;-455.371613;-1745.082275;661.670593;316.483032;-1786.05481;834.63678;-25.408022;-2140.449219;700.33667;281.09198;-2714.945312;511.50882;-579.850342;-2731.529785;908.294739;;;;;;
1465;0;-453.46347;-1741.555786;661.761047;314.606415;-1783.055298;834.632141;-25.186735;-2136.609863;700.059937;280.828735;-2710.952637;511.615112;-579.801697;-2727.645508;908.101807;;;;;;
1466;0;-451.449127;-1738.013306;661.83197;312.642487;-1779.930786;834.581421;-25.074274;-2132.936279;699.813171;280.579773;-2706.981445;511.668457;-579.688721;-2723.751221;907.906311;;;;;;
1467;0;-449.64267;-1734.396362;661.938599;310.743073;-1776.856812;834.542419;-24.894594;-2129.186523;699.548523;280.388733;-2703.023926;511.755157;-579.661682;-2719.8125;907.752136;;;;;;
1468;0;-447.686462;-1730.763794;662.05481;308.837708;-1773.714478;834.487122;-24.946781;-2125.482178;699.587585;280.031433;-2699.061035;511.840271;-579.604736;-2715.916748;907.566895;;;;;;
1469;0;-446.091461;-1727.096069;662.157532;306.997192;-1770.560913;834.405701;-24.650209;-2121.702637;699.365295;279.727783;-2695.045166;511.895844;-579.551208;-2711.976807;907.403503;;;;;;
1470;0;-444.316864;-1723.337646;662.198608;305.18573;-1767.393555;834.384827;-24.407404;-2117.814453;699.081787;279.458282;-2691.12915;511.974274;-579.464111;-2708.070557;907.252441;;;;;;
1471;0;-442.659454;-1719.673828;662.183472;303.318329;-1764.148438;834.203796;-24.194761;-2113.865234;698.764526;279.167084;-2687.209229;512.055847;-579.396179;-2704.134033;907.062378;;;;;;
1472;0;-441.073608;-1715.99707;662.318237;301.59613;-1761.000244;834.14502;-23.902767;-2110.033691;698.507507;278.901733;-2683.227051;512.112061;-579.35376;-2700.252197;906.929382;;;;;;
1473;0;-439.550812;-1712.261963;662.321777;299.871918;-1757.762573;834.051758;-23.769657;-2106.265869;698.464722;278.636597;-2679.265869;512.17688;-579.287537;-2696.324707;906.761108;;;;;;
1474;0;-437.993927;-1708.449341;662.27887;298.197815;-1754.462891;833.886108;-23.476715;-2102.321045;697.992554;278.309814;-2675.314209;512.318909;-579.2453;-2692.412109;906.618103;;;;;;
1475;0;-436.602112;-1704.764404;662.297668;296.523956;-1751.212646;833.768616;-23.217186;-2098.604004;697.802063;278.046051;-2671.290283;512.379944;-579.203308;-2688.458008;906.465454;;;;;;
1476;0;-435.275879;-1700.913208;662.28595;294.969025;-1747.890259;833.552979;-23.136501;-2094.819336;697.755615;277.768127;-2667.326172;512.479858;-579.137329;-2684.557373;906.319397;;;;;;
1477;0;-433.948944;-1697.131592;662.22583;293.426697;-1744.532349;833.362549;-22.724487;-2090.755615;697.282593;277.46579;-2663.33667;512.564087;-579.071594;-2680.621826;906.219116;;;;;;
1478;0;-432.782745;-1693.268555;662.205078;292.000854;-1741.178955;833.230591;-22.371771;-2086.831543;697.119263;277.209167;-2659.310547;512.672852;-578.958801;-2676.649902;906.095276;;;;;;
1479;0;-431.599213;-1689.427246;662.178467;290.548157;-1737.742798;832.913269;-22.230944;-2083.006836;696.849121;276.964813;-2655.285156;512.791565;-578.894104;-2672.757568;905.994385;;;;;;
1480;0;-430.551086;-1685.61438;662.142578;289.26651;-1734.41394;832.856018;-21.817736;-2078.963867;696.636169;276.726135;-2651.21167;512.868774;-578.819702;-2668.796143;905.881165;;;;;;
1481;0;-429.51474;-1681.718018;661.983887;287.922943;-1730.892578;832.535095;-21.552315;-2075.159912;696.437012;276.383301;-2647.155762;512.987854;-578.736572;-2664.824707;905.78363;;;;;;
1482;0;-428.570923;-1677.874268;661.863342;286.633972;-1727.474487;832.325073;-21.259869;-2071.138916;696.113831;276.21759;-2643.049072;512.978271;-578.687317;-2660.891846;905.701538;;;;;;
1483;0;-427.701691;-1673.976074;661.786011;285.413055;-1723.977905;832.099365;-20.919617;-2067.241943;695.921387;275.937714;-2639.000488;513.063049;-578.601685;-2656.946777;905.630859;;;;;;
1484;0;-426.898346;-1670.121582;661.608276;284.245514;-1720.5354;831.820496;-20.669895;-2063.348389;695.752502;275.708527;-2634.877197;513.088745;-578.486206;-2652.991699;905.564819;;;;;;
1485;0;-426.167847;-1666.2677;661.588501;283.218964;-1717.048584;831.643372;-20.403854;-2059.571533;695.596436;275.471863;-2630.773682;513.116638;-578.449585;-2649.048096;905.465393;;;;;;
1486;0;-425.55307;-1662.289795;661.270508;282.265228;-1713.411987;831.277161;-20.135845;-2055.645264;695.446411;275.270294;-2626.651123;513.095337;-578.35321;-2645.069092;905.377808;;;;;;
1487;0;-424.894196;-1658.432617;661.147339;281.260986;-1709.885132;831.03363;-19.881958;-2051.872803;695.417603;275.039612;-2622.528809;513.102539;-578.275574;-2641.083496;905.318604;;;;;;
1488;0;-424.45694;-1654.523804;660.913452;280.363434;-1706.334595;830.746399;-19.478247;-2047.874512;695.15332;274.817871;-2618.374023;513.086792;-578.198975;-2637.096436;905.283691;;;;;;
1489;0;-423.951294;-1650.572144;660.707153;279.627411;-1702.705078;830.440552;-19.185568;-2043.925049;695.005676;274.684509;-2614.197266;513.00769;-578.091064;-2633.109375;905.237244;;;;;;
1490;0;-423.671967;-1646.636475;660.439087;278.884247;-1699.032104;830.10199;-18.96451;-2040.074585;695.022156;274.486847;-2610.007812;512.994446;-577.986633;-2629.151611;905.235901;;;;;;
1491;0;-423.191956;-1642.68457;660.135315;278.214996;-1695.376953;829.745117;-18.626959;-2036.19812;694.757263;274.21521;-2605.835938;513.008972;-577.914734;-2625.153076;905.127869;;;;;;
1492;0;-423.030701;-1638.720215;659.861023;277.652649;-1691.721191;829.408813;-18.306604;-2032.223511;694.677185;274.080872;-2601.608643;512.914062;-577.780396;-2621.177002;905.085632;;;;;;
1493;0;-422.943787;-1634.768188;659.580933;277.071289;-1688.039551;829.059387;-18.045004;-2028.428101;694.66687;273.831818;-2597.390381;512.878601;-577.695923;-2617.199707;905.089417;;;;;;
1494;0;-422.744598;-1630.801636;659.277954;276.632812;-1684.349365;828.789062;-17.809357;-2024.468384;694.452087;273.605286;-2593.130371;512.842712;-577.572388;-2613.209473;905.061035;;;;;;
1495;0;-422.818054;-1626.916504;659.02771;276.154175;-1680.617798;828.431885;-17.457697;-2020.487305;694.351685;273.474335;-2588.866455;512.781982;-577.503601;-2609.195312;905.018311;;;;;;
1496;0;-422.744019;-1622.907471;658.65332;275.860046;-1676.877197;828.043884;-17.252298;-2016.69165;694.403381;273.267914;-2584.640137;512.727051;-577.384949;-2605.180176;904.951843;;;;;;
1497;0;-422.818878;-1618.957031;658.377686;275.50116;-1673.115723;827.76062;-16.948099;-2012.707275;694.239258;273.172028;-2580.280518;512.642883;-577.286987;-2601.148682;904.939819;;;;;;
1498;0;-422.986084;-1614.961304;658.122681;275.369843;-1669.343872;827.359375;-16.681446;-2008.828857;694.14679;273.099457;-2575.989014;512.562378;-577.18396;-2597.129639;904.950806;;;;;;
1499;0;-423.161804;-1610.982788;657.764038;275.056213;-1665.612793;827.090271;-16.461025;-2004.958618;694.232422;272.949371;-2571.664307;512.517334;-577.057495;-2593.06543;904.913513;;;;;;
1500;0;-423.401642;-1607.023804;657.46936;275.023834;-1661.774414;826.715881;-16.207558;-2001.053345;694.141357;272.881744;-2567.229004;512.427185;-576.946655;-2589.088867;904.913513;;;;;;
1501;0;-423.653107;-1603.04895;657.167786;274.940735;-1657.978638;826.455811;-15.962262;-1997.148804;694.097595;272.758301;-2562.921631;512.238281;-576.842041;-2585.032715;904.883911;;;;;;
1502;0;-424.001526;-1599.043213;656.704285;274.915283;-1654.149902;826.123535;-15.730228;-1993.349976;694.150696;272.745117;-2558.514893;512.19812;-576.682495;-2581.000732;904.842529;;;;;;
1503;0;-424.43219;-1595.055054;656.42804;275.007019;-1650.291504;825.777161;-15.403507;-1989.321411;694.170959;272.752502;-2554.10376;512.182983;-576.575012;-2576.958984;904.838684;;;;;;
1504;0;-424.822144;-1591.067139;656.056274;275.028381;-1646.456909;825.535339;-15.235693;-1985.511108;694.133789;272.660217;-2549.691895;511.940125;-576.421448;-2572.897705;904.813965;;;;;;
1505;0;-425.33194;-1587.10022;655.738708;275.199646;-1642.623535;825.24469;-15.025077;-1981.636475;694.269287;272.938843;-2545.241943;511.804169;-576.304016;-2568.852051;904.785706;;;;;;
1506;0;-425.764618;-1583.075684;655.283386;275.380951;-1638.737183;824.945496;-14.658279;-1977.689575;694.334656;272.718903;-2540.902832;511.535156;-576.18457;-2564.82373;904.806885;;;;;;
1507;0;-426.318817;-1579.039307;654.8125;275.593842;-1634.855713;824.744934;-14.528331;-1973.828125;694.382507;273.383942;-2536.208252;511.42453;-576.067139;-2560.705322;904.785645;;;;;;
1508;0;-426.970581;-1575.042603;654.529907;275.790558;-1630.948486;824.439392;-14.225041;-1969.81189;694.301819;272.802521;-2531.906494;511.243835;-575.89917;-2556.636719;904.727417;;;;;;
1509;0;-427.5979;-1570.953247;653.972656;276.172821;-1626.972656;824.173584;-13.938338;-1965.875488;694.313721;272.776917;-2527.240723;511.239532;-575.777954;-2552.571045;904.686462;;;;;;
1510;0;-428.234192;-1566.952393;653.608887;276.538879;-1623.053345;823.942688;-13.772952;-1962.040649;694.355591;272.982788;-2522.90332;510.842133;-575.616333;-2548.49707;904.659241;;;;;;
1511;0;-428.99472;-1562.910767;653.159546;276.832489;-1619.09729;823.615295;-13.492602;-1958.052734;694.205383;273.021454;-2518.300781;510.743866;-575.46814;-2544.445557;904.654541;;;;;;
1512;0;-429.682495;-1558.959473;652.806091;277.24826;-1615.214966;823.463257;-13.238605;-1954.106934;694.205078;273.107452;-2513.958252;510.305298;-575.331055;-2540.363525;904.595337;;;;;;
1513;0;-430.4245;-1554.929077;652.323669;277.716309;-1611.212158;823.214539;-13.101677;-1950.256592;694.136902;273.111664;-2509.451416;510.115387;-575.172913;-2536.289551;904.566101;;;;;;
1514;0;-431.228516;-1550.918945;651.833557;278.192688;-1607.21936;822.963684;-12.801428;-1946.27478;693.99707;273.160156;-2504.918457;509.782837;-575.028076;-2532.19751;904.500854;;;;;;
1515;0;-432.074066;-1546.858154;651.472839;278.615204;-1603.254639;822.793884;-12.552816;-1942.389038;693.872864;273.254242;-2500.424561;509.47403;-574.829468;-2528.06665;904.429993;;;;;;
1516;0;-432.733795;-1542.711182;650.855042;279.167664;-1599.252808;822.499939;-12.373675;-1938.426147;693.739807;273.396759;-2495.922852;509.137024;-574.700012;-2523.968018;904.374512;;;;;;
1517;0;-433.641235;-1538.791504;650.537231;279.675415;-1595.267212;822.326355;-12.023444;-1934.471436;693.508179;273.540558;-2491.348145;508.841919;-574.48877;-2519.871826;904.390747;;;;;;
1518;0;-434.475342;-1534.686157;650.118652;280.237976;-1591.279175;822.138855;-11.904522;-1930.592041;693.383972;273.666656;-2486.831299;508.483582;-574.315918;-2515.775146;904.324463;;;;;;
1519;0;-435.362823;-1530.618652;649.601074;280.820404;-1587.186035;821.837402;-11.716427;-1926.655884;693.180176;273.807159;-2482.275879;508.154816;-574.16394;-2511.692627;904.252808;;;;;;
1520;0;-436.186615;-1526.56543;649.229675;281.381958;-1583.18811;821.666809;-11.44015;-1922.714233;692.836304;273.988312;-2477.809082;507.761169;-573.966187;-2507.556885;904.199341;;;;;;
1521;0;-437.071533;-1522.485352;648.723267;282.002136;-1579.084473;821.417908;-11.272265;-1918.841431;692.774902;274.215363;-2473.190186;507.369568;-573.753662;-2503.4646;904.139954;;;;;;
1522;0;-438.011475;-1518.476562;648.39032;282.631592;-1575.043091;821.190186;-11.01975;-1914.863525;692.451233;274.313507;-2468.699219;506.975891;-573.608887;-2499.364746;904.065735;;;;;;
1523;0;-438.921356;-1514.450195;647.959961;283.282593;-1571.062622;821.141296;-10.927153;-1910.96106;692.193176;274.532196;-2464.145508;506.590302;-573.43158;-2495.219238;904.013916;;;;;;
1524;0;-439.853668;-1510.331421;647.530029;283.912842;-1566.945557;820.817871;-10.771177;-1907.067505;691.987366;274.743378;-2459.655029;506.22821;-573.230469;-2491.093018;903.954102;;;;;;
1525;0;-440.909393;-1506.33606;647.167358;284.575134;-1562.871948;820.652771;-10.434112;-1903.022095;691.631042;274.901581;-2455.104248;505.816467;-573.104431;-2486.997803;903.881104;;;;;;
1526;0;-441.70697;-1502.169678;646.723022;285.277313;-1558.70813;820.473999;-10.315486;-1899.133545;691.453125;275.063568;-2450.559082;505.592896;-572.900146;-2482.83667;903.841553;;;;;;
1527;0;-442.749603;-1498.098633;646.317749;285.976013;-1554.733887;820.299561;-10.263257;-1895.188232;691.11084;275.363373;-2446.01001;505.03653;-572.734436;-2478.694092;903.784363;;;;;;
1528;0;-443.676514;-1494.018799;645.953796;286.696228;-1550.528442;820.058167;-10.012618;-1891.227783;690.88739;275.58905;-2441.401611;504.628418;-572.558044;-2474.561523;903.655518;;;;;;
1529;0;-444.581482;-1489.943237;645.50531;287.477997;-1546.476196;819.913574;-9.887296;-1887.284912;690.547974;275.694946;-2436.914551;504.300903;-572.351562;-2470.407715;903.586487;;;;;;
1530;0;-445.613953;-1485.844604;645.221313;288.13916;-1542.330688;819.718079;-9.704357;-1883.326538;690.252869;276.058563;-2432.365967;503.902924;-572.164795;-2466.311523;903.541138;;;;;;
1531;0;-446.601898;-1481.731567;644.801636;288.850464;-1538.243286;819.538269;-9.440991;-1879.350464;689.963806;276.329834;-2427.799072;503.404572;-571.986267;-2462.165283;903.428223;;;;;;
1532;0;-447.600067;-1477.699707;644.428345;289.589783;-1534.183105;819.352356;-9.33071;-1875.445068;689.709534;276.641876;-2423.240234;502.977356;-571.793457;-2458.007568;903.369019;;;;;;
1533;0;-448.639587;-1473.623535;644.118286;290.279205;-1529.947144;819.10144;-9.236494;-1871.54895;689.411133;276.949707;-2418.714111;502.539032;-571.616455;-2453.871094;903.269287;;;;;;
1534;0;-449.3685;-1469.32312;643.605774;291.023682;-1525.916626;818.966187;-8.881675;-1867.442627;689.066589;277.278015;-2414.249756;502.189148;-571.4375;-2449.7229;903.177185;;;;;;
1535;0;-450.548187;-1465.37439;643.261169;291.697052;-1521.754761;818.761719;-8.764178;-1863.499756;688.768127;277.595398;-2409.652344;501.815552;-571.235657;-2445.576416;903.120483;;;;;;
1536;0;-451.457581;-1461.21936;642.981506;292.473785;-1517.651367;818.581543;-8.648038;-1859.554932;688.538208;278.013733;-2405.072754;501.418182;-571.100647;-2441.397705;903.06134;;;;;;
1537;0;-452.328308;-1456.842773;642.415161;293.137421;-1513.495361;818.344604;-8.348705;-1855.532715;688.154846;278.414307;-2400.480469;500.993622;-570.874817;-2437.240723;902.972168;;;;;;
1538;0;-453.247437;-1452.802368;642.116516;293.858307;-1509.359619;818.142273;-8.171625;-1851.539917;687.907471;278.660645;-2396.109863;500.706482;-570.726685;-2433.114502;902.869507;;;;;;
1539;0;-454.212067;-1448.615112;641.681641;294.551941;-1505.252197;817.96582;-8.008379;-1847.583374;687.547119;279.168396;-2391.469238;500.180054;-570.549927;-2428.942139;902.765015;;;;;;
1540;0;-455.13504;-1444.509155;641.280823;295.259216;-1501.035278;817.697632;-7.691136;-1843.537231;687.187561;279.399719;-2386.985596;499.960663;-570.371033;-2424.803467;902.688721;;;;;;
1541;0;-456.091675;-1440.408325;640.985046;295.976868;-1496.966919;817.526062;-7.469053;-1839.484741;686.865417;279.897705;-2382.394775;499.584412;-570.246216;-2420.674561;902.623596;;;;;;
1542;0;-456.941132;-1436.072876;640.513;296.569122;-1492.765015;817.331177;-7.262022;-1835.515625;686.493652;280.300507;-2377.901611;499.279877;-570.056213;-2416.478516;902.569214;;;;;;
1543;0;-457.827728;-1431.86499;640.138062;297.23465;-1488.640259;817.043762;-6.956517;-1831.43042;686.202637;280.651245;-2373.463135;499.124603;-569.895874;-2412.326416;902.475647;;;;;;
1544;0;-458.737946;-1427.692871;639.736755;297.852631;-1484.516602;816.80603;-6.769233;-1827.360229;685.746155;281.167358;-2368.795898;498.714539;-569.746582;-2408.170166;902.372192;;;;;;
1545;0;-459.440674;-1423.460449;639.39978;298.499054;-1480.348511;816.608765;-6.497467;-1823.364014;685.495178;281.53299;-2364.342529;498.613617;-569.559509;-2404.004395;902.346069;;;;;;
1546;0;-460.439728;-1419.297974;639.063599;299.035461;-1476.225708;816.336426;-6.118665;-1819.192139;685.113586;282.014801;-2359.725098;498.291809;-569.406799;-2399.804688;902.305969;;;;;;
1547;0;-461.116394;-1415.029419;638.589355;299.632355;-1472.062988;816.072571;-5.812775;-1815.118652;684.744141;282.515625;-2355.17041;498.099335;-569.24292;-2395.642822;902.197632;;;;;;
1548;0;-461.862091;-1410.750488;638.208496;300.141083;-1467.92627;815.848328;-5.580364;-1811.073975;684.455383;282.926331;-2350.702393;497.953339;-569.133179;-2391.471191;902.11145;;;;;;
1549;0;-462.632324;-1406.442017;637.763611;300.695709;-1463.785156;815.588501;-5.133919;-1806.949097;684.039551;283.458771;-2346.06665;497.696533;-568.960449;-2387.310791;902.037842;;;;;;
1550;0;-463.32605;-1402.170288;637.39624;301.187592;-1459.632568;815.317871;-4.723682;-1802.754395;683.710876;283.989838;-2341.563232;497.505066;-568.805664;-2383.122314;901.935364;;;;;;
1551;0;-464.078033;-1397.971191;637.072327;301.691193;-1455.51062;815.090332;-4.474392;-1798.657959;683.457214;284.434723;-2337.101807;497.46637;-568.72522;-2378.912842;901.887329;;;;;;
1552;0;-464.628845;-1393.549927;636.661865;302.117249;-1451.37439;814.775818;-4.128034;-1794.585083;683.190186;285.006836;-2332.45166;497.198608;-568.582275;-2374.724121;901.800598;;;;;;
1553;0;-465.407867;-1389.306396;636.43988;302.533844;-1447.193237;814.5625;-3.648598;-1790.397461;682.953308;285.461395;-2327.959717;497.20755;-568.437012;-2370.514648;901.736572;;;;;;
1554;0;-465.668945;-1384.634033;635.933289;302.941986;-1443.104614;814.288269;-3.202811;-1786.185059;682.650879;286.06665;-2323.356689;497.033875;-568.334351;-2366.293701;901.670044;;;;;;
1555;0;-466.442535;-1380.551514;635.692383;303.254425;-1438.991455;814.010742;-2.833076;-1782.146729;682.517273;286.64679;-2318.811279;496.967987;-568.204651;-2362.085449;901.562317;;;;;;
1556;0;-466.988922;-1376.328369;635.449036;303.651245;-1434.891235;813.780273;-2.421715;-1777.971069;682.248474;287.060699;-2314.415527;496.987427;-568.100525;-2357.870117;901.51001;;;;;;
1557;0;-467.417999;-1371.900879;635.048462;303.957214;-1430.750488;813.456604;-2.238216;-1774.057739;682.1297;287.666534;-2309.84375;496.830963;-568.020142;-2353.703857;901.373596;;;;;;
1558;0;-467.884888;-1367.604614;634.750977;304.277863;-1426.733032;813.241882;-1.62036;-1769.805786;681.952881;288.194031;-2305.296631;496.760498;-567.906799;-2349.472168;901.322815;;;;;;
1559;0;-468.223846;-1363.171875;634.42865;304.589691;-1422.670654;812.980896;-1.257174;-1765.58606;681.785889;288.787628;-2300.813965;496.792908;-567.825012;-2345.244629;901.233459;;;;;;
1560;0;-468.722931;-1358.852051;634.157471;304.76886;-1418.567871;812.694275;-0.71953;-1761.290771;681.649414;289.333191;-2296.300049;496.803314;-567.763428;-2341.015137;901.099731;;;;;;
1561;0;-469.052826;-1354.434082;633.871521;305.024567;-1414.56543;812.436707;-0.458605;-1757.238892;681.588318;289.931763;-2291.731445;496.728516;-567.707764;-2336.74292;901.051636;;;;;;
1562;0;-469.446259;-1350.019165;633.642151;305.158783;-1410.428711;812.149658;0.006144;-1752.932495;681.479919;290.584747;-2287.156006;496.689453;-567.626953;-2332.55249;901.004639;;;;;;
1563;0;-469.738037;-1345.631714;633.382874;305.343506;-1406.411133;811.901245;0.408947;-1748.762207;681.480164;291.089417;-2282.732422;496.845978;-567.575623;-2328.252686;900.915771;;;;;;
1564;0;-469.978455;-1341.180664;633.112122;305.456726;-1402.390381;811.585327;0.881512;-1744.431641;681.407837;291.750214;-2278.172607;496.865906;-567.553894;-2323.990479;900.842712;;;;;;
1565;0;-470.110352;-1336.818726;632.945251;305.595947;-1398.325195;811.361572;1.302012;-1740.192261;681.427185;292.287933;-2273.682617;496.930511;-567.474976;-2319.714111;900.768127;;;;;;
1566;0;-470.360962;-1332.415771;632.759766;305.737152;-1394.335449;811.085083;1.700852;-1735.905273;681.444824;292.955231;-2269.16333;497.008484;-567.413269;-2315.448486;900.682251;;;;;;
1567;0;-470.443665;-1328.004395;632.561707;305.802399;-1390.346069;810.786682;2.180499;-1731.526123;681.497253;293.489197;-2264.709473;497.122803;-567.431702;-2311.162354;900.572388;;;;;;
1568;0;-470.626831;-1323.532959;632.403687;305.856415;-1386.351318;810.554199;2.52679;-1727.288208;681.527832;294.151611;-2260.200195;497.159912;-567.396179;-2306.883057;900.490967;;;;;;
1569;0;-470.684967;-1319.019043;632.129456;305.888885;-1382.384766;810.238098;2.959474;-1722.991577;681.721252;294.780945;-2255.707275;497.272491;-567.395996;-2302.605957;900.39917;;;;;;
1570;0;-470.802551;-1314.663696;632.042114;305.910217;-1378.380493;809.992615;3.338987;-1718.658813;681.877502;295.428314;-2251.233887;497.40863;-567.414734;-2298.307617;900.318176;;;;;;
1571;0;-470.885132;-1310.220581;631.847839;305.885406;-1374.472534;809.777466;3.758703;-1714.285889;681.994202;296.113861;-2246.741943;497.496918;-567.367615;-2293.982178;900.280579;;;;;;
1572;0;-470.778564;-1305.720215;631.638916;305.87323;-1370.463501;809.504395;4.233467;-1709.872192;682.130981;296.677856;-2242.335449;497.679443;-567.381409;-2289.673096;900.202026;;;;;;
1573;0;-470.78241;-1301.328003;631.545959;305.837067;-1366.541992;809.273682;4.663996;-1705.395752;682.352417;297.367462;-2237.802002;497.710388;-567.401917;-2285.333252;900.105164;;;;;;
1574;0;-470.810608;-1296.797974;631.411316;305.767914;-1362.588135;809.053223;4.966022;-1701.031982;682.553955;297.969299;-2233.416992;497.960602;-567.407715;-2280.995605;900.049683;;;;;;
1575;0;-470.681458;-1292.408447;631.295105;305.677429;-1358.622559;808.800598;5.357608;-1696.568848;682.760254;298.628326;-2228.995605;498.185944;-567.442993;-2276.627686;899.939453;;;;;;
1576;0;-470.573792;-1287.962402;631.217102;305.53952;-1354.751953;808.595337;5.724353;-1692.111816;682.977051;299.3013;-2224.544922;498.347778;-567.466919;-2272.287109;899.909668;;;;;;
1577;0;-470.41217;-1283.497314;631.082947;305.419647;-1350.830566;808.415161;6.220528;-1687.609741;683.167175;299.983002;-2220.126709;498.438324;-567.524109;-2267.968262;899.874573;;;;;;
1578;0;-470.354248;-1279.050659;630.990417;305.27533;-1346.927979;808.244751;6.580472;-1683.049194;683.431885;300.677368;-2215.674561;498.591736;-567.539307;-2263.594727;899.80603;;;;;;
1579;0;-470.14917;-1274.52124;630.790771;305.16214;-1343.060791;808.033813;6.967868;-1678.503296;683.674255;301.329681;-2211.374512;498.81601;-567.590576;-2259.241211;899.732605;;;;;;
1580;0;-469.933289;-1270.168823;630.825867;304.98291;-1339.186523;807.858887;7.308047;-1673.993408;683.961731;302.033844;-2206.98999;499.015747;-567.698669;-2254.83374;899.657715;;;;;;
1581;0;-469.698303;-1265.641602;630.710388;304.794403;-1335.252319;807.669617;7.637687;-1669.394165;684.187195;302.66098;-2202.603027;499.198914;-567.706299;-2250.458008;899.618774;;;;;;
1582;0;-469.528473;-1261.169189;630.664795;304.576538;-1331.470093;807.573792;8.04103;-1664.856323;684.428284;303.400146;-2198.199707;499.370514;-567.789062;-2246.062256;899.585205;;;;;;
1583;0;-469.231354;-1256.751953;630.591309;304.350494;-1327.540894;807.455078;8.399679;-1660.197144;684.632629;304.08136;-2193.859131;499.559235;-567.854309;-2241.648682;899.580933;;;;;;
1584;0;-468.931824;-1252.345825;630.519043;304.091431;-1323.684937;807.316833;8.709667;-1655.645508;684.849609;304.749573;-2189.516602;499.735291;-567.89093;-2237.212158;899.552185;;;;;;
1585;0;-468.675598;-1247.897705;630.403992;303.841248;-1319.805542;807.226013;9.082697;-1650.920532;685.134094;305.481171;-2185.124756;499.904846;-567.965881;-2232.811768;899.539124;;;;;;
1586;0;-468.341675;-1243.49292;630.32666;303.59259;-1315.96167;807.108337;9.356192;-1646.303345;685.255676;306.120605;-2180.813721;500.104675;-567.983521;-2228.365234;899.482361;;;;;;
1587;0;-467.983429;-1239.049438;630.224487;303.303558;-1312.122437;807.039001;9.754853;-1641.566895;685.434204;306.795837;-2176.516113;500.291046;-568.031128;-2223.923828;899.463928;;;;;;
1588;0;-467.634155;-1234.656006;630.161682;303.057312;-1308.246826;806.878357;10.147077;-1636.812866;685.666443;307.497711;-2172.193359;500.393158;-568.069275;-2219.494141;899.442383;;;;;;
1589;0;-467.362152;-1230.240845;630.049316;302.736908;-1304.417603;806.714111;10.385091;-1632.127686;685.801453;308.160339;-2167.875;500.530182;-568.107422;-2215.053711;899.411682;;;;;;
1590;0;-466.890747;-1225.937378;630.041077;302.440063;-1300.522827;806.591736;10.722497;-1627.405518;685.953613;308.871338;-2163.636719;500.686951;-568.164795;-2210.564941;899.382141;;;;;;
1591;0;-466.594055;-1221.567627;629.901123;302.099792;-1296.716431;806.468506;11.028442;-1622.671387;686.14502;309.518066;-2159.383789;500.830536;-568.161011;-2206.103027;899.393982;;;;;;
1592;0;-466.171051;-1217.231689;629.817505;301.746307;-1292.824463;806.325073;11.322224;-1617.904663;686.28363;310.229828;-2155.057617;500.883453;-568.179749;-2201.598389;899.345276;;;;;;
1593;0;-465.72171;-1212.890259;629.729858;301.434448;-1289.042603;806.234314;11.569245;-1613.07312;686.395752;310.897217;-2150.782227;501.020447;-568.230225;-2197.142334;899.344421;;;;;;
1594;0;-465.411011;-1208.491943;629.706848;301.044098;-1285.143555;806.090027;11.883561;-1608.300903;686.515808;311.530121;-2146.505859;501.154175;-568.196472;-2192.620605;899.379761;;;;;;
1595;0;-464.949432;-1204.166504;629.592529;300.766266;-1281.309937;805.940125;12.104808;-1603.453247;686.666199;312.209656;-2142.210205;501.245026;-568.169067;-2188.111328;899.362366;;;;;;
1596;0;-464.495972;-1199.929199;629.529846;300.32547;-1277.383057;805.798462;12.341252;-1598.584717;686.781189;312.884094;-2137.979248;501.330688;-568.155029;-2183.578613;899.338928;;;;;;
1597;0;-464.088776;-1195.549683;629.414612;299.996094;-1273.605469;805.599487;12.519929;-1593.750122;686.834229;313.641785;-2133.709717;501.345276;-568.08667;-2179.055176;899.38031;;;;;;
1598;0;-463.611664;-1191.34436;629.296631;299.652832;-1269.703735;805.432251;12.709887;-1588.897583;686.877136;314.27066;-2129.473145;501.306641;-567.983276;-2174.515869;899.338745;;;;;;
1599;0;-463.178253;-1187.073853;629.155457;299.299164;-1265.837769;805.262878;12.922146;-1584.022095;686.926147;314.929016;-2125.28418;501.371796;-567.898743;-2170.005127;899.320618;;;;;;
1600;0;-462.828339;-1182.818359;629.088074;298.86972;-1261.967285;805.040222;12.97265;-1579.076294;686.938232;315.544983;-2121.107178;501.457825;-567.82019;-2165.474121;899.319641;;;;;;
1601;0;-462.295746;-1178.540527;628.943115;298.554657;-1258.141357;804.816406;13.171957;-1574.168945;686.955811;316.185791;-2116.829834;501.316376;-567.673096;-2160.896484;899.284973;;;;;;
1602;0;-461.861053;-1174.349976;628.869507;298.121246;-1254.213989;804.562439;13.213153;-1569.262939;686.99939;316.85614;-2112.642822;501.342529;-567.522644;-2156.343994;899.287109;;;;;;
1603;0;-461.452972;-1170.103027;628.695068;297.75528;-1250.359741;804.368164;13.287646;-1564.304321;686.985168;317.486816;-2108.45459;501.342834;-567.39679;-2151.782959;899.293213;;;;;;
1604;0;-460.913727;-1165.941895;628.596619;297.349854;-1246.488281;804.080994;13.266313;-1559.391602;687.038818;318.214203;-2104.210693;501.212891;-567.155762;-2147.199707;899.28064;;;;;;
1605;0;-460.544891;-1161.694214;628.499512;297.002686;-1242.577393;803.885986;13.386517;-1554.357666;687.063843;318.736267;-2100.089111;501.248016;-566.949219;-2142.620117;899.315979;;;;;;
1606;0;-460.078003;-1157.46167;628.34021;296.579742;-1238.738037;803.598999;13.312005;-1549.409424;687.063721;319.39917;-2095.948486;501.171997;-566.762573;-2138.068115;899.312622;;;;;;
1607;0;-459.629578;-1153.311279;628.25647;296.237274;-1234.796875;803.35321;13.26702;-1544.42688;687.101624;320.014679;-2091.75;501.088562;-566.475647;-2133.408447;899.247559;;;;;;
1608;0;-459.209351;-1149.102051;628.065674;295.880798;-1230.879517;803.009277;13.267456;-1539.432251;687.138367;320.676971;-2087.546143;500.961548;-566.186829;-2128.831299;899.276306;;;;;;
1609;0;-458.758759;-1145.063477;627.968994;295.470337;-1226.90332;802.720337;13.189839;-1534.409058;687.159729;321.227051;-2083.414062;500.850433;-565.913391;-2124.265137;899.267212;;;;;;
1610;0;-458.35321;-1140.821533;627.74884;295.173279;-1223.081787;802.415771;13.074373;-1529.382324;687.213135;321.785614;-2079.299805;500.779205;-565.57019;-2119.668457;899.230469;;;;;;
1611;0;-457.876221;-1136.71582;627.648315;294.759064;-1219.067871;802.090027;12.92882;-1524.356201;687.233521;322.403595;-2075.207275;500.663208;-565.244934;-2115.066895;899.22113;;;;;;
1612;0;-457.475891;-1132.587036;627.485291;294.4534;-1215.115234;801.781616;12.731712;-1519.426514;687.334412;322.980957;-2071.100098;500.507904;-564.903015;-2110.482422;899.217834;;;;;;
1613;0;-457.101318;-1128.468262;627.38446;294.074127;-1211.193848;801.436829;12.566188;-1514.370605;687.393311;323.600372;-2066.941406;500.346375;-564.498474;-2105.833984;899.167175;;;;;;
1614;0;-456.751709;-1124.341187;627.240417;293.757996;-1207.209717;801.169861;12.408867;-1509.358765;687.516296;324.11145;-2062.854248;500.212067;-564.059021;-2101.229248;899.204956;;;;;;
1615;0;-456.284088;-1120.215942;627.05365;293.423737;-1203.25708;800.822876;12.132002;-1504.36438;687.64563;324.661011;-2058.75415;500.170715;-563.701294;-2096.626221;899.184875;;;;;;
1616;0;-455.933197;-1116.135498;626.924377;293.050354;-1199.207031;800.466003;11.903746;-1499.308838;687.79303;325.238708;-2054.62915;500.000946;-563.241577;-2091.992188;899.14917;;;;;;
1617;0;-455.502258;-1111.978638;626.726379;292.819153;-1195.243896;800.123047;11.645801;-1494.305786;687.859314;325.750214;-2050.460693;499.888153;-562.737427;-2087.296631;899.083374;;;;;;
1618;0;-455.160156;-1107.891113;626.575134;292.443848;-1191.155518;799.725952;11.361281;-1489.28772;688.003235;326.274933;-2046.391724;499.816833;-562.248047;-2082.698975;899.070251;;;;;;
1619;0;-454.85083;-1103.74646;626.399597;292.167328;-1187.155029;799.391846;11.05657;-1484.283447;688.112732;326.665497;-2042.339844;499.691956;-561.772095;-2078.089111;898.986389;;;;;;
1620;0;-454.429932;-1099.705078;626.242065;291.835449;-1183.099365;798.958862;10.719669;-1479.2948;688.193054;327.226929;-2038.244263;499.548767;-561.344421;-2073.453857;898.978516;;;;;;
1621;0;-454.124054;-1095.62085;626.121704;291.584808;-1179.024902;798.578491;10.389916;-1474.260376;688.349182;327.709808;-2034.106445;499.354004;-560.700378;-2068.809082;898.926025;;;;;;
1622;0;-453.796783;-1091.544067;625.947998;291.312164;-1175.02002;798.222229;10.071436;-1469.245361;688.460571;328.204224;-2029.956299;499.200745;-560.113892;-2064.162109;898.780334;;;;;;
1623;0;-453.51767;-1087.483032;625.801819;291.010559;-1170.894531;797.848633;9.680891;-1464.254883;688.507812;328.569733;-2025.844116;499.088898;-559.539124;-2059.564697;898.75946;;;;;;
1624;0;-453.239227;-1083.349731;625.661621;290.833191;-1166.88269;797.510986;9.333996;-1459.217163;688.601257;328.945923;-2021.781006;499.06427;-558.983582;-2054.918701;898.745422;;;;;;
1625;0;-452.955048;-1079.266113;625.459778;290.523285;-1162.701782;797.063904;8.940907;-1454.206909;688.581299;329.431976;-2017.602173;498.861786;-558.335999;-2050.274902;898.684143;;;;;;
1626;0;-452.601044;-1075.190552;625.341248;290.331757;-1158.624023;796.720459;8.554812;-1449.282837;688.685608;329.815369;-2013.495239;498.756836;-557.681763;-2045.624023;898.629822;;;;;;
1627;0;-452.340637;-1071.133911;625.203064;290.091583;-1154.505859;796.297791;8.217307;-1444.170654;688.63208;330.176697;-2009.345337;498.637512;-557.020874;-2040.92627;898.550903;;;;;;
1628;0;-452.109894;-1067.058838;625.082886;289.865112;-1150.355835;795.919922;7.72601;-1439.272461;688.613525;330.493073;-2005.166748;498.450317;-556.359009;-2036.291138;898.4505;;;;;;
1629;0;-451.826996;-1063.022949;624.909058;289.714844;-1146.283936;795.505493;7.342282;-1434.177246;688.565186;330.892242;-2000.993042;498.345093;-555.659668;-2031.669189;898.385803;;;;;;
1630;0;-451.571899;-1058.929688;624.749939;289.492218;-1142.0802;795.083923;6.916449;-1429.291382;688.482422;331.295837;-1996.791382;498.088348;-555.032349;-2027.040283;898.403748;;;;;;
1631;0;-451.389954;-1054.848145;624.554382;289.309784;-1137.940796;794.669434;6.494656;-1424.291992;688.432068;331.499603;-1992.67688;497.973389;-554.183594;-2022.374634;898.243958;;;;;;
1632;0;-451.165161;-1050.809204;624.42041;289.139282;-1133.792358;794.33313;6.071995;-1419.300415;688.301819;331.760681;-1988.550049;497.885681;-553.467163;-2017.778198;898.165283;;;;;;
1633;0;-450.954315;-1046.712402;624.322754;288.928772;-1129.56665;793.946167;5.614885;-1414.328369;688.202087;332.063995;-1984.251221;497.671661;-552.696289;-2013.096069;898.091064;;;;;;
1634;0;-450.766022;-1042.588379;624.186523;288.737152;-1125.401123;793.617371;5.170058;-1409.330933;688.162476;332.319427;-1980.022705;497.503845;-551.927612;-2008.448608;898.016113;;;;;;
1635;0;-450.602448;-1038.530396;624.074768;288.571991;-1121.226196;793.308228;4.701342;-1404.337524;688.006714;332.473663;-1975.927612;497.491913;-551.134521;-2003.799927;897.953247;;;;;;
1636;0;-450.467682;-1034.44043;623.934692;288.37088;-1117.006958;792.930603;4.281765;-1399.313477;687.9505;332.693512;-1971.643921;497.289551;-550.342224;-1999.159546;897.90271;;;;;;
1637;0;-450.241241;-1030.378174;623.861206;288.23819;-1112.816162;792.618103;3.797377;-1394.372925;687.853271;332.926178;-1967.364624;497.089844;-549.503296;-1994.520996;897.805298;;;;;;
1638;0;-450.158386;-1026.296265;623.736023;288.027863;-1108.5625;792.313904;3.373134;-1389.328247;687.715332;333.027893;-1963.177856;497.048798;-548.61438;-1989.875488;897.71936;;;;;;
1639;0;-449.970123;-1022.178894;623.590149;287.853027;-1104.396851;792.080505;2.921533;-1384.395264;687.60791;333.169403;-1958.939087;496.884491;-547.785461;-1985.248779;897.625122;;;;;;
1640;0;-449.820648;-1018.174438;623.517639;287.643066;-1100.120972;791.746277;2.457574;-1379.351929;687.461182;333.381775;-1954.656982;496.702271;-546.906067;-1980.690796;897.58313;;;;;;
1641;0;-449.703491;-1013.987183;623.386108;287.532043;-1095.843384;791.553101;2.058847;-1374.410767;687.424988;333.494171;-1950.388794;496.540344;-546.035034;-1976.047485;897.459656;;;;;;
1642;0;-449.632507;-1009.932983;623.320374;287.307129;-1091.629761;791.372864;1.590267;-1369.40918;687.212036;333.601776;-1946.125732;496.442871;-545.173157;-1971.450562;897.385071;;;;;;
1643;0;-449.507233;-1005.84436;623.273499;287.142731;-1087.341919;791.162292;1.150159;-1364.353638;687.138611;333.703125;-1941.876587;496.401855;-544.274292;-1966.855225;897.311646;;;;;;
1644;0;-449.433014;-1001.797546;623.18219;286.918671;-1083.129883;791.005066;0.7571;-1359.339478;686.965515;333.799591;-1937.521484;496.24881;-543.324402;-1962.210449;897.229858;;;;;;
1645;0;-449.31546;-997.683838;623.09967;286.732361;-1078.829102;790.881592;0.266205;-1354.320923;686.895386;333.820557;-1933.304321;496.208008;-542.40564;-1957.614502;897.16626;;;;;;
1646;0;-449.186676;-993.587708;623.02948;286.553802;-1074.595459;790.770935;-0.165503;-1349.316528;686.755432;333.949646;-1929.023438;496.128906;-541.479309;-1953.063477;897.072815;;;;;;
1647;0;-449.134094;-989.491211;622.957642;286.250214;-1070.349487;790.665344;-0.638641;-1344.254883;686.604614;333.980072;-1924.68103;495.974365;-540.517334;-1948.397949;896.938293;;;;;;
1648;0;-449.02533;-985.371948;622.944275;285.991486;-1066.078003;790.592041;-1.076539;-1339.200928;686.483276;333.949341;-1920.433716;496.071899;-539.512451;-1943.911865;896.897644;;;;;;
1649;0;-448.996094;-981.243652;622.805725;285.756958;-1061.819092;790.470947;-1.519463;-1334.078979;686.313354;334.075409;-1916.030151;495.974915;-538.588745;-1939.35437;896.814148;;;;;;
1650;0;-448.922638;-977.101624;622.772949;285.489227;-1057.517578;790.44342;-2.058077;-1329.151855;686.219666;334.05014;-1911.751587;495.985229;-537.554871;-1934.794556;896.759521;;;;;;
1651;0;-448.834808;-973.043762;622.687927;285.188354;-1053.277588;790.422302;-2.439886;-1323.984131;686.056946;333.933441;-1907.477051;496.042236;-536.563843;-1930.255371;896.628052;;;;;;
1652;0;-448.769531;-968.895935;622.661804;284.842682;-1048.976807;790.359375;-2.959851;-1318.950562;685.951843;333.983948;-1903.150391;496.006622;-535.694885;-1925.697144;896.636597;;;;;;
1653;0;-448.776306;-964.815002;622.639099;284.584534;-1044.748779;790.454041;-3.388709;-1313.815063;685.790344;333.980072;-1898.78418;496.018219;-534.639771;-1921.1875;896.52179;;;;;;
1654;0;-448.633331;-960.653748;622.53717;284.157257;-1040.481445;790.371399;-3.882421;-1308.700928;685.609741;333.845184;-1894.532227;496.126801;-533.740784;-1916.608032;896.445984;;;;;;
1655;0;-448.6698;-956.601501;622.491577;283.841217;-1036.168335;790.381165;-4.34056;-1303.64917;685.483398;333.900177;-1890.069214;496.088867;-532.769958;-1912.122803;896.410828;;;;;;
1656;0;-448.68335;-952.469543;622.436218;283.494232;-1031.920532;790.413025;-4.824275;-1298.595581;685.295837;333.831146;-1885.759521;496.158264;-531.767944;-1907.61438;896.265625;;;;;;
1657;0;-448.608002;-948.295715;622.351624;283.082092;-1027.644531;790.45105;-5.299897;-1293.418823;685.132385;333.646545;-1881.585693;496.200745;-530.793518;-1903.146362;896.231079;;;;;;
1658;0;-448.513245;-944.179382;622.31427;282.645447;-1023.432739;790.489197;-5.696813;-1288.245117;684.947205;333.782471;-1877.066406;496.205322;-529.895691;-1898.688721;896.130676;;;;;;
1659;0;-448.454498;-940.087402;622.258606;282.213959;-1019.184937;790.48877;-6.254096;-1283.216309;684.749878;333.589142;-1872.855225;496.321777;-528.929504;-1894.217651;896.02533;;;;;;
1660;0;-448.455811;-935.978149;622.149475;281.756104;-1014.931702;790.494263;-6.631217;-1277.99585;684.612122;333.464722;-1868.536987;496.279449;-528.033875;-1889.775269;896.051331;;;;;;
1661;0;-448.377563;-931.854187;622.145508;281.304932;-1010.639282;790.507935;-7.163926;-1272.893921;684.390137;333.499481;-1863.978394;496.227905;-527.107727;-1885.336304;895.929382;;;;;;
1662;0;-448.4245;-927.710388;622.038086;280.790466;-1006.389038;790.524719;-7.537254;-1267.69397;684.217957;333.297333;-1859.904907;496.426147;-526.172363;-1880.911255;895.858398;;;;;;
1663;0;-448.398529;-923.609985;622.013062;280.287994;-1002.143127;790.511292;-8.010788;-1262.567871;684.126099;333.140686;-1855.561279;496.438965;-525.277222;-1876.425537;895.76239;;;;;;
1664;0;-448.34964;-919.463013;621.909912;279.762329;-997.897522;790.481079;-8.511172;-1257.380737;683.969299;333.065491;-1851.130249;496.44281;-524.328247;-1872.008789;895.662903;;;;;;
1665;0;-448.315063;-915.2995;621.865356;279.192017;-993.625549;790.456238;-8.942249;-1252.282959;683.81781;332.898376;-1846.846802;496.592041;-523.48053;-1867.596069;895.602783;;;;;;
1666;0;-448.310242;-911.20813;621.746643;278.666229;-989.401367;790.403198;-9.37504;-1246.991455;683.680481;332.802948;-1842.379639;496.563263;-522.632202;-1863.169067;895.543579;;;;;;
1667;0;-448.284851;-907.039062;621.654236;278.086365;-985.150085;790.324646;-9.915848;-1241.964478;683.577393;332.689575;-1838.050415;496.636383;-521.856873;-1858.772461;895.482788;;;;;;
1668;0;-448.269348;-902.934937;621.589966;277.432007;-980.951782;790.247437;-10.373207;-1236.657104;683.409363;332.482056;-1833.689209;496.717926;-521.068909;-1854.391724;895.495239;;;;;;
1669;0;-448.30777;-898.816101;621.498962;276.824188;-976.687012;790.126648;-10.885464;-1231.658813;683.342957;332.453827;-1829.338867;496.704102;-520.249084;-1850.005615;895.329529;;;;;;
1670;0;-448.205933;-894.662292;621.399231;276.183868;-972.4422;790.024048;-11.299229;-1226.382935;683.249146;332.291718;-1825.031128;496.783722;-519.489685;-1845.589111;895.240051;;;;;;
1671;0;-448.251709;-890.515564;621.295776;275.579498;-968.238831;789.907837;-11.87171;-1221.230225;683.138245;332.048676;-1820.676147;496.773804;-518.684265;-1841.219849;895.200684;;;;;;
1672;0;-448.177887;-886.391174;621.218079;274.858887;-963.991272;789.819824;-12.280512;-1216.002075;683.081299;331.936157;-1816.332397;496.863251;-518.016418;-1836.88562;895.167542;;;;;;
1673;0;-448.249969;-882.220276;621.082153;274.153961;-959.850891;789.631104;-12.818143;-1210.878784;683.004944;331.752289;-1811.942261;496.881958;-517.276855;-1832.473877;895.108643;;;;;;
1674;0;-448.203857;-878.083313;621.049622;273.426544;-955.598999;789.450684;-13.288061;-1205.719238;682.877136;331.565918;-1807.614624;496.920197;-516.63031;-1828.176147;895.060364;;;;;;
1675;0;-448.170868;-873.990906;620.916443;272.711395;-951.372009;789.261475;-13.885945;-1200.55542;682.778381;331.409546;-1803.220337;496.918915;-516.002686;-1823.832764;894.994141;;;;;;
1676;0;-448.182678;-869.81781;620.82196;271.982697;-947.18811;789.097351;-14.370728;-1195.364746;682.703857;331.191589;-1798.930054;497.014038;-515.398865;-1819.526611;894.989258;;;;;;
1677;0;-448.166962;-865.733337;620.694641;271.253571;-943.00061;788.850281;-14.895784;-1190.234863;682.62439;331.043823;-1794.492432;497.004974;-514.824524;-1815.179199;894.870667;;;;;;
1678;0;-448.147675;-861.59491;620.617188;270.500885;-938.871948;788.684204;-15.409375;-1185.146973;682.516541;330.85318;-1790.120239;496.993042;-514.229492;-1810.866455;894.840027;;;;;;
1679;0;-448.082611;-857.42688;620.510864;269.710388;-934.712891;788.42041;-15.939623;-1180.039062;682.477966;330.666656;-1785.754517;497.009949;-513.66156;-1806.526489;894.7276;;;;;;
1680;0;-448.111084;-853.294312;620.357849;268.989929;-930.5401;788.204956;-16.519741;-1174.904175;682.26709;330.509979;-1781.426025;496.963684;-513.190979;-1802.249756;894.766113;;;;;;
1681;0;-448.100739;-849.122864;620.288208;268.115295;-926.349976;787.912781;-17.087811;-1169.80542;682.184082;330.216766;-1777.136108;497.112701;-512.644348;-1797.924194;894.654602;;;;;;
1682;0;-448.068817;-845.034973;620.175415;267.362396;-922.28717;787.728394;-17.705103;-1164.739014;682.116638;329.980988;-1772.774048;497.031433;-512.151794;-1793.546021;894.549866;;;;;;
1683;0;-448.038452;-840.877625;620.101746;266.51123;-918.087524;787.471985;-18.342541;-1159.671387;681.945618;329.80545;-1768.367432;496.999817;-511.623016;-1789.318726;894.456482;;;;;;
1684;0;-448.041992;-836.802307;620.014038;265.686218;-913.995117;787.201904;-18.956167;-1154.573853;681.831055;329.552063;-1764.11731;497.057678;-511.126526;-1784.980713;894.410156;;;;;;
1685;0;-447.990662;-832.549622;619.848511;264.840729;-909.928711;786.944702;-19.633533;-1149.60498;681.649414;329.427124;-1759.737671;496.978699;-510.721924;-1780.67041;894.311829;;;;;;
1686;0;-448.000122;-828.506165;619.741333;264.001984;-905.80542;786.666199;-20.263229;-1144.541992;681.550415;329.157745;-1755.44519;496.95929;-510.337585;-1776.379517;894.246216;;;;;;
1687;0;-448.031738;-824.281311;619.636414;263.168335;-901.737488;786.464722;-20.960337;-1139.551025;681.342224;328.894928;-1751.101929;496.877197;-509.951599;-1772.092407;894.158691;;;;;;
1688;0;-447.936096;-820.178711;619.585144;262.314972;-897.634766;786.162048;-21.641958;-1134.520264;681.159546;328.734436;-1746.678589;496.811066;-509.567261;-1767.829346;894.047424;;;;;;
1689;0;-447.909912;-816.094604;619.484253;261.492432;-893.593628;785.971008;-22.336311;-1129.654541;681.035522;328.449799;-1742.397217;496.835815;-509.247314;-1763.586792;894.092834;;;;;;
1690;0;-447.877228;-811.92627;619.352966;260.615936;-889.495422;785.721863;-22.999914;-1124.701172;680.809204;328.218689;-1738.07019;496.774658;-508.839478;-1759.274414;893.879028;;;;;;
1691;0;-447.897491;-807.805115;619.238525;259.741394;-885.508972;785.516113;-23.706238;-1119.789062;680.561218;327.988068;-1733.691406;496.671173;-508.507202;-1755.013916;893.78595;;;;;;
1692;0;-447.833893;-803.624329;619.143921;258.887634;-881.415588;785.247803;-24.426682;-1114.837402;680.361084;327.687286;-1729.393433;496.594666;-508.182037;-1750.716553;893.674194;;;;;;
1693;0;-447.927002;-799.488098;619.023865;257.983276;-877.323547;785.053528;-25.130667;-1109.994873;680.187195;327.488739;-1724.937744;496.51297;-507.963959;-1746.470825;893.613708;;;;;;
1694;0;-447.839905;-795.39325;618.96344;257.129944;-873.328552;784.812378;-25.874832;-1105.13269;679.921753;327.153198;-1720.639282;496.447693;-507.688049;-1742.238892;893.51178;;;;;;
1695;0;-447.892212;-791.152466;618.793518;256.173157;-869.296997;784.594055;-26.66411;-1100.334717;679.709045;326.900543;-1716.307251;496.420288;-507.382141;-1737.974976;893.401917;;;;;;
1696;0;-447.846893;-787.094177;618.800354;255.28183;-865.282715;784.481201;-27.40629;-1095.495239;679.458069;326.674927;-1711.957275;496.294403;-507.215088;-1733.720703;893.266479;;;;;;
1697;0;-447.925873;-782.926514;618.617371;254.345978;-861.242004;784.261902;-28.159697;-1090.724487;679.230957;326.382294;-1707.562744;496.205872;-506.91861;-1729.50708;893.181274;;;;;;
1698;0;-447.909119;-778.825378;618.582947;253.422287;-857.213562;784.01947;-28.988083;-1086.075317;679.012695;326.144989;-1703.220581;496.091461;-506.653076;-1725.269165;893.042419;;;;;;
1699;0;-447.932739;-774.663818;618.480896;252.523743;-853.210083;783.821167;-29.656881;-1081.292847;678.685059;325.867249;-1698.856323;496.047791;-506.497925;-1721.021118;892.874817;;;;;;
1700;0;-448.075714;-770.478027;618.385742;251.602554;-849.151733;783.533508;-30.474155;-1076.655762;678.39856;325.58902;-1694.48584;495.930298;-506.252289;-1716.845093;892.816162;;;;;;
1701;0;-448.084656;-766.335327;618.286621;250.731171;-845.161194;783.34613;-31.221401;-1071.95813;678.179749;325.374878;-1690.120239;495.866882;-506.062805;-1712.573364;892.63269;;;;;;
1702;0;-448.208435;-762.158752;618.186035;249.733612;-841.094177;783.162598;-32.071297;-1067.370117;677.885803;325.054321;-1685.807739;495.774475;-505.890778;-1708.324707;892.504456;;;;;;
1703;0;-448.222931;-758.036377;618.077209;248.781342;-837.099976;782.933533;-32.826149;-1062.757935;677.622803;324.790619;-1681.393555;495.677887;-505.709778;-1704.197998;892.458801;;;;;;
1704;0;-448.392761;-753.904968;618.076843;247.840607;-833.082703;782.735901;-33.670902;-1058.151611;677.285583;324.508911;-1677.053711;495.568878;-505.554443;-1699.914062;892.309814;;;;;;
1705;0;-448.47644;-749.698975;617.939697;247.000397;-829.136475;782.417847;-34.534893;-1053.643311;677.008301;324.209961;-1672.703125;495.523773;-505.390045;-1695.788818;892.197632;;;;;;
1706;0;-448.612549;-745.662048;617.942566;245.998016;-825.061523;782.284729;-35.297047;-1049.095825;676.658691;323.954926;-1668.312256;495.369598;-505.285553;-1691.61731;892.061096;;;;;;
1707;0;-448.744995;-741.52771;617.817932;245.102768;-821.023926;781.980103;-36.14809;-1044.652222;676.39032;323.687622;-1663.943726;495.260468;-505.129517;-1687.412842;891.935547;;;;;;
1708;0;-448.901611;-737.314453;617.700073;244.135712;-817.043823;781.779114;-36.895836;-1040.201904;676.08075;323.401398;-1659.620239;495.192169;-505.052155;-1683.237793;891.903625;;;;;;
1709;0;-449.073303;-733.130371;617.61853;243.21701;-813.016357;781.524414;-37.78949;-1035.755493;675.735168;323.19519;-1655.231079;495.120331;-504.919464;-1679.049194;891.700134;;;;;;
1710;0;-449.343323;-728.925598;617.518677;242.256699;-808.950073;781.184998;-38.542458;-1031.323975;675.390015;322.843109;-1650.881958;494.996765;-504.795258;-1674.853027;891.603699;;;;;;
1711;0;-449.527435;-724.84491;617.531921;241.341446;-804.924194;780.948669;-39.478703;-1026.969238;675.102051;322.625183;-1646.44873;494.922546;-504.840729;-1670.756348;891.593933;;;;;;
1712;0;-449.731812;-720.664856;617.411072;240.409195;-800.840393;780.603638;-40.246685;-1022.550476;674.719666;322.298889;-1642.108887;494.834961;-504.657684;-1666.518555;891.339417;;;;;;
1713;0;-450.063141;-716.484985;617.334106;239.426453;-796.754456;780.308289;-41.10043;-1018.258667;674.426575;322.056335;-1637.713867;494.73175;-504.614349;-1662.33252;891.220642;;;;;;
1714;0;-450.302979;-712.267334;617.24707;238.454208;-792.755981;779.996948;-41.922974;-1013.964294;674.057495;321.821472;-1633.32019;494.598969;-504.645477;-1658.232666;891.219421;;;;;;
1715;0;-450.684326;-708.124451;617.152588;237.489243;-788.710876;779.651306;-42.824963;-1009.604553;673.728333;321.54184;-1628.994873;494.577454;-504.483398;-1653.993164;891.027283;;;;;;
1716;0;-450.920197;-703.986511;617.132568;236.57193;-784.565491;779.302429;-43.65744;-1005.404724;673.393005;321.263214;-1624.564209;494.433136;-504.433685;-1649.876587;890.918091;;;;;;
1717;0;-451.30191;-699.841003;617.107361;235.550247;-780.535034;778.947205;-44.421379;-1001.071472;673.043213;321.068054;-1620.127075;494.335724;-504.494781;-1645.734741;890.855957;;;;;;
1718;0;-451.635864;-695.640869;616.984497;234.686279;-776.4953;778.589905;-45.366001;-996.904053;672.685974;320.761719;-1615.785156;494.240662;-504.360199;-1641.542358;890.665955;;;;;;
1719;0;-451.984589;-691.493835;616.974487;233.72081;-772.394348;778.18158;-46.116592;-992.590942;672.299133;320.56311;-1611.377319;494.173096;-504.341003;-1637.396729;890.587891;;;;;;
1720;0;-452.313293;-687.264526;616.804749;232.822342;-768.327759;777.868896;-46.99892;-988.426758;671.875427;320.350189;-1607.004272;494.073364;-504.368073;-1633.239868;890.529236;;;;;;
1721;0;-452.795197;-683.026978;616.778259;231.891754;-764.231995;777.489868;-47.785442;-984.281799;671.534668;320.044525;-1602.619019;494.032227;-504.304474;-1629.08313;890.334167;;;;;;
1722;0;-453.23938;-678.863525;616.728394;230.988632;-760.13147;777.093201;-48.666103;-980.018799;671.171326;319.821106;-1598.190918;493.920746;-504.253876;-1624.935547;890.248962;;;;;;
1723;0;-453.650513;-674.618103;616.603394;230.028351;-756.075134;776.777588;-49.55439;-975.917419;670.786987;319.56604;-1593.816895;493.885712;-504.348114;-1620.797852;890.185486;;;;;;
1724;0;-454.074554;-670.489685;616.606445;229.184738;-751.928284;776.311279;-50.283699;-971.640991;670.404968;319.304779;-1589.431763;493.804535;-504.22406;-1616.65979;890.007263;;;;;;
1725;0;-454.520599;-666.320251;616.560852;228.269211;-747.811707;775.997498;-51.208111;-967.564392;670.000916;319.087524;-1584.991821;493.725769;-504.208313;-1612.519531;889.882874;;;;;;
1726;0;-455.03299;-662.101868;616.529419;227.41037;-743.670959;775.61792;-51.989048;-963.302246;669.652954;318.80365;-1580.675415;493.723938;-504.220917;-1608.400879;889.777405;;;;;;
1727;0;-455.539948;-657.927673;616.495117;226.507523;-739.575439;775.214111;-52.840351;-959.260864;669.268311;318.525116;-1576.253784;493.670441;-504.264221;-1604.286499;889.739258;;;;;;
1728;0;-456.047302;-653.690857;616.337463;225.701813;-735.394836;774.857483;-53.736874;-955.074341;668.881104;318.33844;-1571.823608;493.531342;-504.248444;-1600.082397;889.525574;;;;;;
1729;0;-456.576355;-649.473511;616.3302;224.771027;-731.253296;774.498596;-54.538235;-950.92218;668.540771;318.066864;-1567.464722;493.575684;-504.281219;-1595.973022;889.410645;;;;;;
1730;0;-457.148621;-645.299988;616.327637;223.924271;-727.112488;774.223999;-55.457584;-946.889587;668.109009;317.839722;-1563.0896;493.507538;-504.351257;-1591.856689;889.372314;;;;;;
1731;0;-457.735626;-641.03418;616.231995;223.043396;-722.969727;773.847351;-56.249275;-942.668091;667.731445;317.628143;-1558.675659;493.489532;-504.292175;-1587.696167;889.189941;;;;;;
1732;0;-458.342926;-636.815796;616.172241;222.206314;-718.796143;773.552246;-57.179604;-938.655212;667.375854;317.303925;-1554.285767;493.490082;-504.345306;-1583.557861;889.109619;;;;;;
1733;0;-458.895996;-632.546021;616.118286;221.36795;-714.623291;773.190369;-57.940071;-934.521057;666.9422;317.095154;-1549.937622;493.518311;-504.502045;-1579.435547;889.03241;;;;;;
1734;0;-459.586609;-628.341858;616.041748;220.57428;-710.456604;772.858032;-58.781704;-930.408447;666.624451;316.827393;-1545.521362;493.544952;-504.428314;-1575.257446;888.840942;;;;;;
1735;0;-460.20816;-624.049988;615.984802;219.80249;-706.307861;772.505188;-59.683052;-926.370178;666.221985;316.572235;-1541.152222;493.600189;-504.449951;-1571.095093;888.721191;;;;;;
1736;0;-460.828308;-619.848511;615.903748;218.945404;-702.042725;772.181824;-60.448086;-922.208801;665.836975;316.337219;-1536.794556;493.604279;-504.509796;-1566.983765;888.690857;;;;;;
1737;0;-461.518188;-615.59491;615.845764;218.149094;-697.853149;771.832581;-61.356564;-918.195496;665.487854;315.992279;-1532.390381;493.670776;-504.623535;-1562.811401;888.522156;;;;;;
1738;0;-462.181061;-611.380371;615.814392;217.346786;-693.702698;771.537476;-62.217445;-914.097839;665.056152;315.75058;-1528.040894;493.712555;-504.565582;-1558.664917;888.407532;;;;;;
1739;0;-462.862762;-607.170227;615.746155;216.564163;-689.447449;771.205811;-62.959648;-910.030823;664.790894;315.464722;-1523.652832;493.815857;-504.707275;-1554.606934;888.365967;;;;;;
1740;0;-463.55014;-602.923889;615.668701;215.804825;-685.263306;770.912415;-63.864098;-905.976379;664.377991;315.150146;-1519.33667;493.945709;-504.786255;-1550.404663;888.229065;;;;;;
1741;0;-464.282104;-598.656555;615.57959;215.008102;-681.006592;770.634888;-64.737198;-901.914795;664.049805;314.84491;-1514.976929;493.973114;-504.805573;-1546.229004;888.090332;;;;;;
1742;0;-464.982574;-594.422668;615.567688;214.20018;-676.795776;770.330078;-65.537827;-897.800354;663.715332;314.545868;-1510.658813;494.137421;-504.853607;-1542.09436;888.06665;;;;;;
1743;0;-465.75293;-590.170837;615.435791;213.429794;-672.627563;770.163086;-66.416954;-893.713379;663.342651;314.171204;-1506.317139;494.19223;-504.933899;-1537.888672;887.879089;;;;;;
1744;0;-466.436981;-585.799866;615.338562;212.713821;-668.353027;769.765991;-67.249573;-889.682556;663.052795;313.876526;-1501.942139;494.214142;-505.036346;-1533.687744;887.760437;;;;;;
1745;0;-467.188843;-581.603027;615.265137;211.993225;-664.162781;769.608459;-68.087479;-885.621216;662.689392;313.483032;-1497.627197;494.364716;-505.085815;-1529.564697;887.683716;;;;;;
1746;0;-468.019409;-577.323486;615.197205;211.242996;-659.87915;769.297791;-68.97477;-881.508667;662.346008;313.138916;-1493.292969;494.40976;-505.161407;-1525.441406;887.598877;;;;;;
1747;0;-468.756378;-573.048706;615.115906;210.530289;-655.687073;769.06427;-69.750565;-877.458557;662.035034;312.786743;-1488.980713;494.531464;-505.254791;-1521.187988;887.438904;;;;;;
1748;0;-469.548431;-568.772522;614.969666;209.843948;-651.469849;768.834106;-70.598991;-873.440674;661.735107;312.394409;-1484.645142;494.57605;-505.406616;-1517.062988;887.394409;;;;;;
1749;0;-470.372528;-564.531128;614.907715;209.09642;-647.136597;768.569824;-71.499947;-869.370789;661.403015;311.962341;-1480.37439;494.714844;-505.391479;-1512.931152;887.330994;;;;;;
1750;0;-471.163177;-560.190369;614.790466;208.372421;-642.980347;768.381531;-72.320518;-865.325806;661.09613;311.555206;-1476.006226;494.757874;-505.397491;-1508.69519;887.116211;;;;;;
1751;0;-471.909637;-555.993469;614.67865;207.618042;-638.717285;768.091614;-73.148819;-861.191772;660.787537;311.130188;-1471.698364;494.920776;-505.536194;-1504.469604;886.996033;;;;;;
1752;0;-472.796295;-551.766663;614.622925;206.902771;-634.452393;767.880981;-74.087219;-857.182068;660.483765;310.702087;-1467.3125;494.981201;-505.66452;-1500.307251;886.962219;;;;;;
1753;0;-473.562592;-547.555298;614.540039;206.201233;-630.204529;767.614502;-74.894943;-853.122437;660.197388;310.242737;-1463.067017;495.075562;-505.767395;-1496.143433;886.822693;;;;;;
1754;0;-474.348572;-543.24115;614.407043;205.486725;-625.935364;767.342773;-75.800362;-849.024109;659.851318;309.771088;-1458.778076;495.111664;-505.75824;-1491.93103;886.734314;;;;;;
1755;0;-475.221405;-538.9953;614.322205;204.84697;-621.698792;767.099976;-76.664803;-844.994019;659.577332;309.242859;-1454.474121;495.22171;-505.942993;-1487.711792;886.679871;;;;;;
1756;0;-476.063812;-534.651001;614.12616;204.17157;-617.460388;766.849365;-77.434036;-840.844666;659.280151;308.747101;-1450.160522;495.248413;-506.049286;-1483.479614;886.544556;;;;;;
1757;0;-476.884064;-530.435791;614.059265;203.49678;-613.192139;766.67572;-78.36409;-836.87207;658.94989;308.24176;-1445.864868;495.316559;-506.098022;-1479.297974;886.464233;;;;;;
1758;0;-477.764832;-526.173645;613.881958;202.838623;-608.968201;766.389648;-79.248047;-832.760498;658.662415;307.754578;-1441.595581;495.465912;-506.236542;-1475.123779;886.435608;;;;;;
1759;0;-478.621063;-521.890259;613.756104;202.143845;-604.642822;766.141724;-80.078491;-828.711609;658.411987;307.136017;-1437.288208;495.485748;-506.299133;-1470.879761;886.370178;;;;;;
1760;0;-479.548004;-517.635925;613.651245;201.633118;-600.433655;765.853516;-80.961517;-824.631958;658.099121;306.558594;-1433.043335;495.63504;-506.641022;-1466.820312;886.378601;;;;;;
1761;0;-480.366608;-513.344116;613.555847;200.899826;-596.111023;765.690674;-81.889214;-820.583618;657.825317;305.95047;-1428.742554;495.708282;-506.531708;-1462.345459;886.241516;;;;;;
1762;0;-481.225769;-509.105377;613.426331;200.344604;-591.836182;765.371521;-82.66687;-816.548889;657.575928;305.391174;-1424.517578;495.837982;-506.803802;-1458.346924;886.226379;;;;;;
1763;0;-482.124481;-504.745117;613.304016;199.767609;-587.659119;765.174683;-83.608353;-812.468689;657.310364;304.784088;-1420.227783;495.858124;-506.740387;-1453.81604;886.083252;;;;;;
1764;0;-482.945068;-500.538696;613.17926;199.146805;-583.317505;764.89978;-84.495491;-808.511169;657.05957;304.169342;-1415.988892;495.96344;-506.81604;-1449.583252;885.942505;;;;;;
1765;0;-483.900238;-496.22525;613.011475;198.627029;-579.114197;764.647522;-85.323753;-804.439453;656.798035;303.508118;-1411.683472;496.029663;-507.121979;-1445.533813;886.028625;;;;;;
1766;0;-484.721436;-492.020782;612.944397;198.011658;-574.849548;764.436279;-86.234344;-800.414307;656.532104;302.795746;-1407.52002;496.1203;-506.982635;-1441.105469;885.852661;;;;;;
1767;0;-485.556488;-487.661926;612.742554;197.450409;-570.55658;764.188599;-87.112152;-796.377808;656.274231;302.117798;-1403.236084;496.20636;-507.294067;-1437.039917;885.886108;;;;;;
1768;0;-486.455292;-483.406281;612.641968;196.931473;-566.347412;763.974426;-88.035362;-792.398621;656.027649;301.37381;-1399.007568;496.356812;-507.42041;-1432.809937;885.846069;;;;;;
1769;0;-487.340149;-479.20929;612.600769;196.403824;-562.061279;763.727539;-88.907387;-788.335876;655.818909;300.69873;-1394.785889;496.441742;-507.622589;-1428.531372;885.808899;;;;;;
1770;0;-488.166107;-474.871613;612.3974;195.935822;-557.792786;763.530762;-89.861824;-784.300781;655.572083;299.961517;-1390.601074;496.539429;-507.67337;-1424.178101;885.669739;;;;;;
1771;0;-489.12085;-470.629333;612.309753;195.434525;-553.530334;763.313782;-90.790535;-780.354919;655.350464;299.168823;-1386.355347;496.553192;-507.689606;-1419.889893;885.670959;;;;;;
1772;0;-489.938324;-466.250061;612.124023;194.961533;-549.311584;763.111694;-91.624107;-776.334839;655.168213;298.440979;-1382.160522;496.665375;-507.84433;-1415.65564;885.544861;;;;;;
1773;0;-490.849762;-461.990021;611.997803;194.501312;-545.01886;762.94519;-92.614967;-772.318298;654.836731;297.709686;-1377.961792;496.6604;-507.980286;-1411.304199;885.436584;;;;;;
1774;0;-491.711609;-457.724701;611.900513;194.132095;-540.827209;762.734436;-93.477425;-768.280762;654.690369;296.911957;-1373.762451;496.708313;-508.163879;-1407.054443;885.443176;;;;;;
1775;0;-492.56781;-453.457916;611.713745;193.725983;-536.570679;762.570374;-94.416008;-764.353394;654.418823;296.115234;-1369.581299;496.766754;-508.134674;-1402.769409;885.323608;;;;;;
1776;0;-493.40863;-449.213226;611.627991;193.315948;-532.291382;762.415161;-95.346558;-760.356873;654.260742;295.299286;-1365.349976;496.816132;-508.15802;-1398.447632;885.199951;;;;;;
1777;0;-494.360718;-444.980774;611.548706;192.985794;-528.136658;762.297241;-96.283051;-756.339172;654.033875;294.443573;-1361.189941;496.87323;-508.302917;-1394.130249;885.157593;;;;;;
1778;0;-495.156281;-440.602509;611.411743;192.60585;-523.819824;762.15033;-97.24025;-752.358704;653.799194;293.633392;-1356.967407;496.850983;-508.407288;-1389.779663;885.110535;;;;;;
1779;0;-496.107452;-436.33139;611.287842;192.267059;-519.588745;762.042542;-98.212952;-748.346924;653.652161;292.766571;-1352.799927;496.94928;-508.508575;-1385.434448;885.018677;;;;;;
1780;0;-496.898407;-432.006714;611.205383;191.889938;-515.261108;761.823975;-99.065788;-744.347473;653.379456;291.861725;-1348.610962;496.958405;-508.606323;-1381.208252;884.953247;;;;;;
1781;0;-497.790344;-427.799835;611.082703;191.586685;-511.115143;761.76178;-100.092995;-740.291382;653.169861;291.034058;-1344.442871;497.023651;-508.590759;-1376.799561;884.858704;;;;;;
1782;0;-498.641327;-423.647766;611.024414;191.283905;-506.879761;761.606323;-101.051247;-736.317627;652.95105;290.167633;-1340.281372;496.972137;-508.747925;-1372.411011;884.731018;;;;;;
1783;0;-499.496918;-419.337952;610.871033;191.000427;-502.60968;761.452637;-101.970856;-732.263184;652.675842;289.258118;-1336.022339;496.980743;-508.766113;-1368.130249;884.638489;;;;;;
1784;0;-500.396545;-414.973419;610.749634;190.770828;-498.414764;761.284241;-102.969772;-728.204712;652.511169;288.408051;-1331.844116;497.030823;-508.884552;-1363.724731;884.556702;;;;;;
1785;0;-501.243225;-410.721466;610.692322;190.476379;-494.120667;761.114014;-103.926048;-724.158081;652.194946;287.453796;-1327.654663;496.991028;-508.897888;-1359.356445;884.429504;;;;;;
1786;0;-502.062012;-406.418671;610.57428;190.208633;-489.866333;761.001526;-104.879753;-720.123779;651.941223;286.516357;-1323.472778;497.103363;-509.058411;-1355.085083;884.378113;;;;;;
1787;0;-502.916748;-402.141846;610.443726;189.997726;-485.732727;760.819763;-105.885132;-716.064697;651.694641;285.55249;-1319.225342;497.085785;-509.091675;-1350.705566;884.288635;;;;;;
1788;0;-503.753723;-397.834503;610.372742;189.835754;-481.476807;760.699585;-106.978989;-711.920471;651.42749;284.649811;-1315.026001;497.144562;-509.239258;-1346.371704;884.208435;;;;;;
1789;0;-504.544495;-393.578979;610.253479;189.555466;-477.268585;760.503662;-107.943375;-707.927063;651.192078;283.692078;-1310.83728;497.142151;-509.242767;-1341.92981;884.052429;;;;;;
1790;0;-505.373108;-389.257538;610.159973;189.410629;-473.108337;760.376221;-108.961372;-703.808289;650.944153;282.777771;-1306.609497;497.145844;-509.254089;-1337.667114;884.026184;;;;;;
1791;0;-506.225952;-384.998474;610.042664;189.219589;-468.856018;760.173889;-109.984528;-699.721985;650.607422;281.828552;-1302.417358;497.176636;-509.284546;-1333.276245;883.869385;;;;;;
1792;0;-507.038727;-380.693695;609.955017;188.985733;-464.638489;760.041138;-110.987442;-695.662231;650.363159;280.897552;-1298.230713;497.191589;-509.286285;-1328.820801;883.732178;;;;;;
1793;0;-507.913361;-376.419678;609.887146;188.876984;-460.437134;759.791321;-112.077782;-691.548523;650.036926;279.9422;-1293.992432;497.20462;-509.437012;-1324.528076;883.684082;;;;;;
1794;0;-508.748901;-372.118866;609.77832;188.636444;-456.233215;759.640625;-113.113205;-687.402954;649.73584;278.958679;-1289.718872;497.227692;-509.435303;-1320.108032;883.486938;;;;;;
1795;0;-509.486542;-367.843109;609.668701;188.564621;-452.046295;759.407043;-114.176033;-683.29834;649.435059;278.032379;-1285.532959;497.323273;-509.461395;-1315.78125;883.489868;;;;;;
1796;0;-510.335632;-363.498199;609.607544;188.403381;-447.929657;759.208618;-115.309975;-679.202942;649.075989;277.007385;-1281.314941;497.331299;-509.506836;-1311.456909;883.404297;;;;;;
1797;0;-511.166565;-359.301941;609.547729;188.348679;-443.769562;759.041504;-116.22863;-675.070862;648.762878;276.054382;-1277.070679;497.352539;-509.577759;-1307.10437;883.289917;;;;;;
1798;0;-511.917419;-354.993896;609.512695;188.228775;-439.592804;758.852905;-117.423325;-670.950806;648.424866;275.040039;-1272.804199;497.414703;-509.650818;-1302.679443;883.172363;;;;;;
1799;0;-512.74585;-350.729156;609.442505;188.114059;-435.427856;758.648438;-118.473862;-666.792053;648.017578;274.077057;-1268.550781;497.433746;-509.674255;-1298.394043;883.170044;;;;;;
1800;0;-513.566772;-346.456482;609.309448;188.039886;-431.264618;758.505066;-119.422386;-662.660217;647.709717;273.067047;-1264.299927;497.451843;-509.660492;-1293.998657;883.016113;;;;;;
1801;0;-514.313721;-342.154022;609.216248;187.929535;-427.054718;758.283081;-120.558899;-658.4151;647.328369;272.08606;-1260.042114;497.523621;-509.619415;-1289.563477;882.860657;;;;;;
1802;0;-515.082275;-337.856903;609.10675;187.839096;-422.931915;758.070618;-121.532272;-654.206604;646.925964;271.065826;-1255.727661;497.522949;-509.736298;-1285.305542;882.882812;;;;;;
1803;0;-515.88031;-333.537262;609.047729;187.784409;-418.833252;757.854248;-122.551392;-650.086731;646.508423;270.027802;-1251.495728;497.609375;-509.780701;-1280.92041;882.706543;;;;;;
1804;0;-516.691956;-329.246094;608.976074;187.809036;-414.629181;757.66156;-123.698303;-645.8172;646.103455;268.980011;-1247.159668;497.584442;-509.719788;-1276.574707;882.656738;;;;;;
1805;0;-517.455566;-324.972473;608.894226;187.757904;-410.53717;757.461731;-124.690773;-641.540649;645.670227;267.972778;-1242.889893;497.666138;-509.762299;-1272.268433;882.591736;;;;;;
1806;0;-518.274841;-320.700836;608.812622;187.613861;-406.370331;757.378906;-125.725746;-637.327576;645.312256;266.996216;-1238.604614;497.731384;-509.71286;-1267.869873;882.519958;;;;;;
1807;0;-518.996887;-316.437256;608.759216;187.771271;-402.256927;757.07489;-126.710518;-633.059326;644.865662;265.911011;-1234.265137;497.750183;-509.661377;-1263.508423;882.440857;;;;;;
1808;0;-519.833313;-312.151215;608.67218;187.660767;-398.106781;756.931824;-127.823708;-628.661133;644.449463;264.883057;-1229.994751;497.837677;-509.78125;-1259.174316;882.388367;;;;;;
1809;0;-520.600586;-307.844147;608.661011;187.725372;-393.959991;756.671143;-128.849197;-624.370605;643.958008;263.865051;-1225.593384;497.848389;-509.769379;-1254.815552;882.319824;;;;;;
1810;0;-521.427856;-303.501526;608.552551;187.857773;-389.932404;756.565613;-129.818726;-620.155273;643.591187;262.859039;-1221.262085;497.901764;-509.738678;-1250.477295;882.238159;;;;;;
1811;0;-522.200745;-299.193024;608.485474;187.914398;-385.769989;756.349243;-130.713684;-615.694885;643.132141;261.80542;-1216.906494;497.924194;-509.754944;-1246.175415;882.186584;;;;;;
1812;0;-522.934875;-294.950439;608.432007;188.050476;-381.65094;756.101074;-131.630981;-611.41864;642.697998;260.774811;-1212.560791;497.959869;-509.72879;-1241.780762;882.089355;;;;;;
1813;0;-523.617798;-290.665466;608.318054;188.097946;-377.551392;756.029236;-132.648239;-606.977783;642.240173;259.71109;-1208.19397;498.023254;-509.695709;-1237.461548;882.050537;;;;;;
1814;0;-524.480225;-286.404266;608.285278;188.359665;-373.450592;755.715942;-133.560745;-602.643677;641.905029;258.74411;-1203.850342;498.080902;-509.677521;-1233.174927;881.992798;;;;;;
1815;0;-525.135986;-282.023743;608.158081;188.413422;-369.236389;755.492859;-134.509399;-598.208313;641.460632;257.69989;-1199.480835;498.11792;-509.661865;-1228.856201;881.876709;;;;;;
1816;0;-525.989136;-277.766602;608.079041;188.562225;-365.202301;755.385742;-135.404297;-593.834534;641.034851;256.760529;-1195.17395;498.266785;-509.612732;-1224.540161;881.78363;;;;;;
1817;0;-526.692749;-273.463715;608.020935;188.801758;-361.04422;755.063416;-136.169601;-589.425415;640.543884;255.726517;-1190.759155;498.287506;-509.678253;-1220.20874;881.709717;;;;;;
1818;0;-527.498474;-269.196716;607.941711;189.029404;-356.982605;754.932068;-136.965286;-585.074768;640.207703;254.789078;-1186.439575;498.510132;-509.583466;-1215.855103;881.638245;;;;;;
1819;0;-528.212646;-264.876221;607.853638;189.406998;-352.890656;754.696655;-137.818848;-580.478638;639.794678;253.749603;-1182.005737;498.605438;-509.559082;-1211.590942;881.573608;;;;;;
1820;0;-528.97821;-260.613312;607.794067;189.550003;-348.798767;754.623352;-138.655457;-576.220154;639.507019;252.831543;-1177.65564;498.791351;-509.54306;-1207.304565;881.545654;;;;;;
1821;0;-529.744019;-256.31311;607.718445;189.896271;-344.614166;754.351624;-139.349945;-571.764709;639.004395;251.825394;-1173.286011;498.931763;-509.490723;-1202.901733;881.441406;;;;;;
1822;0;-530.514404;-252.042419;607.645447;190.201035;-340.520813;754.171692;-140.190048;-567.190857;638.656006;250.883286;-1168.832275;499.090515;-509.432007;-1198.607666;881.333313;;;;;;
1823;0;-531.237244;-247.743256;607.545593;190.575211;-336.407349;753.963196;-140.846512;-562.812317;638.195312;249.944534;-1164.501465;499.290771;-509.354187;-1194.325317;881.252136;;;;;;
1824;0;-531.986511;-243.443344;607.382751;190.954391;-332.387817;753.789734;-141.538101;-558.367065;637.834229;248.979721;-1160.095093;499.396179;-509.302368;-1190.102295;881.196838;;;;;;
1825;0;-532.796997;-239.172592;607.362854;191.43782;-328.230133;753.552856;-142.277847;-553.823486;637.468384;248.109894;-1155.750977;499.718597;-509.199158;-1185.752808;881.074951;;;;;;
1826;0;-533.480774;-234.924866;607.204712;191.81601;-324.180817;753.390442;-142.89061;-549.337341;637.098694;247.211639;-1151.307495;499.879242;-509.223297;-1181.45752;881.0495;;;;;;
1827;0;-534.232178;-230.62294;607.14624;192.221039;-320.036407;753.140625;-143.505951;-544.831177;636.675903;246.229309;-1146.968262;500.166351;-509.135315;-1177.168945;880.923767;;;;;;
1828;0;-535.007202;-226.35144;607.073669;192.758636;-316.001221;752.990967;-144.168671;-540.397278;636.380615;245.341339;-1142.503052;500.30481;-509.040527;-1172.927002;880.942688;;;;;;
1829;0;-535.752991;-222.070877;606.983887;193.191803;-311.868652;752.733398;-144.601639;-535.906921;635.93634;244.461243;-1138.138672;500.536499;-509.030334;-1168.617188;880.83136;;;;;;
1830;0;-536.452332;-217.796448;606.883179;193.730942;-307.805573;752.509216;-145.178406;-531.329102;635.587219;243.602112;-1133.746094;500.797272;-508.980225;-1164.312378;880.768677;;;;;;
1831;0;-537.279541;-213.506226;606.781433;194.313034;-303.738892;752.31842;-145.68956;-526.949524;635.247986;242.73877;-1129.258057;500.996246;-508.898499;-1160.021851;880.675293;;;;;;
1832;0;-538.014465;-209.210709;606.683716;194.818695;-299.548859;752.039062;-146.171082;-522.372314;634.977722;241.917801;-1124.875244;501.214813;-508.794739;-1155.721191;880.62323;;;;;;
1833;0;-538.750427;-204.952087;606.577332;195.426727;-295.377045;751.7052;-146.708542;-517.887451;634.636108;241.111267;-1120.521729;501.400604;-508.755676;-1151.473633;880.617126;;;;;;
1834;0;-539.442749;-200.726318;606.51178;196.117249;-291.392883;751.454407;-147.193863;-513.396362;634.313599;240.271835;-1116.099487;501.553955;-508.736084;-1147.184692;880.477783;;;;;;
1835;0;-540.224792;-196.418442;606.247864;196.72049;-287.299896;751.226868;-147.578522;-508.769806;634.019958;239.454788;-1111.716309;501.819122;-508.599579;-1142.890869;880.461792;;;;;;
1836;0;-540.959473;-192.161316;606.199707;197.301926;-283.163544;751.079224;-147.957901;-504.300232;633.662415;238.715179;-1107.327759;501.961578;-508.499512;-1138.623901;880.40448;;;;;;
1837;0;-541.734253;-187.926773;606.034729;198.01506;-279.061798;750.805786;-148.368561;-499.760895;633.440369;237.865982;-1102.929199;502.151733;-508.448242;-1134.378296;880.377197;;;;;;
1838;0;-542.425476;-183.63385;605.953796;198.797256;-274.977081;750.528076;-148.71608;-495.280334;633.165649;237.032822;-1098.519897;502.296021;-508.392578;-1130.06958;880.334229;;;;;;
1839;0;-543.239868;-179.411072;605.859436;199.429504;-270.908173;750.472412;-149.060455;-490.833588;632.93927;236.279709;-1094.102661;502.480103;-508.296967;-1125.804077;880.244385;;;;;;
1840;0;-543.980469;-175.141647;605.744873;200.26236;-266.776398;750.115479;-149.463272;-486.296265;632.644409;235.459991;-1089.708374;502.620209;-508.246124;-1121.574707;880.256714;;;;;;
1841;0;-544.737549;-170.939926;605.65155;200.99382;-262.638092;749.957703;-149.68013;-481.868469;632.417603;234.698898;-1085.273193;502.731567;-508.14032;-1117.300171;880.179016;;;;;;
1842;0;-545.507385;-166.695023;605.589539;201.74054;-258.538605;749.719421;-149.928513;-477.310486;632.192383;233.947769;-1080.880737;502.938934;-508.031067;-1112.964722;880.179321;;;;;;
1843;0;-546.327637;-162.418762;605.437561;202.541153;-254.458603;749.655457;-150.204865;-472.961792;632.053345;233.195358;-1076.442627;503.03656;-508.085846;-1108.697021;880.12915;;;;;;
1844;0;-547.008728;-158.240967;605.343933;203.36203;-250.423523;749.504272;-150.502396;-468.535858;631.782959;232.510391;-1072.068604;503.139069;-507.889618;-1104.414429;880.07074;;;;;;
1845;0;-547.744812;-154.04895;605.25708;204.222748;-246.2686;749.186768;-150.683807;-464.10556;631.619934;231.72081;-1067.623291;503.202148;-507.800049;-1100.185547;880.047241;;;;;;
1846;0;-548.540344;-149.840988;605.146729;205.079407;-242.198166;749.059875;-150.763092;-459.601868;631.372253;230.995621;-1063.249268;503.311035;-507.748077;-1095.864136;879.980591;;;;;;
1847;0;-549.276245;-145.61557;605.067444;205.98587;-238.096588;748.903137;-151.046692;-455.13269;631.212585;230.256546;-1058.862305;503.3909;-507.703247;-1091.558105;880.039001;;;;;;
1848;0;-550.124878;-141.37793;604.96344;206.891479;-234.049362;748.821594;-151.148392;-450.739227;631.012024;229.535095;-1054.467407;503.521606;-507.608459;-1087.267334;879.984375;;;;;;
1849;0;-550.890747;-137.156906;604.887268;207.841171;-229.988815;748.676147;-151.284973;-446.213165;630.911621;228.810501;-1050.071655;503.547485;-507.506012;-1083.015015;880.007324;;;;;;
1850;0;-551.621399;-133.01828;604.744202;208.627533;-225.967178;748.441284;-151.450577;-441.821472;630.634277;228.118301;-1045.683228;503.614441;-507.363007;-1078.73291;879.932678;;;;;;
1851;0;-552.442688;-128.807556;604.59668;209.674469;-221.791183;748.411865;-151.57489;-437.374603;630.530579;227.333725;-1041.249268;503.581512;-507.346497;-1074.435791;879.884766;;;;;;
1852;0;-553.229065;-124.614845;604.472351;210.741409;-217.593658;748.318054;-151.600418;-432.916748;630.273865;226.66597;-1036.87793;503.657928;-507.309326;-1070.103149;879.961121;;;;;;
1853;0;-554.054077;-120.402489;604.380981;211.711105;-213.528381;748.215637;-151.695633;-428.505859;630.214417;225.924118;-1032.434204;503.620758;-507.219025;-1065.862061;879.898621;;;;;;
1854;0;-554.842285;-116.254105;604.245117;212.575104;-209.402313;748.120483;-151.792236;-424.205444;630.011353;225.267395;-1028.107788;503.709503;-507.04361;-1061.596313;879.891724;;;;;;
1855;0;-555.627319;-112.096802;604.104553;213.775665;-205.451126;747.981262;-151.814865;-419.737244;629.905212;224.508667;-1023.707886;503.654053;-506.996643;-1057.327271;879.910034;;;;;;
1856;0;-556.420288;-107.899635;603.980225;214.799438;-201.27153;747.868225;-151.790512;-415.365906;629.799561;223.865585;-1019.353149;503.71109;-506.892914;-1052.952515;879.833618;;;;;;
1857;0;-557.247986;-103.730331;603.834656;215.809235;-197.309219;747.861084;-151.87764;-411.055603;629.645447;223.10556;-1014.986145;503.682251;-506.825043;-1048.682983;879.82782;;;;;;
1858;0;-558.000427;-99.495224;603.715881;216.960983;-193.178131;747.641113;-151.840164;-406.621399;629.550659;222.331772;-1010.588318;503.671814;-506.782288;-1044.405273;879.832458;;;;;;
1859;0;-558.862488;-95.344627;603.607788;217.877777;-189.148773;747.627319;-151.816986;-402.30542;629.432251;221.6315;-1006.208313;503.65036;-506.612183;-1040.10083;879.827393;;;;;;
1860;0;-559.692139;-91.098335;603.521057;219.042465;-185.030579;747.418335;-151.799973;-397.872375;629.254639;220.920471;-1001.711731;503.644897;-506.559418;-1035.799438;879.806335;;;;;;
1861;0;-560.505432;-86.987877;603.344604;220.006958;-180.960083;747.287048;-151.799744;-393.657928;629.198059;220.167572;-997.33606;503.561371;-506.549713;-1031.496094;879.802795;;;;;;
1862;0;-561.377319;-82.803467;603.296631;221.211472;-176.902451;747.120056;-151.680084;-389.231049;628.994873;219.478973;-993.016052;503.611969;-506.399323;-1027.19751;879.817871;;;;;;
1863;0;-562.235779;-78.649925;603.132019;222.206543;-172.815643;746.994934;-151.732132;-384.922302;628.855042;218.743546;-988.541077;503.485016;-506.241547;-1022.864563;879.712219;;;;;;
1864;0;-563.105347;-74.457703;603.067322;223.294098;-168.859818;746.878357;-151.570572;-380.643677;628.769958;217.99678;-984.218018;503.477203;-506.21759;-1018.594116;879.755737;;;;;;
1865;0;-563.946716;-70.289474;602.931824;224.395447;-164.749252;746.6604;-151.545639;-376.280701;628.620422;217.252686;-979.757874;503.44104;-506.144989;-1014.312622;879.759338;;;;;;
1866;0;-564.797668;-66.093658;602.83783;225.519424;-160.707809;746.499512;-151.448746;-371.978302;628.414734;216.478668;-975.345459;503.370056;-506.046997;-1009.987366;879.728943;;;;;;
1867;0;-565.666138;-61.948212;602.756714;226.588028;-156.646469;746.324707;-151.31694;-367.661163;628.338257;215.731766;-970.851929;503.33905;-505.957947;-1005.694519;879.774109;;;;;;
1868;0;-566.583496;-57.744118;602.59198;227.577469;-152.537567;745.994324;-151.227676;-363.326385;628.108093;214.984619;-966.452332;503.325714;-505.888153;-1001.371521;879.739502;;;;;;
1869;0;-567.43158;-53.611465;602.47229;228.722229;-148.544037;745.817932;-151.149353;-358.989563;628.007263;214.162781;-962.049072;503.319214;-505.770142;-997.112305;879.702454;;;;;;
1870;0;-568.340332;-49.39175;602.402039;229.753036;-144.46254;745.551147;-151.064255;-354.843567;627.783813;213.364029;-957.614929;503.289886;-505.75531;-992.797729;879.689636;;;;;;
1871;0;-569.341309;-45.219826;602.288391;230.782303;-140.437958;745.31543;-150.979324;-350.503265;627.663879;212.535217;-953.116394;503.210419;-505.648682;-988.41748;879.639343;;;;;;
1872;0;-570.240479;-41.015934;602.215881;231.82225;-136.369156;744.914612;-150.900192;-346.271301;627.438477;211.772049;-948.654602;503.154053;-505.563202;-984.144897;879.604675;;;;;;
1873;0;-571.223633;-36.791752;602.088562;232.858841;-132.42131;744.793152;-150.741898;-342.028046;627.282898;210.909485;-944.197815;503.122986;-505.509735;-979.823608;879.588013;;;;;;
1874;0;-572.166321;-32.629684;601.968445;233.89563;-128.276093;744.36084;-150.638718;-337.718048;627.061951;210.098694;-939.694702;503.106781;-505.38736;-975.521362;879.585205;;;;;;
1875;0;-573.122192;-28.409012;601.881592;234.845596;-124.258484;744.186951;-150.516922;-333.486359;626.92627;209.245712;-935.173706;503.027313;-505.339447;-971.246338;879.552551;;;;;;
1876;0;-574.136902;-24.206326;601.768677;235.948853;-120.156731;743.869629;-150.408386;-329.280853;626.678833;208.436996;-930.697327;503.006104;-505.307373;-966.876404;879.502258;;;;;;
1877;0;-575.09082;-19.963234;601.652771;236.910019;-116.078743;743.614624;-150.206985;-325.182404;626.486206;207.563751;-926.232239;503.025116;-505.215179;-962.593689;879.499756;;;;;;
1878;0;-576.173096;-15.794463;601.559875;237.893463;-112.055435;743.359131;-150.037216;-320.92749;626.2948;206.709183;-921.742981;502.955902;-505.104004;-958.270081;879.44928;;;;;;
1879;0;-577.157532;-11.53573;601.479675;238.830353;-107.9142;743.048767;-149.97435;-316.719238;626.081482;205.829468;-917.280029;502.957397;-505.066742;-954.01532;879.381775;;;;;;
1880;0;-578.252502;-7.311553;601.317505;239.933075;-103.88987;742.782043;-149.87236;-312.521301;625.938293;204.981781;-912.780945;502.933563;-505.000305;-949.710938;879.395508;;;;;;
1881;0;-579.300293;-3.040208;601.233887;240.862808;-99.738922;742.46167;-149.541489;-308.10968;625.547607;204.056747;-908.195984;502.833008;-504.895508;-945.374268;879.29657;;;;;;
1882;0;-580.371521;1.140311;601.114075;241.858383;-95.721443;742.251709;-149.54216;-303.992706;625.371582;203.132202;-903.681824;502.828644;-504.829468;-941.113403;879.21936;;;;;;
1883;0;-581.481323;5.436469;600.98645;242.823181;-91.61557;741.853394;-149.275848;-299.759583;625.136902;202.165283;-899.209534;502.816437;-504.75943;-936.793091;879.218018;;;;;;
1884;0;-582.665405;9.635295;600.905212;243.851669;-87.547997;741.595703;-149.211304;-295.533691;624.908203;201.227554;-894.674377;502.810883;-504.698212;-932.48053;879.143494;;;;;;
1885;0;-583.793823;13.914779;600.809387;244.749268;-83.417336;741.318481;-149.036194;-291.272369;624.682007;200.30246;-890.062256;502.72821;-504.615906;-928.203491;879.075745;;;;;;
1886;0;-584.940063;18.149002;600.680725;245.697144;-79.412689;741.072937;-148.818649;-287.123352;624.426025;199.353165;-885.53833;502.719696;-504.608643;-923.852722;878.998718;;;;;;
1887;0;-586.085876;22.441994;600.6073;246.733276;-75.211342;740.646057;-148.608871;-282.825531;624.167664;198.391602;-880.959839;502.679993;-504.541748;-919.605042;878.958801;;;;;;
1888;0;-587.280457;26.67194;600.477905;247.735519;-71.202789;740.428833;-148.501938;-278.639252;623.953369;197.495911;-876.447144;502.658478;-504.479828;-915.301086;878.871887;;;;;;
1889;0;-588.50647;31.0228;600.332031;248.628113;-67.032654;740.063293;-148.331329;-274.448975;623.641357;196.46875;-871.83313;502.573242;-504.316498;-910.982178;878.781616;;;;;;
1890;0;-589.722961;35.223724;600.232666;249.655502;-62.946812;739.818298;-148.128998;-270.163086;623.381714;195.489822;-867.31311;502.585297;-504.30191;-906.670044;878.676147;;;;;;
1891;0;-590.964417;39.540718;600.129211;250.593246;-58.873909;739.438904;-148.114334;-266.006989;623.07666;194.53775;-862.712708;502.520264;-504.302612;-902.400208;878.607727;;;;;;
1892;0;-592.263794;43.814835;600.042297;251.578415;-54.743431;739.170227;-147.875854;-261.740051;622.766357;193.497894;-858.210266;502.583252;-504.218872;-898.150269;878.53064;;;;;;
1893;0;-593.492065;48.104843;599.94397;252.603058;-50.694736;738.821167;-147.743011;-257.510101;622.433716;192.484268;-853.5755;502.55365;-504.121552;-893.798401;878.44696;;;;;;
1894;0;-594.774109;52.399178;599.750427;253.564117;-46.529186;738.547852;-147.527908;-253.241211;622.141663;191.505417;-848.965027;502.594818;-504.062042;-889.542419;878.402893;;;;;;
1895;0;-596.074463;56.746376;599.727356;254.536148;-42.47718;738.163086;-147.379883;-248.984695;621.87854;190.430511;-844.388184;502.612122;-504.033752;-885.233215;878.286255;;;;;;
1896;0;-597.425598;61.002785;599.603821;255.521774;-38.31617;737.958191;-147.226898;-244.74646;621.551208;189.39975;-839.754211;502.638947;-503.973053;-880.930847;878.203796;;;;;;
1897;0;-598.799316;65.380257;599.546021;256.600647;-34.245102;737.616638;-147.047394;-240.448547;621.21582;188.393234;-835.128052;502.703979;-503.94577;-876.618896;878.066956;;;;;;
1898;0;-600.094482;69.643036;599.380798;257.578979;-30.110474;737.298035;-147.003708;-236.32486;620.907532;187.364136;-830.536133;502.737701;-503.899567;-872.327698;877.984375;;;;;;
1899;0;-601.474426;74.052094;599.268921;258.534241;-25.912582;736.984802;-146.724548;-232.025177;620.620056;186.400711;-825.883728;502.744781;-503.842712;-868.06604;877.88501;;;;;;
1900;0;-602.838989;78.32399;599.186707;259.566193;-21.842934;736.769653;-146.579254;-227.745361;620.301819;185.384506;-821.241272;502.776276;-503.796814;-863.749634;877.787598;;;;;;
1901;0;-604.32251;82.689194;599.081177;260.542419;-17.74748;736.505554;-146.392822;-223.459229;620.052002;184.32254;-816.617432;502.917236;-503.749023;-859.423218;877.682739;;;;;;
1902;0;-605.690857;86.99585;598.959045;261.604523;-13.602711;736.238586;-146.250275;-219.100922;619.738403;183.229584;-811.844116;502.946625;-503.73172;-855.172729;877.624878;;;;;;
1903;0;-607.171753;91.35569;598.859558;262.589722;-9.510814;736.022888;-146.111572;-214.928101;619.429077;182.210251;-807.272339;503.068451;-503.722656;-850.866943;877.550171;;;;;;
1904;0;-608.56311;95.662827;598.738647;263.655151;-5.248906;735.815491;-145.865448;-210.516479;619.167542;181.189026;-802.574585;503.199341;-503.659912;-846.590332;877.41272;;;;;;
1905;0;-610.152405;100.044365;598.624573;264.703766;-1.164472;735.67981;-145.653137;-206.216248;618.842773;180.128571;-797.888367;503.286133;-503.575317;-842.300293;877.367737;;;;;;
1906;0;-611.514404;104.312355;598.466553;265.629059;3.010117;735.49646;-145.429855;-201.791611;618.519165;179.09436;-793.232788;503.444489;-503.555237;-838.000549;877.225464;;;;;;
1907;0;-613.0979;108.693756;598.396301;266.541016;7.097341;735.341858;-145.192032;-197.533401;618.22876;178.037872;-788.498047;503.551849;-503.554474;-833.719177;877.163086;;;;;;
1908;0;-614.641968;112.968483;598.312683;267.601898;11.301071;735.28833;-144.955505;-193.173859;617.941895;177.06543;-783.870667;503.748169;-503.522278;-829.445618;877.099304;;;;;;
1909;0;-616.154541;117.361382;598.171936;268.711395;15.566821;735.085754;-144.850891;-188.897766;617.622559;176.00972;-779.044067;503.812134;-503.464996;-825.213806;877.009888;;;;;;
1910;0;-617.747681;121.627007;598.026367;269.806213;19.758621;734.954956;-144.554047;-184.545441;617.391052;174.958023;-774.339355;503.982788;-503.483124;-820.907043;876.87085;;;;;;
1911;0;-619.367126;125.975471;597.939758;270.794891;24.053488;734.918579;-144.443466;-180.219223;617.059448;173.860001;-769.670959;504.126007;-503.427979;-816.565369;876.795105;;;;;;
1912;0;-620.967957;130.215973;597.829407;271.966614;28.233404;734.810974;-144.217438;-175.865585;616.776855;172.834839;-764.980835;504.353058;-503.34729;-812.290283;876.726807;;;;;;
1913;0;-622.565308;134.568954;597.706177;272.899231;32.466175;734.742981;-144.021957;-171.522736;616.470947;171.85054;-760.215576;504.504456;-503.351807;-808.051514;876.671204;;;;;;
1914;0;-624.20752;138.781555;597.611145;274.050659;36.668556;734.715881;-143.806473;-167.20668;616.162903;170.735779;-755.498474;504.736725;-503.327911;-803.717346;876.560913;;;;;;
1915;0;-625.934326;143.138214;597.508728;275.103668;41.061539;734.548096;-143.553543;-162.810272;615.867554;169.733871;-750.661804;504.845551;-503.396271;-799.381104;876.516296;;;;;;
1916;0;-627.532471;147.400452;597.397217;276.166351;45.273945;734.541138;-143.356964;-158.502014;615.558838;168.712433;-745.994812;505.08844;-503.345551;-795.086548;876.372559;;;;;;
1917;0;-629.334534;151.688782;597.238464;277.191193;49.53949;734.408386;-143.139923;-154.210236;615.225708;167.717789;-741.279846;505.296234;-503.260071;-790.865601;876.314758;;;;;;
1918;0;-630.997559;155.8862;597.177856;278.249115;53.860493;734.289978;-142.922318;-149.798264;614.960205;166.637527;-736.490112;505.463409;-503.2323;-786.574829;876.225708;;;;;;
1919;0;-632.851868;160.13649;597.046204;279.322052;58.18259;734.173035;-142.778137;-145.381653;614.657715;165.663803;-731.776917;505.623932;-503.282959;-782.270508;876.1745;;;;;;
1920;0;-634.520813;164.326416;596.973877;280.441254;62.439754;734.204346;-142.611328;-141.122543;614.368896;164.569656;-727.043396;505.821991;-503.224792;-777.977417;876.03186;;;;;;
1921;0;-636.411499;168.577194;596.830261;281.442749;66.70636;734.128296;-142.342392;-136.664398;614.149292;163.623428;-722.329285;506.088074;-503.214355;-773.679871;876.014282;;;;;;
1922;0;-638.174866;172.72377;596.771118;282.685211;71.074081;734.029602;-142.170273;-132.29657;613.868408;162.607834;-717.602234;506.260345;-503.15332;-769.415771;875.920044;;;;;;
1923;0;-640.089722;176.915588;596.625549;283.722412;75.456413;733.93396;-141.862244;-127.987221;613.62561;161.550217;-712.883423;506.473175;-503.150635;-765.110046;875.832092;;;;;;
1924;0;-641.941528;181.097366;596.590149;284.719849;79.753777;733.850647;-141.688019;-123.59404;613.459412;160.576294;-708.087402;506.619263;-503.131165;-760.786377;875.740723;;;;;;
1925;0;-643.897217;185.229141;596.528076;285.856262;84.19722;733.768311;-141.36261;-119.201019;613.243469;159.566025;-703.41156;506.857574;-503.120422;-756.526123;875.662354;;;;;;
1926;0;-645.821289;189.417999;596.43219;286.902924;88.559967;733.642944;-141.16304;-114.876656;613.070557;158.581848;-698.682312;507.034119;-503.066376;-752.310059;875.672852;;;;;;
1927;0;-647.859314;193.485138;596.327942;287.933319;92.936394;733.472595;-140.939575;-110.441124;612.847961;157.518539;-694.000732;507.247375;-503.090851;-747.963928;875.557129;;;;;;
1928;0;-649.776917;197.602966;596.240784;289.111877;97.316284;733.419556;-140.659744;-106.076416;612.727234;156.539001;-689.259888;507.337982;-503.019928;-743.697815;875.411743;;;;;;
1929;0;-651.777161;201.665009;596.172791;290.146912;101.727768;733.187134;-140.422104;-101.77951;612.522827;155.587036;-684.714844;507.595947;-503.074158;-739.432068;875.385925;;;;;;
1930;0;-653.896423;205.834503;596.059753;291.235687;106.051811;733.011536;-140.134491;-97.33596;612.363831;154.571106;-679.981812;507.702576;-503.049316;-735.160095;875.344238;;;;;;
1931;0;-655.906067;209.901581;596.002563;292.371552;110.558907;732.89447;-139.849945;-92.929649;612.21759;153.611755;-675.347656;507.874908;-503.012177;-730.878296;875.274536;;;;;;
1932;0;-657.960693;213.953857;595.934875;293.361237;114.922142;732.726196;-139.544769;-88.57695;612.069092;152.616989;-670.660767;507.984039;-503.036438;-726.579834;875.196411;;;;;;
1933;0;-659.884705;217.865738;595.851624;294.538208;119.384193;732.578125;-139.259125;-84.142715;611.933655;151.665695;-665.991333;508.085602;-502.997284;-722.237671;875.070251;;;;;;
1934;0;-662.188965;222.093903;595.756287;295.696167;123.913155;732.399292;-138.942612;-79.74614;611.819458;150.68959;-661.33313;508.192719;-502.989899;-717.94574;875.03595;;;;;;
1935;0;-664.46405;226.148972;595.607422;296.61142;128.258804;732.159058;-138.687378;-75.32029;611.746155;149.735886;-656.619995;508.241699;-502.958649;-713.771912;875.007812;;;;;;
1936;0;-666.462341;230.167221;595.574097;297.729828;132.666702;732.041321;-138.432205;-70.908119;611.608887;148.711243;-651.958252;508.345947;-502.940887;-709.453003;874.918945;;;;;;
1937;0;-668.603394;234.135574;595.461426;298.772919;137.106247;731.859131;-138.113541;-66.513611;611.516235;147.760941;-647.24762;508.370209;-502.965698;-705.140015;874.884277;;;;;;
1938;0;-670.916687;238.159164;595.370667;299.840759;141.579636;731.669006;-137.834686;-62.12899;611.450745;146.798004;-642.585693;508.469452;-502.911377;-700.895752;874.808044;;;;;;
1939;0;-673.200623;242.202972;595.257568;300.909607;145.962128;731.46228;-137.564865;-57.712257;611.376892;145.850723;-637.994324;508.530304;-502.898682;-696.639343;874.760681;;;;;;
1940;0;-675.392273;246.104584;595.07074;301.984039;150.392975;731.303894;-137.20108;-53.260357;611.33252;144.927582;-633.329163;508.54129;-502.82019;-692.374512;874.719543;;;;;;
1941;0;-677.575989;250.005371;595.009521;302.939758;154.782272;731.037048;-136.967468;-48.962944;611.253357;143.951202;-628.713318;508.594879;-502.801239;-688.032532;874.607605;;;;;;
1942;0;-679.783325;253.983704;594.946655;303.961731;159.214081;730.843201;-136.657089;-44.458035;611.200012;143.044266;-624.008484;508.536407;-502.847778;-683.79364;874.534241;;;;;;
1943;0;-682.211182;258.031586;594.815857;304.911438;163.628235;730.669861;-136.281097;-40.142185;611.139709;142.062225;-619.361511;508.58252;-502.75528;-679.512756;874.526428;;;;;;
1944;0;-684.296936;261.929993;594.693665;305.983215;168.069016;730.559143;-136.022247;-35.643326;611.125916;141.167908;-614.69397;508.566315;-502.699249;-675.304749;874.516174;;;;;;
1945;0;-686.852722;265.91748;594.618408;306.948486;172.470749;730.375916;-135.746124;-31.317656;611.033447;140.274811;-610.070496;508.5354;-502.693542;-671.015747;874.408936;;;;;;
1946;0;-689.123169;269.785278;594.486389;307.965302;176.890091;730.19342;-135.421143;-26.924866;611.046997;139.313644;-605.468567;508.594147;-502.711426;-666.703491;874.380859;;;;;;
1947;0;-691.552917;273.674286;594.350708;309.075104;181.314178;730.10907;-135.072876;-22.468552;610.970337;138.400665;-600.751282;508.54306;-502.617126;-662.520386;874.354858;;;;;;
1948;0;-693.862549;277.545898;594.218079;310.049255;185.744934;729.905334;-134.71347;-18.038628;610.876221;137.515732;-596.154968;508.54718;-502.587799;-658.13446;874.251648;;;;;;
1949;0;-696.236206;281.461456;594.032715;311.079834;190.156128;729.783386;-134.421066;-13.631309;610.87561;136.632996;-591.486267;508.494446;-502.557465;-653.914551;874.207031;;;;;;
1950;0;-698.619263;285.399536;593.891174;311.972687;194.461884;729.665405;-133.968857;-9.19014;610.789124;135.814453;-586.892273;508.469757;-502.584106;-649.606201;874.141113;;;;;;
1951;0;-700.94928;289.226501;593.807434;313.007233;198.938431;729.583801;-133.728378;-4.732893;610.699585;134.913559;-582.298706;508.506592;-502.528503;-645.276794;874.036316;;;;;;
1952;0;-703.366821;293.093445;593.628723;314.109985;203.423798;729.458679;-133.330765;-0.275567;610.681335;134.10347;-577.55835;508.349182;-502.492004;-641.025635;873.983093;;;;;;
1953;0;-705.93927;297.059937;593.597351;315.015778;207.849777;729.312805;-132.959549;4.239882;610.615417;133.286194;-572.936523;508.410645;-502.421631;-636.76886;873.976013;;;;;;
1954;0;-708.328003;300.898102;593.421265;316.127899;212.211945;729.336426;-132.595734;8.679728;610.535156;132.453171;-568.272888;508.372559;-502.388885;-632.510254;873.909363;;;;;;
1955;0;-710.735107;304.759644;593.292664;317.105743;216.76239;729.239929;-132.199127;13.228065;610.427612;131.640305;-563.62915;508.361053;-502.392517;-628.140076;873.803772;;;;;;
1956;0;-713.097168;308.547333;593.111389;318.076843;221.139587;729.121765;-131.89621;17.64076;610.310547;130.927307;-559.013184;508.335236;-502.341614;-623.914185;873.764404;;;;;;
1957;0;-715.633728;312.496887;592.94397;318.942871;225.54097;729.053772;-131.465729;22.182894;610.222168;130.176315;-554.353271;508.277191;-502.247742;-619.599609;873.67627;;;;;;
1958;0;-718.044312;316.257233;592.792175;319.935181;229.937561;728.931396;-131.118546;26.746531;610.082458;129.393387;-549.639465;508.263702;-502.197571;-615.371094;873.626099;;;;;;
1959;0;-720.508362;320.096649;592.666931;320.820587;234.372879;728.779663;-130.724579;31.211847;609.910645;128.756378;-545.005859;508.226105;-502.145813;-611.110535;873.617798;;;;;;
1960;0;-723.018494;323.787079;592.583496;321.806702;238.800537;728.726562;-130.357025;35.781372;609.810303;128.039795;-540.340698;508.214355;-502.106079;-606.75647;873.477905;;;;;;
1961;0;-725.459473;327.746338;592.365234;322.672424;243.269119;728.53894;-129.89595;40.429459;609.658508;127.354248;-535.642944;508.18927;-501.995514;-602.519897;873.422363;;;;;;
1962;0;-727.856079;331.449371;592.345764;323.656586;247.696579;728.455872;-129.488724;44.942039;609.552063;126.705009;-531.009644;508.164459;-501.966644;-598.25415;873.360779;;;;;;
1963;0;-730.288574;335.306305;592.157593;324.527863;252.205902;728.340088;-128.907715;49.583149;609.352905;125.992043;-526.368958;508.167084;-501.847565;-593.979126;873.289673;;;;;;
1964;0;-732.857422;339.052704;592.227539;325.436615;256.569611;728.196777;-128.517365;54.186909;609.239563;125.396355;-521.696472;508.157379;-501.801666;-589.709473;873.220947;;;;;;
1965;0;-735.406555;342.927368;591.98175;326.265381;260.97171;727.977722;-128.006744;58.77581;609.127136;124.869392;-517.064514;508.147308;-501.80484;-585.391357;873.157776;;;;;;
1966;0;-737.854126;346.505585;591.906799;327.136749;265.439423;727.857239;-127.335251;63.411644;608.939392;124.302742;-512.412048;508.171967;-501.706482;-581.088379;873.078552;;;;;;
1967;0;-740.329773;350.373383;591.9552;328.13446;270.015594;727.5755;-126.864525;68.139534;608.864807;123.770348;-507.796234;508.218811;-501.674286;-576.782104;873.014282;;;;;;
1968;0;-742.824951;354.08432;591.896851;328.908203;274.334595;727.383301;-126.368401;72.696365;608.749817;123.265572;-503.098358;508.193726;-501.575043;-572.540222;872.944824;;;;;;
1969;0;-745.282166;357.957825;591.813232;329.812012;278.865295;727.074158;-125.806015;77.455673;608.52124;122.784363;-498.447845;508.159637;-501.501923;-568.269287;872.919128;;;;;;
1970;0;-747.812439;361.582611;591.660278;330.55011;283.289429;726.865906;-125.337112;82.069366;608.395386;122.292313;-493.810333;508.125732;-501.484558;-563.922302;872.77179;;;;;;
1971;0;-750.523743;365.527222;591.637085;331.414124;287.71582;726.62207;-124.773605;86.813889;608.274597;121.827568;-489.174805;508.174347;-501.384094;-559.636841;872.647278;;;;;;
1972;0;-752.939026;369.088806;591.608398;332.035919;292.03894;726.361084;-124.133545;91.388451;608.132812;121.376045;-484.528473;508.206238;-501.269867;-555.326782;872.595215;;;;;;
1973;0;-755.324158;372.944458;591.620972;332.934845;296.486664;726.058838;-123.391968;96.187401;608.090698;120.907654;-479.862335;508.213867;-501.206696;-551.091309;872.530334;;;;;;
1974;0;-757.936096;376.53772;591.540588;333.744965;300.925507;725.731018;-122.774712;100.839104;607.946411;120.518402;-475.208344;508.258514;-501.113068;-546.805542;872.508301;;;;;;
1975;0;-760.389526;380.309875;591.643982;334.510376;305.348969;725.435974;-122.060982;105.628578;607.921204;120.080788;-470.572418;508.277466;-501.063354;-542.521973;872.425171;;;;;;
1976;0;-762.915344;383.996124;591.60907;335.281982;309.68631;725.086243;-121.34137;110.272507;607.797974;119.769821;-465.927124;508.247803;-500.966248;-538.2005;872.325073;;;;;;
1977;0;-765.36731;387.653534;591.58075;336.022308;314.112549;724.779175;-120.672882;115.06356;607.698242;119.357758;-461.248962;508.278717;-500.887878;-533.953918;872.291748;;;;;;
1978;0;-767.868042;391.447601;591.720825;336.673279;318.501343;724.490051;-119.94236;119.750839;607.650635;119.037262;-456.615112;508.298645;-500.700104;-529.615051;872.134827;;;;;;
1979;0;-770.531067;395.246216;591.74884;337.436371;322.994263;724.119934;-119.075279;124.568565;607.556824;118.751305;-451.964294;508.241425;-500.658447;-525.352478;872.103516;;;;;;
1980;0;-772.859497;398.910217;591.711548;338.197601;327.426422;723.839966;-118.385658;129.280701;607.577454;118.345062;-447.338928;508.305206;-500.552704;-521.066467;872.02533;;;;;;
1981;0;-775.464966;402.563934;591.866577;338.927612;331.976044;723.43927;-117.5606;134.036041;607.437927;118.074089;-442.676361;508.293762;-500.495361;-516.717651;871.96106;;;;;;
1982;0;-778.037537;406.349609;591.982971;339.555267;336.334076;723.139221;-116.793289;138.754593;607.443542;117.785896;-438.068787;508.343292;-500.441681;-512.424072;871.924316;;;;;;
1983;0;-780.430359;409.967163;592.02478;340.326752;340.754639;722.874695;-116.019753;143.490326;607.383606;117.492836;-433.366821;508.281769;-500.327576;-508.138702;871.832458;;;;;;
1984;0;-783.010498;413.667114;591.996704;340.999329;345.147522;722.464355;-115.22821;148.255768;607.404785;117.20369;-428.670959;508.294159;-500.226868;-503.883118;871.80072;;;;;;
1985;0;-785.448853;417.385925;592.131042;341.738007;349.614563;722.150879;-114.34391;152.964737;607.365723;117.000565;-424.032013;508.325745;-500.128998;-499.561737;871.7229;;;;;;
1986;0;-787.939819;421.130066;592.302734;342.38382;354.038605;721.872559;-113.560242;157.770462;607.312866;116.720169;-419.372437;508.317657;-499.987701;-495.222046;871.641479;;;;;;
1987;0;-790.639709;424.828613;592.292603;343.018219;358.545258;721.534973;-112.788445;162.455704;607.227356;116.476074;-414.658722;508.30127;-499.943329;-491.046783;871.636475;;;;;;
1988;0;-793.224121;428.497498;592.350098;343.638702;362.920593;721.195984;-111.883003;167.204437;607.209229;116.189629;-409.975189;508.327667;-499.833832;-486.612823;871.493042;;;;;;
1989;0;-795.670593;432.072754;592.524902;344.235657;367.4823;720.962891;-111.042168;171.889938;607.179016;115.957878;-405.263611;508.274963;-499.707306;-482.479706;871.518799;;;;;;
1990;0;-798.435425;435.891296;592.665649;344.88504;371.811798;720.635071;-110.158302;176.588684;607.11499;115.784821;-400.606934;508.280334;-499.601013;-478.164154;871.462463;;;;;;
1991;0;-800.541931;439.286407;592.694824;345.523071;376.345673;720.440369;-109.253639;181.389221;607.215515;115.586472;-395.877747;508.246124;-499.462006;-473.849121;871.335693;;;;;;
1992;0;-803.263062;443.109802;592.882751;346.269836;380.686554;720.136292;-108.456879;186.119644;607.094177;115.336388;-391.200317;508.289337;-499.394928;-469.588226;871.348328;;;;;;
1993;0;-805.748047;446.745575;593.038574;346.872681;385.199615;719.904724;-107.620163;190.793381;607.157104;115.130226;-386.46167;508.271576;-499.260986;-465.171722;871.255432;;;;;;
1994;0;-808.047119;450.325714;593.030151;347.626862;389.69278;719.706665;-106.67868;195.524811;607.125793;114.96711;-381.783508;508.244934;-499.215668;-460.900543;871.189636;;;;;;
1995;0;-810.433655;453.881073;593.237183;348.217133;394.136871;719.439087;-105.90905;200.133194;607.159485;114.827446;-377.114471;508.216217;-499.061066;-456.648926;871.194092;;;;;;
1996;0;-813.012878;457.586243;593.522339;348.799988;398.634888;719.25885;-104.915977;204.795456;607.156921;114.641342;-372.411804;508.23056;-498.948669;-452.294312;871.096069;;;;;;
1997;0;-815.496094;461.184845;593.502747;349.368622;403.091034;719.022217;-104.014954;209.448746;607.179871;114.311493;-367.621246;508.188538;-498.890625;-447.991913;871.07666;;;;;;
1998;0;-817.921082;464.79184;593.759827;350.07486;407.613617;718.937012;-103.129547;214.056839;607.139038;114.243912;-362.956604;508.15271;-498.770966;-443.642853;870.977295;;;;;;
1999;0;-820.471191;468.477661;593.894165;350.759796;412.120361;718.735474;-102.226624;218.603073;607.09375;114.069893;-358.27417;508.060333;-498.628204;-439.331665;870.944824;;;;;;
2000;0;-822.87085;472.058044;593.913147;351.427002;416.530945;718.685669;-101.250412;223.143967;607.114746;113.806519;-353.551239;508.059509;-498.564362;-435.008606;870.864807;;;;;;
2001;0;-825.218384;475.700104;594.123657;352.135284;421.008148;718.585144;-100.288208;227.768768;606.981018;113.652153;-348.800232;507.931122;-498.489899;-430.677063;870.775696;;;;;;
2002;0;-827.671509;479.291931;594.33429;352.837097;425.395691;718.438721;-99.347733;232.326447;606.976624;113.515671;-344.113831;507.858643;-498.345184;-426.374573;870.824829;;;;;;
2003;0;-829.976868;482.939117;594.643677;353.498505;430.011444;718.459778;-98.265488;236.768341;606.978821;113.398033;-339.384247;507.839142;-498.272461;-421.979889;870.667542;;;;;;
2004;0;-832.529175;486.579742;594.872742;354.253784;434.440186;718.338623;-97.138847;241.258881;606.855896;113.231819;-334.634583;507.774963;-498.179688;-417.723663;870.709412;;;;;;
2005;0;-834.807312;490.117615;595.138977;354.939911;438.93573;718.366089;-96.195625;245.761536;606.940796;113.11908;-329.974426;507.685608;-498.093018;-413.324432;870.640137;;;;;;
2006;0;-837.139099;493.691864;595.53241;355.635712;443.455383;718.270325;-95.06649;250.148087;606.94281;113.008095;-325.244415;507.570435;-497.963745;-409.018463;870.582153;;;;;;
2007;0;-839.60791;497.341431;595.849182;356.363525;447.867584;718.253296;-93.894882;254.600876;607.02124;112.854248;-320.541351;507.548645;-497.844879;-404.731689;870.525024;;;;;;
2008;0;-841.7854;500.882202;596.34375;357.053589;452.39444;718.276001;-92.758751;259.001495;607.054565;112.581291;-315.681702;507.417908;-497.684418;-400.357025;870.429626;;;;;;
2009;0;-844.082825;504.440186;596.644775;357.792511;456.846069;718.296204;-91.694153;263.316772;607.00177;112.651421;-311.127869;507.297577;-497.617249;-396.063171;870.438721;;;;;;
2010;0;-846.440674;508.060822;597.253845;358.529205;461.289459;718.298157;-90.51638;267.670288;607.108887;112.55619;-306.375366;507.174805;-497.548126;-391.743774;870.360046;;;;;;
2011;0;-848.753601;511.747192;597.885681;359.30368;465.81134;718.422913;-89.391937;271.983093;607.188782;112.440453;-301.625671;507.073059;-497.46637;-387.390839;870.336548;;;;;;
2012;0;-850.891418;515.305298;598.424133;359.914429;470.353027;718.348267;-88.029381;276.209534;607.166321;112.380951;-296.883728;506.893341;-497.420532;-383.031982;870.332153;;;;;;
2013;0;-852.917114;518.72113;599.106628;360.609192;474.770233;718.342407;-86.742035;280.578735;607.246887;112.307053;-292.191681;506.82019;-497.283447;-378.700531;870.253601;;;;;;
2014;0;-855.110168;522.398132;599.906799;361.340088;479.279419;718.378723;-85.55481;284.768158;607.149597;112.252052;-287.452026;506.66803;-497.237244;-374.389069;870.212952;;;;;;
2015;0;-857.309021;525.979736;600.691772;361.961945;483.797485;718.426697;-84.13401;289.024689;607.209778;112.294258;-282.777924;506.506989;-497.098511;-369.999908;870.146545;;;;;;
2016;0;-859.245056;529.542603;601.60022;362.60733;488.26123;718.379395;-82.785446;293.145966;607.260742;112.263199;-278.115234;506.442474;-496.991791;-365.676758;870.090698;;;;;;
2017;0;-861.491394;533.144348;602.626831;363.332062;492.759521;718.480896;-81.42411;297.342926;607.349609;112.214851;-273.288971;506.195618;-496.944672;-361.360046;870.070618;;;;;;
2018;0;-863.442444;536.639771;603.598999;364.004791;497.210358;718.411194;-79.904053;301.482239;607.366394;112.23996;-268.700867;506.124084;-496.842072;-356.930908;869.973816;;;;;;
2019;0;-865.366211;540.145935;604.637756;364.652954;501.667023;718.40094;-78.513931;305.711945;607.377441;112.222275;-264.002838;506.005646;-496.800018;-352.646912;869.976379;;;;;;
2020;0;-867.411682;543.827515;605.988342;365.320312;506.143097;718.484619;-77.023766;309.808563;607.391113;112.432777;-259.335205;505.813354;-496.642914;-348.275299;869.915466;;;;;;
2021;0;-869.306519;547.408203;607.339233;365.948608;510.611115;718.27771;-75.398483;313.999786;607.383484;112.415016;-254.650528;505.764648;-496.598633;-343.996368;869.831848;;;;;;
2022;0;-871.141235;550.885864;608.601257;366.66922;515.042969;718.40509;-73.950096;318.00412;607.34198;112.531075;-250.026489;505.527679;-496.427948;-339.608521;869.829956;;;;;;
2023;0;-873.011414;554.516602;610.077209;367.224457;519.557129;718.358704;-72.272148;322.212494;607.383301;112.754669;-245.401947;505.43927;-496.323883;-335.233765;869.756592;;;;;;
2024;0;-874.810547;558.029785;611.617676;367.91214;524.069763;718.335083;-70.630692;326.228271;607.394165;112.796333;-240.668015;505.246887;-496.295776;-330.90451;869.67804;;;;;;
2025;0;-876.491333;561.501343;613.116089;368.556152;528.491394;718.302856;-69.054466;330.299133;607.398804;113.006012;-236.031235;505.149353;-496.221039;-326.506714;869.627625;;;;;;
2026;0;-878.322876;565.083069;614.824768;369.19754;532.958496;718.182007;-67.35656;334.403625;607.367493;113.149529;-231.369339;504.976257;-496.167786;-322.131287;869.579041;;;;;;
2027;0;-879.936768;568.592529;616.679321;369.671448;537.380676;718.168762;-65.768425;338.430267;607.315002;113.338524;-226.699982;504.836273;-496.074585;-317.813965;869.522339;;;;;;
2028;0;-881.429626;572.099731;618.438904;370.340546;541.827576;718.116455;-63.946777;342.494568;607.27356;113.493835;-222.036041;504.626923;-496.043365;-313.468323;869.433411;;;;;;
2029;0;-882.941284;575.59259;620.375916;370.922852;546.271606;718.056519;-62.204433;346.498535;607.171265;113.740845;-217.359558;504.469208;-496.032684;-309.111176;869.402954;;;;;;
2030;0;-884.440063;579.108154;622.41626;371.623199;550.641113;718.011414;-60.475624;350.511505;607.076843;114.085701;-212.751633;504.284454;-495.920502;-304.735931;869.313232;;;;;;
2031;0;-885.869629;582.56958;624.535034;372.231171;555.074707;717.943604;-58.55727;354.532562;606.938538;114.334755;-208.172592;504.224243;-495.893036;-300.343323;869.297607;;;;;;
2032;0;-887.381836;586.167664;626.689331;372.813293;559.494446;717.845337;-56.632366;358.524048;606.828552;114.597832;-203.525116;504.03595;-495.804047;-296.005157;869.182129;;;;;;
2033;0;-888.734741;589.630493;628.94812;373.473236;563.930969;717.795166;-54.743626;362.563843;606.719543;114.975372;-198.898666;503.853546;-495.842957;-291.686829;869.167358;;;;;;
2034;0;-890.041016;593.086975;631.258728;374.039246;568.318054;717.733032;-52.944592;366.447693;606.615112;115.280312;-194.31073;503.77417;-495.822845;-287.283844;869.158997;;;;;;
2035;0;-891.155457;596.752197;633.628662;374.652313;572.698547;717.633362;-50.871799;370.425781;606.490234;115.624985;-189.700317;503.648041;-495.815369;-282.940216;869.059998;;;;;;
2036;0;-892.239746;600.077026;635.931824;375.198944;577.031372;717.553589;-48.993881;374.361206;606.308655;115.988014;-185.175797;503.560303;-495.822388;-278.582062;869.022888;;;;;;
2037;0;-893.37738;603.656006;638.457886;375.742157;581.432312;717.418945;-46.896976;378.344482;606.103271;116.264503;-180.672699;503.473694;-495.828888;-274.188995;868.922913;;;;;;
2038;0;-894.748535;607.153564;640.922363;376.238525;585.837769;717.287598;-44.895855;382.302887;605.963684;116.796341;-176.084991;503.278625;-495.877289;-269.860596;868.8573;;;;;;
2039;0;-895.676086;610.600098;643.39801;376.762299;590.234009;717.23291;-42.873005;386.171539;605.75531;117.102402;-171.486221;503.176819;-495.96637;-265.460236;868.791504;;;;;;
2040;0;-896.780762;614.09375;646.007446;377.359406;594.537781;717.014465;-40.881508;390.198303;605.611145;117.563591;-166.920883;503.028503;-495.98056;-261.079315;868.725464;;;;;;
2041;0;-897.582764;617.588257;648.627991;377.884766;598.913818;716.962646;-38.712955;394.075043;605.335388;118.05761;-162.426453;502.917603;-496.036407;-256.719208;868.68103;;;;;;
2042;0;-898.553833;621.067017;651.344604;378.3862;603.197021;716.828064;-36.542278;398.12442;605.128784;118.556297;-157.874374;502.767914;-496.122711;-252.343445;868.607117;;;;;;
2043;0;-899.441223;624.464661;654.005249;378.943451;607.580811;716.736023;-34.5667;401.903717;604.887695;119.06424;-153.349091;502.655396;-496.258453;-247.945969;868.527771;;;;;;
2044;0;-900.358826;628.145325;656.893677;379.47171;611.94165;716.742737;-32.498569;405.881805;604.64679;119.543297;-148.79982;502.49649;-496.303558;-243.584534;868.465698;;;;;;
2045;0;-901.074463;631.472656;659.615479;379.987793;616.24231;716.637695;-30.200321;409.85556;604.41571;120.121483;-144.29715;502.427948;-496.491547;-239.244949;868.413452;;;;;;
2046;0;-901.820007;635.024658;662.521667;380.439453;620.594971;716.569824;-28.156509;413.724731;604.15448;120.711014;-139.896606;502.342468;-496.647186;-234.831039;868.392822;;;;;;
2047;0;-902.53833;638.534485;665.332947;380.941406;624.931702;716.483521;-25.716778;417.76593;603.826172;121.18293;-135.311844;502.248718;-496.742371;-230.489914;868.311768;;;;;;
2048;0;-903.255066;641.999634;668.164978;381.325256;629.269165;716.446228;-23.792601;421.578308;603.537537;121.852257;-130.735077;502.061249;-497.011169;-226.090546;868.233215;;;;;;
2049;0;-903.926514;645.470947;671.03363;381.704559;633.612427;716.382812;-21.354816;425.446747;603.324158;122.386948;-126.310081;501.963318;-497.147491;-221.700363;868.168274;;;;;;
2050;0;-904.525757;648.979004;673.84906;382.116272;637.869995;716.366455;-19.170614;429.347107;603.103882;123.000755;-121.826576;501.976074;-497.457245;-217.336838;868.086792;;;;;;
2051;0;-905.078491;652.528687;676.805908;382.550659;642.145264;716.25238;-17.078856;433.175537;602.672607;123.604652;-117.39447;501.843109;-497.703796;-212.944702;868.055237;;;;;;
2052;0;-905.572083;655.882019;679.481262;382.841492;646.563416;716.270508;-14.784063;437.190735;602.467224;124.182953;-112.959923;501.719238;-497.962341;-208.520782;867.977356;;;;;;
2053;0;-906.223083;659.465027;682.511047;383.153595;650.835205;716.160461;-12.570153;441.043945;602.216492;124.75528;-108.524948;501.730011;-498.275208;-204.167023;867.913513;;;;;;
2054;0;-906.707031;662.872925;685.376953;383.546814;655.160156;716.135986;-10.252082;444.854187;601.886047;125.507179;-104.0429;501.563965;-498.577026;-199.789581;867.857117;;;;;;
2055;0;-907.121094;666.429565;688.323242;383.762543;659.457214;716.112427;-8.076468;448.734772;601.753174;126.148117;-99.730759;501.573334;-498.919098;-195.396881;867.794495;;;;;;
2056;0;-907.56897;669.974182;691.29071;384.052124;663.747498;716.067993;-5.85806;452.640625;601.263855;126.77063;-95.274887;501.463287;-499.279388;-191.007889;867.777832;;;;;;
2057;0;-907.820862;673.399292;694.088806;384.266052;668.037415;715.998474;-3.731381;456.468994;601.045898;127.504509;-90.788918;501.403503;-499.661896;-186.621735;867.711487;;;;;;
2058;0;-908.40448;676.893677;696.895325;384.450928;672.356873;715.907471;-1.375131;460.46347;600.696045;128.103073;-86.411476;501.446838;-500.02594;-182.250458;867.638245;;;;;;
2059;0;-908.57196;680.407349;699.867615;384.747925;676.650818;715.880188;0.618229;464.307831;600.546265;128.836945;-82.129143;501.306488;-500.432373;-177.836472;867.607605;;;;;;
2060;0;-909.035461;683.91925;702.755981;384.969391;680.930176;715.813477;2.892877;468.394653;600.15802;129.561783;-77.698204;501.325317;-500.833038;-173.441147;867.568115;;;;;;
2061;0;-909.284546;687.358582;705.60791;385.16983;685.304749;715.697937;5.351131;472.295166;599.911987;130.30629;-73.356712;501.328278;-501.259094;-169.063644;867.571777;;;;;;
2062;0;-909.56543;690.832458;708.439514;385.286285;689.541016;715.616394;7.360756;476.154877;599.455811;131.050278;-69.001602;501.244415;-501.815796;-164.693726;867.542053;;;;;;
2063;0;-909.769287;694.298279;711.221313;385.455688;693.766235;715.525391;9.701719;480.163208;599.147644;131.703018;-64.670639;501.139465;-502.251312;-160.289215;867.507324;;;;;;
2064;0;-910.023682;697.835449;714.12915;385.524597;698.007263;715.382874;11.671029;484.00766;598.78717;132.34787;-60.338627;501.17041;-502.773529;-155.916794;867.491943;;;;;;
2065;0;-910.355042;701.322571;717.026672;385.667786;702.235535;715.326294;14.010116;488.082275;598.395386;133.184814;-55.991192;501.055786;-503.258179;-151.505417;867.411743;;;;;;
2066;0;-910.495972;704.812927;719.828674;385.802582;706.486511;715.133972;16.208878;491.963287;597.95575;133.7957;-51.755867;501.08075;-503.774536;-147.07843;867.442139;;;;;;
2067;0;-910.853638;708.316406;722.634277;385.832123;710.714661;715.065369;18.239454;495.896118;597.589478;134.531342;-47.371906;500.89389;-504.334442;-142.762314;867.412537;;;;;;
2068;0;-910.986816;711.776428;725.405273;385.927185;714.938538;714.846619;20.57655;499.869293;597.034668;135.242065;-43.163521;500.902283;-504.870941;-138.364914;867.38678;;;;;;
2069;0;-911.229431;715.341064;728.268616;385.944336;719.116333;714.63092;22.741686;503.772125;596.653809;135.927917;-38.917362;500.805328;-505.441956;-133.928818;867.383179;;;;;;
2070;0;-911.31012;718.888672;731.13092;386.027466;723.372131;714.453552;24.941303;507.781158;596.188477;136.780014;-34.598171;500.576141;-506.062866;-129.569519;867.371948;;;;;;
2071;0;-911.356201;722.331848;733.838257;386.049164;727.614868;714.318359;27.024315;511.803284;595.774353;137.500504;-30.45343;500.508789;-506.686096;-125.174805;867.345947;;;;;;
2072;0;-911.654053;725.830627;736.641296;386.018799;731.828064;714.096191;29.195576;515.738159;595.196838;138.235962;-26.156502;500.367035;-507.310516;-120.769707;867.316101;;;;;;
2073;0;-911.579407;729.33197;739.463196;385.956482;736.008179;713.979065;31.094255;519.646912;594.667603;138.995956;-21.956545;500.173676;-507.926392;-116.367592;867.327087;;;;;;
2074;0;-911.712891;732.791443;742.214539;386.047424;740.137756;713.700195;33.24017;523.719543;594.281799;139.740494;-17.700342;499.962677;-508.594025;-111.97657;867.304749;;;;;;
2075;0;-911.822449;736.293091;744.962769;385.922974;744.378357;713.550476;35.48077;527.732605;593.717896;140.421753;-13.554109;499.787018;-509.212372;-107.562515;867.327454;;;;;;
2076;0;-911.967529;739.820618;747.79303;385.979218;748.524902;713.295715;37.688194;531.795593;593.201233;141.286743;-9.429342;499.612732;-509.887756;-103.199707;867.323486;;;;;;
2077;0;-911.92688;743.347046;750.595215;385.928162;752.706482;713.133179;39.767834;535.835815;592.620605;141.952438;-5.202979;499.309753;-510.600281;-98.77433;867.291687;;;;;;
2078;0;-911.919373;746.751953;753.336121;385.940063;756.803833;712.99115;41.824352;539.771362;592.117004;142.659454;-1.121887;499.042908;-511.28775;-94.388725;867.318298;;;;;;
2079;0;-911.832764;750.281738;756.048462;385.824036;761.039185;712.811462;43.6782;543.706604;591.5047;143.504822;3.022455;498.852112;-511.960876;-90.000351;867.298157;;;;;;
2080;0;-911.881775;753.773071;758.789001;385.7099;765.310669;712.679138;45.813087;547.83551;590.948608;144.162445;7.25006;498.518524;-512.648254;-85.565788;867.286743;;;;;;
2081;0;-911.954895;757.344238;761.68042;385.674347;769.326111;712.417542;47.792381;551.861145;590.533386;144.89325;11.406355;498.265442;-513.432678;-81.155403;867.332886;;;;;;
2082;0;-912.128906;760.905396;764.56073;385.613647;773.467834;712.275085;49.808041;556.056274;589.751709;145.59436;15.43615;498.011932;-514.125061;-76.788559;867.298584;;;;;;
2083;0;-911.792908;764.30072;767.176453;385.440613;777.648804;712.056763;51.827263;560.103088;589.09082;146.336166;19.614813;497.738708;-514.858765;-72.394302;867.266846;;;;;;
2084;0;-911.690369;767.852844;769.908081;385.245178;781.86853;711.899475;53.852592;564.113098;588.596497;147.072937;23.695509;497.547943;-515.599548;-67.974144;867.292847;;;;;;
2085;0;-911.672302;771.293518;772.644104;385.171753;786.022888;711.775879;55.730309;568.154297;587.879211;147.725708;27.75996;497.332001;-516.320557;-63.595028;867.267273;;;;;;
2086;0;-911.596252;774.768677;775.44812;384.971008;790.190979;711.593201;57.920677;572.227844;587.27832;148.453537;31.921824;497.064758;-517.05426;-59.205761;867.257202;;;;;;
2087;0;-911.440674;778.257935;778.270508;384.854736;794.231262;711.290527;59.543343;576.266724;586.543396;149.245407;35.983738;496.958618;-517.860718;-54.787407;867.261902;;;;;;
2088;0;-911.251648;781.85376;781.04425;384.637146;798.521545;711.248047;61.546883;580.431213;585.888123;149.926193;40.076378;496.807098;-518.590149;-50.373463;867.225037;;;;;;
2089;0;-911.145447;785.394653;783.789856;384.478058;802.572876;710.838867;63.448349;584.388733;585.051208;150.652817;44.099892;496.596954;-519.373047;-45.989643;867.234009;;;;;;
2090;0;-911.022217;788.833252;786.553223;384.257263;806.748596;710.792358;65.26384;588.532898;584.304749;151.376648;48.186295;496.422272;-520.146057;-41.582699;867.22113;;;;;;
2091;0;-910.809021;792.347534;789.383667;384.160889;810.792175;710.608948;67.107758;592.496155;583.469788;152.078857;52.199684;496.406006;-520.915161;-37.182121;867.168823;;;;;;
2092;0;-910.59198;795.909607;792.120422;383.82132;815.060303;710.419617;69.128342;596.540222;582.619324;152.758636;56.229568;496.266602;-521.682007;-32.761059;867.146606;;;;;;
2093;0;-910.308838;799.399292;794.8302;383.600067;819.208496;710.226379;70.855743;600.675598;581.743347;153.46489;60.204399;496.353973;-522.493042;-28.309765;867.169006;;;;;;
2094;0;-910.153748;802.99176;797.605835;383.429382;823.289124;710.00647;72.74189;604.619995;580.668701;154.192429;64.283409;496.2211;-523.269958;-23.922224;867.107544;;;;;;
2095;0;-910.010498;806.497559;800.385132;383.0513;827.485718;709.881775;74.687119;608.763367;579.55542;154.86235;68.273956;496.196075;-524.049683;-19.50684;867.103271;;;;;;
2096;0;-909.715637;809.988647;803.100586;382.824493;831.640808;709.696838;76.194832;612.729736;578.602112;155.543991;72.259666;496.287384;-524.831482;-15.079135;867.075623;;;;;;
2097;0;-909.372009;813.573608;805.869324;382.559692;835.717957;709.504089;77.995819;616.858093;577.502502;156.289566;76.258575;496.363556;-525.596497;-10.677787;866.989258;;;;;;
2098;0;-909.114014;817.065979;808.534485;382.302856;839.789734;709.277832;79.757217;620.809326;576.175354;156.909424;80.201378;496.437408;-526.425659;-6.272976;867.020203;;;;;;
2099;0;-908.820068;820.656921;811.192566;381.922852;844.149597;709.284973;81.489113;624.88501;574.949341;157.627487;84.244598;496.525024;-527.14447;-1.863777;866.958069;;;;;;
2100;0;-908.525208;824.187683;813.868958;381.65564;848.186035;709.086304;83.301208;628.864868;573.566589;158.373672;88.257133;496.576263;-527.980835;2.581811;866.898499;;;;;;
2101;0;-908.300659;827.683472;816.427551;381.336243;852.335571;708.963013;84.871941;632.844177;572.129272;159.052277;92.243393;496.660583;-528.758911;6.982604;866.907532;;;;;;
2102;0;-907.943298;831.247314;819.088989;380.95163;856.525391;708.821899;86.606384;636.8125;570.688721;159.780273;96.202415;496.648163;-529.491638;11.382429;866.84845;;;;;;
2103;0;-907.590576;834.791504;821.628418;380.617798;860.674011;708.64209;88.280258;640.750671;569.142395;160.528931;100.212143;496.702393;-530.303406;15.788881;866.785767;;;;;;
2104;0;-907.243774;838.326782;824.085144;380.32074;864.825073;708.646484;89.824127;644.709961;567.537537;161.230835;104.188675;496.772888;-531.095215;20.207335;866.79425;;;;;;
2105;0;-906.911438;841.987671;826.611023;379.835968;869.072388;708.548706;91.559006;648.698853;565.936035;161.979416;108.119385;496.872772;-531.879395;24.637394;866.719177;;;;;;
2106;0;-906.596985;845.60614;829.148132;379.611786;873.095276;708.554199;93.127739;652.58844;564.171326;162.78479;112.174896;496.867493;-532.707092;29.074213;866.665344;;;;;;
2107;0;-906.302917;849.205139;831.525818;379.210388;877.331543;708.533081;94.632301;656.520874;562.384949;163.498917;116.225319;496.890228;-533.438843;33.434036;866.65802;;;;;;
2108;0;-905.844421;852.835999;833.896606;378.830444;881.537476;708.536987;96.243927;660.332581;560.573792;164.224503;120.192398;496.892334;-534.243774;37.892128;866.604614;;;;;;
2109;0;-905.579712;856.502625;836.213074;378.427643;885.624084;708.591431;97.849205;664.265137;558.720215;164.929291;124.145599;496.907471;-535.060364;42.309448;866.559692;;;;;;
2110;0;-905.083984;860.081665;838.441772;378.047363;889.829102;708.684509;99.322159;668.117249;556.742676;165.702164;128.14006;496.831085;-535.841003;46.735638;866.522949;;;;;;
2111;0;-904.669922;863.781982;840.670532;377.606659;894.067078;708.781738;100.782402;671.961731;554.661621;166.497147;132.07338;496.902069;-536.575989;51.153633;866.473083;;;;;;
2112;0;-904.310242;867.356995;842.672241;377.174072;898.288391;708.943848;102.312988;675.770691;552.674805;167.098663;135.985291;496.7854;-537.433105;55.59219;866.441345;;;;;;
2113;0;-903.798889;871.085449;844.79895;376.827972;902.415894;709.110229;103.787888;679.730591;550.464722;168.077469;140.199631;496.848267;-538.23053;59.997635;866.394226;;;;;;
2114;0;-903.469116;874.809265;846.885437;376.399292;906.667969;709.366272;105.304306;683.529968;548.273743;168.752594;144.245361;496.780914;-538.916382;64.390434;866.372314;;;;;;
2115;0;-902.980347;878.542542;848.799622;375.962769;910.784668;709.569885;106.665886;687.427673;546.067627;169.512115;148.242386;496.73053;-539.7323;68.807907;866.333191;;;;;;
2116;0;-902.551208;882.227295;850.542053;375.540161;914.951477;709.894775;108.136162;691.22345;543.771301;170.330002;152.285675;496.626343;-540.506042;73.24205;866.290466;;;;;;
2117;0;-902.126282;886.088684;852.347656;375.085815;919.21936;710.254822;109.533867;695.062195;541.404236;171.077484;156.321884;496.528656;-541.28772;77.673714;866.278992;;;;;;
2118;0;-901.658203;889.810303;854.036926;374.697601;923.373413;710.585266;111.01947;698.808228;539.073975;172.00853;160.333527;496.51767;-542.064331;82.073593;866.247986;;;;;;
2119;0;-901.248962;893.611145;855.582581;374.272308;927.581116;711.005066;112.24601;702.527344;536.610474;172.730728;164.44429;496.377441;-542.781006;86.455986;866.181763;;;;;;
2120;0;-900.772827;897.430054;857.046875;373.827698;931.796753;711.419617;113.437248;706.50824;534.158081;173.666534;168.534744;496.303772;-543.603699;90.891785;866.17688;;;;;;
2121;0;-900.253723;901.270325;858.453308;373.394562;935.972839;711.875916;114.728989;710.144592;531.669983;174.50914;172.55217;496.298615;-544.427185;95.339401;866.121704;;;;;;
2122;0;-899.791565;905.070374;859.653687;372.958099;940.194519;712.40686;116.274559;713.936157;529.064209;175.365829;176.646698;496.026886;-545.180908;99.743698;866.114136;;;;;;
2123;0;-899.412537;909.005981;860.892517;372.529358;944.383179;712.917175;117.660828;717.687439;526.504333;176.090652;180.572113;496.050751;-546.06604;104.155312;866.051392;;;;;;
2124;0;-898.878174;912.855896;862.018311;372.148285;948.600403;713.489685;118.768051;721.501709;523.848022;177.202728;184.781204;495.876648;-546.858826;108.579872;866.011658;;;;;;
2125;0;-898.344666;916.750977;862.98877;371.713928;952.809875;714.07135;120.026306;725.280518;521.147461;178.109161;188.832581;495.711456;-547.719727;113.020576;865.989685;;;;;;
2126;0;-897.856201;920.663513;863.932251;371.275299;957.043884;714.722412;121.217827;729.079224;518.386841;178.876999;192.93277;495.65152;-548.587158;117.457031;865.957703;;;;;;
2127;0;-897.344604;924.611572;864.744324;370.812073;961.275391;715.333801;122.610245;732.760193;515.707581;179.787628;197.028442;495.479034;-549.378662;121.87278;865.942139;;;;;;
2128;0;-896.87561;928.592773;865.561646;370.385712;965.486755;716.037231;123.885902;736.616943;513.010681;180.603271;201.167953;495.28302;-550.332642;126.314323;865.906799;;;;;;
2129;0;-896.269348;932.573486;866.194275;369.937836;969.726746;716.729004;125.147285;740.249146;510.262421;181.517258;205.236877;495.260773;-551.11554;130.690247;865.854919;;;;;;
2130;0;-895.882935;936.56189;866.845825;369.549042;973.929993;717.456482;126.339363;744.229309;507.314789;182.470474;209.314606;495.077454;-551.979919;135.151382;865.783386;;;;;;
2131;0;-895.274353;940.589478;867.365601;369.143372;978.179565;718.192444;127.544182;747.913513;504.522095;183.178268;213.423737;494.93338;-552.929871;139.584427;865.778809;;;;;;
2132;0;-894.806763;944.603577;867.762146;368.733459;982.424255;718.95343;128.775177;751.797485;501.656067;184.060822;217.654663;494.822815;-553.77179;143.951599;865.693909;;;;;;
2133;0;-894.220398;948.633606;868.185059;368.316895;986.654663;719.713745;129.956055;755.485535;498.887543;184.875839;221.59491;494.726715;-554.773865;148.454025;865.640991;;;;;;
2134;0;-893.717773;952.724609;868.477722;367.879883;990.866089;720.533813;131.388748;759.195129;495.986023;185.688919;225.789093;494.638824;-555.695984;152.850082;865.615356;;;;;;
2135;0;-893.148193;956.786072;868.722412;367.475159;995.19043;721.356873;132.437454;762.916809;493.247437;186.767792;229.931778;494.513702;-556.647583;157.233047;865.454468;;;;;;
2136;0;-892.721008;960.918091;868.989624;367.047821;999.407043;722.190613;133.783432;766.758179;490.245331;187.520538;233.972885;494.393005;-557.605042;161.636703;865.376221;;;;;;
2137;0;-892.141968;965.002625;869.129272;366.621338;1003.665222;722.968262;135.015854;770.486816;487.359894;188.478012;238.184494;494.339874;-558.584351;166.084259;865.198975;;;;;;
2138;0;-891.506042;969.118591;869.201233;366.245758;1007.948303;723.819214;136.260925;774.132141;484.516479;189.351044;242.252411;494.225983;-559.638672;170.500824;865.075317;;;;;;
2139;0;-890.982422;973.352478;869.332214;365.784851;1012.155273;724.639587;137.461777;778.036072;481.52536;190.243011;246.390182;494.156158;-560.671692;174.913452;864.882324;;;;;;
2140;0;-890.425842;977.501709;869.299316;365.381134;1016.461121;725.478149;138.583832;781.67865;478.750885;190.978821;250.494125;494.129822;-561.715454;179.32988;864.631775;;;;;;
2141;0;-889.690796;981.491943;869.197754;364.992798;1020.739319;726.335754;139.714737;785.436646;476.008362;191.889496;254.630005;494.021393;-562.753357;183.713791;864.416504;;;;;;
2142;0;-889.136963;985.786377;869.242676;364.517181;1025.052979;727.184875;140.988281;789.12915;473.066193;192.80542;258.726166;493.93222;-563.864197;188.10228;864.10675;;;;;;
2143;0;-888.620239;989.899536;869.126892;364.11441;1029.300659;728.014587;142.176102;792.916504;470.351318;193.650833;262.831696;493.882111;-564.866394;192.449539;863.775024;;;;;;
2144;0;-888.101135;994.286255;869.075073;363.708221;1033.55481;728.847839;143.40889;796.654785;467.499634;194.504318;266.946472;493.818024;-566.048767;196.798172;863.461853;;;;;;
2145;0;-887.359619;998.487122;868.917419;363.268921;1037.849365;729.701782;144.64241;800.353088;464.76004;195.319458;271.09964;493.769623;-567.187317;201.112396;863.051025;;;;;;
2146;0;-886.806885;1002.765198;868.732544;362.775177;1042.149658;730.504456;145.943268;804.040833;461.933685;195.981995;275.065796;493.854126;-568.386536;205.43483;862.607239;;;;;;
2147;0;-886.182495;1006.877197;868.446899;362.354828;1046.454224;731.336975;147.050903;807.841492;459.127289;196.752716;279.165466;493.857239;-569.581238;209.797928;862.181152;;;;;;
2148;0;-885.571411;1011.263733;868.191284;361.893402;1050.768555;732.145508;148.309479;811.562622;456.382904;197.685257;283.246887;493.772247;-570.845825;214.117126;861.701782;;;;;;
2149;0;-884.883545;1015.491028;867.840942;361.46582;1055.04541;732.930725;149.464218;815.363464;453.692902;198.624634;287.438446;493.619385;-572.084595;218.414932;861.121765;;;;;;
2150;0;-884.229492;1019.80365;867.512451;360.999817;1059.399902;733.736267;150.795914;819.028381;450.95224;199.211945;291.447266;493.571991;-573.417358;222.711929;860.613464;;;;;;
2151;0;-883.530518;1024.099121;867.049072;360.518402;1063.670044;734.524597;152.031723;822.75946;448.31604;199.870728;295.394806;493.64798;-574.659119;227.012711;860.098511;;;;;;
2152;0;-882.740417;1028.442017;866.654846;360.150726;1067.887207;735.300354;153.238342;826.43396;445.558533;200.895386;299.626495;493.643799;-576.007751;231.250046;859.528809;;;;;;
2153;0;-882.00647;1032.904907;866.270996;359.556519;1072.334839;736.003052;154.473297;830.250427;442.964874;201.739929;303.728149;493.468597;-577.417358;235.431335;858.947083;;;;;;
2154;0;-881.288208;1037.15686;865.628662;359.063965;1076.648926;736.734741;155.669601;833.995239;440.379059;202.473129;307.739166;493.604004;-578.738281;239.665115;858.316772;;;;;;
2155;0;-880.613464;1041.541992;865.127258;358.566254;1080.980225;737.512878;156.963089;837.688538;437.685822;203.249939;311.818115;493.53186;-580.151855;243.795166;857.750732;;;;;;
2156;0;-879.813171;1045.853882;864.473572;358.059753;1085.298828;738.246521;158.089935;841.437622;435.064697;204.083649;315.821716;493.559723;-581.639893;248.053101;857.126587;;;;;;
2157;0;-879.024719;1050.25647;863.938354;357.535492;1089.666992;738.959045;159.406555;845.042725;432.466492;204.754745;319.839722;493.648346;-583.036621;252.189072;856.515747;;;;;;
2158;0;-878.215454;1054.745728;863.375671;357.056549;1093.975708;739.688599;160.543793;848.826233;429.817383;205.746414;324.055664;493.584106;-584.612793;256.320648;855.8927;;;;;;
2159;0;-877.381653;1059.08728;862.621948;356.531891;1098.303101;740.432007;161.736847;852.523499;427.217194;206.373062;327.912018;493.696075;-586.10321;260.43927;855.290222;;;;;;
2160;0;-876.620483;1063.413696;861.91803;355.970398;1102.629761;741.108704;162.872177;856.283813;424.675537;207.24617;332.005035;493.751343;-587.702942;264.551697;854.648682;;;;;;
2161;0;-875.757324;1067.920532;861.20459;355.500275;1106.968994;741.818237;164.087692;860.02002;422.153839;208.030197;336.098602;493.761993;-589.338074;268.637177;854.003601;;;;;;
2162;0;-874.890381;1072.335083;860.383972;354.947296;1111.315186;742.481384;165.290146;863.763794;419.5159;208.793411;340.064484;493.819397;-590.991699;272.638763;853.356262;;;;;;
2163;0;-874.018005;1076.643066;859.481567;354.414856;1115.630249;743.127319;166.379395;867.452209;416.957275;209.563538;344.134369;493.772278;-592.679016;276.732758;852.73053;;;;;;
2164;0;-873.079712;1081.05835;858.670837;353.878021;1119.963257;743.819031;167.356934;871.35437;414.401672;210.162552;348.180145;493.762787;-594.473206;280.748779;852.10553;;;;;;
2165;0;-872.180725;1085.52063;857.791504;353.353027;1124.298706;744.518677;168.554276;874.969299;411.76059;210.996246;352.259796;493.936615;-596.209045;284.698242;851.415955;;;;;;
2166;0;-871.279968;1089.925171;856.89856;352.826172;1128.638184;745.169678;169.771698;878.715454;409.277985;211.936584;356.390198;493.743378;-597.952515;288.658081;850.662598;;;;;;
2167;0;-870.213989;1094.407104;856.129578;352.303802;1132.982178;745.851807;170.807831;882.433838;406.662048;212.7202;360.40802;493.771362;-599.672241;292.639984;849.992798;;;;;;
2168;0;-869.353943;1098.914185;855.272644;351.714355;1137.349487;746.475952;171.853058;886.202759;404.115387;213.396774;364.45813;493.871094;-601.593567;296.579803;849.233643;;;;;;
2169;0;-868.413269;1103.318848;854.275879;351.191528;1141.699707;747.143066;172.824493;889.905762;401.58963;214.12793;368.51123;493.801605;-603.402161;300.488434;848.549377;;;;;;
2170;0;-867.390625;1107.697144;853.424194;350.601562;1146.016479;747.798889;173.830612;893.649963;399.118622;214.761917;372.487854;493.959503;-605.319702;304.524658;847.812439;;;;;;
2171;0;-866.387695;1112.123779;852.364746;350.029236;1150.353149;748.427429;174.713089;897.450012;396.46347;215.587952;376.711884;494.031799;-607.224365;308.411499;847.053589;;;;;;
2172;0;-865.262939;1116.699219;851.487793;349.543549;1154.657227;749.08783;175.55072;901.219604;393.927399;216.369949;380.784821;494.041382;-609.230774;312.297577;846.335266;;;;;;
2173;0;-864.154602;1121.054565;850.531311;349.002716;1159.016235;749.722534;176.568665;904.906738;391.367889;216.984222;384.739441;494.069489;-611.168945;316.164429;845.513;;;;;;
2174;0;-863.105103;1125.532471;849.537964;348.493225;1163.348145;750.346619;177.293182;908.68988;388.797028;217.661453;388.936371;494.113129;-613.213013;319.96582;844.739746;;;;;;
2175;0;-862.090881;1129.966309;848.518127;347.903168;1167.671265;751.024719;178.037521;912.424866;386.150269;218.551895;393.035278;494.12793;-615.217468;323.80545;843.915894;;;;;;
2176;0;-860.967712;1134.431396;847.567566;347.365295;1172.025391;751.719482;178.843124;916.1203;383.615784;219.39238;397.148041;494.29007;-617.282959;327.643738;843.177673;;;;;;
2177;0;-859.838379;1138.872681;846.609558;346.793701;1176.307617;752.39679;179.452576;919.765137;380.997345;220.018784;401.273529;494.250702;-619.28186;331.353119;842.350952;;;;;;
2178;0;-858.742676;1143.365356;845.629944;346.206116;1180.686035;753.102478;180.158173;923.611755;378.34436;220.848572;405.461029;494.329315;-621.468811;335.169373;841.535095;;;;;;
2179;0;-857.567383;1147.734253;844.584167;345.61972;1185.065674;753.762756;180.804779;927.327637;375.769562;221.711914;409.602356;494.354553;-623.524536;338.94043;840.782715;;;;;;
2180;0;-856.354065;1152.154785;843.620361;345.021484;1189.303711;754.437439;181.348541;931.054138;373.041077;222.399063;413.787231;494.449219;-625.672546;342.686554;839.937012;;;;;;
2181;0;-855.089355;1156.629028;842.702637;344.45108;1193.663818;755.144653;181.922897;934.851318;370.537415;223.341934;418.218658;494.432831;-627.832397;346.370758;839.142761;;;;;;
2182;0;-853.899475;1161.05188;841.662781;343.858337;1197.959106;755.826904;182.401184;938.500977;367.786652;224.091049;422.21582;494.425049;-629.926453;350.03772;838.224304;;;;;;
2183;0;-852.717834;1165.391724;840.673157;343.249908;1202.236328;756.533508;182.873291;942.218994;365.290039;224.792572;426.430145;494.443115;-632.23645;353.773254;837.346863;;;;;;
2184;0;-851.459961;1169.833496;839.793762;342.629089;1206.554443;757.215637;183.1978;945.979492;362.511841;225.675461;430.680878;494.52002;-634.419922;357.407593;836.49646;;;;;;
2185;0;-850.0495;1174.289917;838.831848;342.081543;1210.82373;757.971863;183.507858;949.6651;359.852692;226.399933;434.915863;494.450348;-636.711365;361.16507;835.67218;;;;;;
2186;0;-848.650452;1178.641724;837.859619;341.411865;1215.156494;758.637695;183.9366;953.358093;357.165222;227.222366;439.217926;494.368896;-639.00238;364.8638;834.865601;;;;;;
2187;0;-847.282959;1182.996338;836.847229;340.801727;1219.402344;759.348022;184.195053;956.993408;354.376465;227.890091;443.440155;494.378143;-641.186707;368.390625;833.892822;;;;;;
2188;0;-845.846802;1187.370605;835.932129;340.189636;1223.705566;760.103149;184.278366;960.761963;351.657043;228.686371;447.748016;494.328156;-643.606873;372.125671;833.021667;;;;;;
2189;0;-844.447693;1191.670166;834.953186;339.463318;1228.025635;760.800537;184.347473;964.491272;348.938843;229.468307;452.046112;494.27002;-645.808655;375.69101;832.215454;;;;;;
2190;0;-843.001648;1195.930542;833.946838;338.85321;1232.233398;761.558105;184.523163;968.077332;346.130371;230.27681;456.363373;494.359894;-648.141663;379.399353;831.388184;;;;;;
2191;0;-841.522095;1200.380981;833.068542;338.093719;1236.574219;762.271973;184.616455;971.838318;343.452179;231.082596;460.702911;494.318939;-650.505798;382.970245;830.466736;;;;;;
2192;0;-840.013794;1204.601562;832.08606;337.450226;1240.81604;763.030334;184.668335;975.457703;340.672913;231.877106;465.023132;494.139801;-652.786865;386.504883;829.465454;;;;;;
2193;0;-838.468445;1208.832275;831.217957;336.653717;1245.106567;763.741638;184.669937;979.229492;337.910339;232.81572;469.359192;494.12561;-655.099548;390.119446;828.654541;;;;;;
2194;0;-837.1427;1212.996216;830.20752;335.912445;1249.395508;764.462219;184.596573;982.809753;334.993744;233.648056;473.734558;494.035828;-657.503662;393.682831;827.747314;;;;;;
2195;0;-835.374878;1217.330078;829.355652;335.153473;1253.582031;765.229858;184.50798;986.446838;332.361145;234.405289;478.082733;494.033936;-660.080322;397.355225;826.668457;;;;;;
2196;0;-833.774902;1221.521484;828.471069;334.40213;1257.881348;765.994629;184.319458;990.137634;329.454132;235.238617;482.554626;493.875671;-662.389221;400.859558;825.880127;;;;;;
2197;0;-832.2099;1225.73291;827.626709;333.616455;1262.165649;766.738586;184.178329;993.749207;326.598511;236.066559;486.972839;493.942352;-664.703186;404.365326;825.114746;;;;;;
2198;0;-830.571411;1229.891479;826.76239;332.772247;1266.446411;767.541565;183.882401;997.326355;323.789459;236.906601;491.425079;493.792725;-667.137756;408.021606;824.034668;;;;;;
2199;0;-828.963623;1234.06958;825.907104;331.96991;1270.705566;768.257446;183.670212;1000.996216;320.890625;237.77832;495.831146;493.677673;-669.44342;411.497162;823.189636;;;;;;
2200;0;-827.243591;1238.19873;825.118042;331.144012;1274.928711;769.087952;183.273132;1004.621643;317.998291;238.66748;500.223633;493.645264;-672.138306;415.173096;822.398376;;;;;;
2201;0;-825.534119;1242.308105;824.312439;330.269501;1279.214966;769.835876;183.018692;1008.113647;315.182587;239.504501;504.737671;493.447052;-674.416626;418.540588;821.428284;;;;;;
2202;0;-823.748596;1246.415161;823.51001;329.420654;1283.390381;770.599792;182.531357;1011.640198;312.098511;240.366302;509.161285;493.4039;-676.963562;422.183502;820.591675;;;;;;
2203;0;-822.021667;1250.486816;822.805237;328.51416;1287.703613;771.361816;182.114487;1015.245911;309.198364;241.210251;513.661621;493.295166;-679.265625;425.725647;819.711487;;;;;;
2204;0;-820.237366;1254.575439;822.114197;327.667755;1291.881348;772.138794;181.965805;1018.750427;306.482452;242.141846;518.103821;493.140625;-681.569214;429.156769;818.762024;;;;;;
2205;0;-818.415283;1258.585815;821.465088;326.727661;1296.144531;772.935242;181.157181;1022.31897;303.401489;243.039352;522.659851;493.106323;-683.96167;432.621552;817.7724;;;;;;
2206;0;-816.634399;1262.603271;820.874512;325.775665;1300.378174;773.686401;180.788147;1025.902222;300.517853;243.920349;527.14917;492.976868;-686.52594;436.192902;816.859131;;;;;;
2207;0;-814.787537;1266.610352;820.322266;324.839813;1304.584961;774.493408;180.113998;1029.460938;297.582306;244.726776;531.624023;492.846466;-688.930664;439.747986;816.023743;;;;;;
2208;0;-812.947571;1270.609009;819.801147;323.813293;1308.851074;775.230713;179.560043;1032.948853;294.669464;245.660294;536.152954;492.730988;-691.394409;443.218445;815.07489;;;;;;
2209;0;-811.122681;1274.584473;819.267334;322.900269;1313.024048;776.044678;178.945389;1036.438843;291.627563;246.552505;540.644165;492.634613;-694.195374;446.917206;814.271606;;;;;;
2210;0;-809.180603;1278.483887;818.833008;321.832611;1317.312378;776.816223;178.36412;1039.988281;288.795044;247.439941;545.206482;492.506104;-696.421692;450.396301;813.32019;;;;;;
2211;0;-807.315674;1282.454224;818.406311;320.797577;1321.547363;777.559998;177.73613;1043.495972;285.847717;248.507263;549.755371;492.446472;-698.974792;453.887878;812.300659;;;;;;
2212;0;-805.378174;1286.369629;818.035095;319.771606;1325.768555;778.359802;176.985062;1047.12915;282.875732;249.296387;554.337402;492.361084;-701.302795;457.347687;811.38031;;;;;;
2213;0;-803.449951;1290.277588;817.626709;318.717041;1330.029053;779.144409;176.256851;1050.567993;279.946869;250.249542;558.829407;492.282684;-703.710144;460.785553;810.421448;;;;;;
2214;0;-801.447144;1294.156372;817.381531;317.699402;1334.254272;779.931274;175.573624;1054.062744;276.906525;251.215332;563.376404;492.125549;-706.197571;464.367767;809.421448;;;;;;
2215;0;-799.53656;1297.98999;817.112976;316.5849;1338.575439;780.654358;174.714081;1057.621216;273.931366;252.138855;567.949341;492.112305;-708.471924;467.709717;808.490662;;;;;;
2216;0;-797.434021;1301.852905;816.854919;315.524414;1342.76416;781.402466;173.956177;1061.190308;271.023682;252.960022;572.432312;491.957428;-710.980225;471.201874;807.541565;;;;;;
2217;0;-795.458923;1305.655884;816.659851;314.399414;1347.044922;782.125732;173.159378;1064.703735;268.151581;253.870697;577.065308;491.888031;-713.419312;474.741058;806.601196;;;;;;
2218;0;-793.452087;1309.425171;816.489197;313.304321;1351.326172;782.907715;172.299515;1068.329956;265.02948;254.831284;581.635437;491.81778;-715.89209;478.233948;805.712891;;;;;;
2219;0;-791.519287;1313.206177;816.36731;312.110321;1355.628662;783.641785;171.713974;1071.748413;262.249298;255.755341;586.241394;491.818878;-718.357483;481.726807;804.791809;;;;;;
2220;0;-789.423096;1316.932373;816.222412;310.96402;1359.82312;784.35907;170.69812;1075.35498;259.231812;256.727417;590.742554;491.862061;-720.778564;485.318939;803.847168;;;;;;
2221;0;-787.383423;1320.728027;816.114502;309.809296;1364.15918;785.018982;169.948456;1079.003052;256.296417;257.674408;595.356567;491.736298;-723.187378;488.77005;802.912598;;;;;;
2222;0;-785.321106;1324.448486;816.048706;308.720428;1368.381958;785.757324;169.078079;1082.522827;253.460144;258.539459;599.874878;491.773987;-725.567383;492.26355;801.906067;;;;;;
2223;0;-783.307556;1328.184448;816.026184;307.480743;1372.717529;786.411316;168.243759;1086.237183;250.515396;259.446014;604.533386;491.879883;-727.994751;495.739868;801.001099;;;;;;
2224;0;-781.201355;1331.880493;815.972351;306.336823;1376.913818;787.124573;167.524536;1089.767456;247.633926;260.4263;609.127747;492.024841;-730.569214;499.318787;800.066772;;;;;;
2225;0;-779.062561;1335.538208;816.004028;305.128204;1381.270874;787.750122;166.659042;1093.373901;244.811935;261.391266;613.699463;492.151062;-732.855713;502.823517;799.056763;;;;;;
2226;0;-776.975159;1339.231201;815.997314;303.970673;1385.545044;788.37207;165.823318;1096.994019;241.851028;262.270477;618.392761;492.312347;-735.176208;506.260101;798.086609;;;;;;
2227;0;-774.855652;1342.87085;815.978271;302.679565;1389.938232;789.001831;164.867508;1100.653931;238.893143;263.250427;622.944092;492.525085;-737.627747;509.819519;797.042664;;;;;;
2228;0;-772.831299;1346.524292;816.045715;301.530365;1394.130249;789.630981;164.076141;1104.322021;236.09256;264.235687;627.569946;492.753296;-739.945129;513.320679;795.965637;;;;;;
2229;0;-770.706482;1350.143555;816.053162;300.27243;1398.553467;790.192261;163.293289;1107.998901;233.261688;265.108612;632.167175;492.968018;-742.389832;516.871765;794.90625;;;;;;
2230;0;-768.481934;1353.815674;816.092834;299.075623;1402.832153;790.794678;162.347672;1111.780518;230.373276;266.148193;636.792358;493.292694;-744.723328;520.383728;793.838379;;;;;;
2231;0;-766.352478;1357.345947;816.13623;297.836823;1407.234619;791.378479;161.711227;1115.399292;227.857285;266.952393;641.445068;493.758209;-747.039856;523.891113;792.736572;;;;;;
2232;0;-764.222778;1360.958984;816.224854;296.675385;1411.527466;791.967163;160.747498;1119.238281;224.933853;267.889221;646.076355;494.110809;-749.371399;527.416748;791.534912;;;;;;
2233;0;-762.114258;1364.529297;816.321533;295.342133;1415.922729;792.502258;159.915848;1123.024414;222.208694;268.736908;650.690979;494.562378;-751.772827;530.935242;790.39032;;;;;;
2234;0;-759.976318;1368.081177;816.359192;294.135437;1420.272705;793.084595;159.025681;1126.822632;219.554688;269.618988;655.376648;495.066986;-754.116089;534.529419;789.129822;;;;;;
2235;0;-757.844788;1371.643311;816.395508;292.866364;1424.636963;793.608093;158.164276;1130.619141;216.857742;270.561066;659.956787;495.573761;-756.287537;537.971619;787.953247;;;;;;
2236;0;-755.716248;1375.188721;816.439087;291.669159;1428.994873;794.176208;157.37236;1134.434326;214.255051;271.368866;664.663818;496.299957;-758.698853;541.55365;786.652893;;;;;;
2237;0;-753.554321;1378.693359;816.511047;290.313324;1433.436035;794.656311;156.420715;1138.309326;211.619675;272.152924;669.263489;496.912415;-760.846252;544.969604;785.272827;;;;;;
2238;0;-751.401611;1382.189819;816.536865;289.123779;1437.80127;795.170715;155.60141;1142.143311;209.106567;273.077576;673.892273;497.570526;-763.29071;548.594666;783.983459;;;;;;
2239;0;-749.230713;1385.775635;816.559143;287.796753;1442.255615;795.652466;154.797531;1146.017456;206.712433;273.906158;678.525635;498.158783;-765.578674;552.121399;782.653687;;;;;;
2240;0;-747.088135;1389.193115;816.593628;286.547455;1446.620728;796.066406;153.867355;1149.848022;204.226654;274.599243;683.206909;498.992828;-767.734009;555.681213;781.242493;;;;;;
2241;0;-744.931274;1392.651367;816.571777;285.27655;1451.057129;796.466858;152.912933;1153.716919;201.798599;275.403168;687.83429;499.699493;-769.999939;559.218872;779.773621;;;;;;
2242;0;-742.677307;1396.135498;816.533752;283.981293;1455.437134;796.805664;152.024933;1157.609253;199.42569;276.097382;692.411987;500.389709;-772.236389;562.735535;778.303772;;;;;;
2243;0;-740.576111;1399.632202;816.475342;282.664551;1459.898926;797.110962;151.041229;1161.486572;197.190903;276.911194;697.051086;501.246277;-774.439758;566.265076;776.741577;;;;;;
2244;0;-738.33667;1403.109619;816.43634;281.356964;1464.252319;797.390381;150.196823;1165.393311;195.078964;277.506439;701.671448;502.073242;-776.710327;569.823303;775.252563;;;;;;
2245;0;-736.142456;1406.578613;816.270874;280.019928;1468.768921;797.649292;149.124115;1169.265503;193.016678;278.253265;706.334961;502.888153;-778.899048;573.338745;773.690613;;;;;;
2246;0;-733.92804;1410.008667;816.146606;278.753082;1473.179443;797.909241;148.125565;1173.205322;191.018692;278.811646;711.045105;503.753845;-781.012756;576.878052;772.025757;;;;;;
2247;0;-731.737732;1413.501343;815.986328;277.419891;1477.602539;798.033386;147.033127;1177.125244;189.168976;279.300354;715.728149;504.584564;-783.20636;580.441223;770.402588;;;;;;
2248;0;-729.559509;1416.922485;815.716248;276.081421;1482.019775;798.160034;145.979416;1181.035156;187.466873;279.972412;720.365662;505.511353;-785.350037;584.00769;768.857544;;;;;;
2249;0;-727.349609;1420.34668;815.427551;274.750275;1486.514648;798.249817;144.940887;1184.944702;185.791809;280.487061;724.932739;506.368927;-787.56958;587.570068;767.034302;;;;;;
2250;0;-725.139587;1423.82251;815.180359;273.364105;1490.944458;798.284851;143.940613;1188.868164;184.346115;281.118042;729.55249;507.282684;-789.604797;591.11615;765.309448;;;;;;
2251;0;-722.96167;1427.186401;814.795837;272.055695;1495.359741;798.279541;142.716873;1192.884033;182.896606;281.616699;734.1651;508.142822;-791.745361;594.641785;763.540161;;;;;;
2252;0;-720.625061;1430.633911;814.366943;270.633911;1499.884766;798.222961;141.458374;1196.79248;181.644287;282.06308;738.843445;509.111176;-793.735291;598.226135;761.648621;;;;;;
2253;0;-718.451721;1434.026978;813.958313;269.344574;1504.282593;798.190491;140.241119;1200.778809;180.486374;282.466431;743.513184;510.000824;-795.893738;601.823669;759.932983;;;;;;
2254;0;-716.152954;1437.443848;813.424438;267.961853;1508.799561;798.034241;139.170868;1204.754883;179.557983;282.871368;748.156067;510.952881;-797.801392;605.410706;758.002625;;;;;;
2255;0;-713.903992;1440.844238;812.94635;266.627594;1513.169556;797.913757;137.822144;1208.726807;178.612473;283.265381;752.792786;511.791931;-799.798157;609.005554;756.02002;;;;;;
2256;0;-711.661926;1444.208984;812.340027;265.239471;1517.683472;797.751404;136.643082;1212.664551;177.968414;283.707916;757.386902;512.826355;-801.85791;612.671143;754.118958;;;;;;
2257;0;-709.436401;1447.603271;811.789917;263.900818;1522.123535;797.562927;135.32518;1216.622559;177.424927;284.093079;761.982178;513.698242;-803.743591;616.266113;752.064697;;;;;;
2258;0;-707.212402;1450.984497;811.153137;262.509399;1526.605225;797.347351;133.970886;1220.642456;176.96788;284.415619;766.653992;514.625305;-805.575256;619.802734;750.014648;;;;;;
2259;0;-704.943115;1454.350708;810.486816;261.099274;1531.102905;797.156433;132.548965;1224.65918;176.701035;284.689484;771.235413;515.405579;-807.524902;623.459534;747.945557;;;;;;
2260;0;-702.682068;1457.716675;809.883789;259.719879;1535.588867;796.935974;131.24263;1228.693848;176.581207;285.021301;775.878235;516.384155;-809.488403;627.13739;745.9151;;;;;;
2261;0;-700.378967;1461.071167;809.216187;258.38858;1540.012085;796.606384;129.877701;1232.642334;176.548233;285.254486;780.454712;517.276428;-811.185791;630.765625;743.738403;;;;;;
2262;0;-698.064392;1464.409546;808.523315;256.983643;1544.492188;796.378296;128.591644;1236.655762;176.727173;285.496033;785.076172;518.107605;-812.976746;634.464905;741.495178;;;;;;
2263;0;-695.844543;1467.794678;807.839172;255.570709;1548.997803;796.093689;127.025795;1240.703003;177.060654;285.718994;789.733215;518.966675;-814.861389;638.091614;739.225952;;;;;;
2264;0;-693.554993;1471.126099;807.118958;254.166183;1553.43335;795.818848;125.547569;1244.753052;177.532593;285.891754;794.295898;519.802551;-816.463318;641.722656;736.968262;;;;;;
2265;0;-691.271179;1474.401367;806.447937;252.72551;1557.924683;795.536072;124.092705;1248.879395;178.085022;286.082184;798.856201;520.673462;-818.219788;645.463257;734.710022;;;;;;
2266;0;-688.948792;1477.804199;805.764465;251.46106;1562.346436;795.240967;122.612419;1252.886719;178.819061;286.265106;803.422913;521.472229;-819.797913;649.056152;732.211243;;;;;;
2267;0;-686.668701;1481.116821;805.075928;249.95787;1566.823975;794.98053;121.033195;1256.949219;179.80014;286.37973;808.037781;522.325439;-821.257324;652.708618;729.755371;;;;;;
2268;0;-684.266541;1484.5354;804.438904;248.613678;1571.351196;794.688538;119.438141;1261.000244;180.859512;286.50058;812.621887;523.187622;-822.939026;656.510803;727.286377;;;;;;
2269;0;-681.980103;1487.817627;803.735962;247.166595;1575.757324;794.367371;117.839272;1265.065674;182.120087;286.61792;817.079041;523.920654;-824.412354;660.152954;724.85199;;;;;;
2270;0;-679.642029;1491.108643;803.108643;245.819534;1580.204346;794.031921;116.320961;1269.166016;183.432068;286.652435;821.623596;524.727295;-825.95697;663.954102;722.369446;;;;;;
2271;0;-677.302063;1494.45166;802.535461;244.421173;1584.657227;793.784058;114.716278;1273.188599;184.911423;286.757294;826.201111;525.545105;-827.135986;667.705505;719.880493;;;;;;
2272;0;-675.011597;1497.741089;801.908142;243.017899;1589.137451;793.537781;113.126663;1277.26709;186.615952;286.729736;830.772888;526.35321;-828.566589;671.440186;717.165527;;;;;;
2273;0;-672.59845;1501.035889;801.324951;241.621262;1593.550903;793.237732;111.464424;1281.394043;188.278275;286.824707;835.196167;527.120911;-829.92395;675.171692;714.521118;;;;;;
2274;0;-670.339905;1504.377441;800.753357;240.226685;1598.066895;792.93103;109.879639;1285.401855;190.253754;286.78183;839.720154;527.974854;-831.113586;678.965637;711.840759;;;;;;
2275;0;-667.928955;1507.685059;800.225525;238.791092;1602.443726;792.724548;108.297821;1289.449585;192.152908;286.727631;844.18396;528.730591;-832.519043;682.80188;709.284912;;;;;;
2276;0;-665.616028;1510.96167;799.770142;237.377472;1606.904053;792.433411;106.694221;1293.475464;194.223251;286.762268;848.694702;529.511292;-833.659607;686.631531;706.540344;;;;;;
2277;0;-663.169434;1514.254395;799.277222;236.012283;1611.276855;792.171753;105.094681;1297.48877;196.410309;286.688812;853.164856;530.242676;-834.955078;690.450439;703.751038;;;;;;
2278;0;-660.953735;1517.595337;798.781067;234.542892;1615.763062;791.904724;103.407372;1301.495728;198.750671;286.5383;857.756958;531.062805;-835.9552;694.18396;700.897339;;;;;;
2279;0;-658.509399;1520.871948;798.333069;233.174103;1620.15625;791.720337;101.817772;1305.444214;201.16922;286.537933;862.152649;531.841858;-837.00769;698.085632;698.185852;;;;;;
2280;0;-656.057678;1524.181396;797.899963;231.797714;1624.554321;791.418152;100.157234;1309.503296;203.580536;286.455963;866.712585;532.567505;-837.897766;701.90094;695.404663;;;;;;
2281;0;-653.618713;1527.470215;797.529907;230.37204;1628.953735;791.172913;98.60392;1313.39917;206.136978;286.312531;871.141541;533.215576;-839.024597;705.802612;692.449463;;;;;;
2282;0;-651.331482;1530.809448;797.112305;229.004562;1633.392822;791.033386;96.943169;1317.395264;208.742172;286.083344;875.576721;533.826782;-839.898743;709.653992;689.791321;;;;;;
2283;0;-648.861938;1534.083862;796.822205;227.573151;1637.781982;790.740967;95.376083;1321.308228;211.387329;286.086243;880.038025;534.426636;-840.654419;713.380188;686.711487;;;;;;
2284;0;-646.476074;1537.401611;796.443787;226.194351;1642.112427;790.552307;93.82547;1325.23877;214.109253;285.91861;884.47467;535.069092;-841.546753;717.280945;683.854553;;;;;;
2285;0;-644.080383;1540.681519;796.190918;224.792877;1646.487183;790.394714;92.272156;1329.173584;216.873444;285.68811;888.99115;535.737671;-842.207275;721.144592;680.910767;;;;;;
2286;0;-641.683594;1543.974487;795.879517;223.348419;1650.885864;790.21051;90.741638;1333.043091;219.615097;285.477722;893.449158;536.248901;-843.023071;725.187134;678.122192;;;;;;
2287;0;-639.239075;1547.342041;795.6474;221.994186;1655.238281;790.038818;89.214195;1336.903076;222.484085;285.353485;897.79071;536.724365;-843.877014;729.071289;675.179688;;;;;;
2288;0;-636.810791;1550.564819;795.419922;220.553284;1659.562134;789.86908;87.696747;1340.65686;225.361908;285.139099;902.336609;537.36969;-844.388611;732.898376;672.12616;;;;;;
2289;0;-634.279297;1553.947388;795.199707;219.247101;1663.999756;789.720154;86.300583;1344.446045;228.226791;284.816376;906.842712;537.7948;-844.935425;736.874451;669.360718;;;;;;
2290;0;-631.892029;1557.16687;794.957275;217.873276;1668.204712;789.55542;84.810364;1348.241211;231.121521;284.630524;911.148376;538.126465;-845.59668;740.720398;666.312195;;;;;;
2291;0;-629.417664;1560.565552;794.796875;216.404831;1672.81543;789.493713;83.460472;1351.978271;234.062027;284.457489;915.579041;538.566406;-846.236267;744.736145;663.435608;;;;;;
2292;0;-626.959595;1563.808228;794.56781;215.041763;1677.171753;789.462708;82.066544;1355.746094;237.016083;284.013153;920.153015;539.003235;-846.673401;748.554321;660.456665;;;;;;
2293;0;-624.487488;1567.149414;794.405212;213.650589;1681.524536;789.309937;80.617775;1359.434937;239.90538;283.768616;924.450134;539.254211;-847.044495;752.430542;657.351318;;;;;;
2294;0;-622.042542;1570.437256;794.298828;212.304855;1685.756592;789.203674;79.279663;1363.0896;242.837708;283.398071;928.993225;539.581421;-847.461365;756.476074;654.579224;;;;;;
2295;0;-619.456787;1573.768555;794.113831;210.714981;1690.150269;789.199036;78.008148;1366.708496;245.773865;283.035889;933.391602;539.868958;-847.853821;760.280945;651.499023;;;;;;
2296;0;-616.94696;1577.119995;793.993958;209.601776;1694.46521;789.079712;76.650902;1370.356445;248.716675;282.786591;937.713623;540.118591;-848.242188;764.277405;648.60144;;;;;;
2297;0;-614.510803;1580.460693;793.88678;208.213547;1698.827515;789.031189;75.414459;1373.964111;251.757767;282.446899;942.176453;540.296631;-848.611572;768.188965;645.615112;;;;;;
2298;0;-611.979309;1583.722656;793.795349;206.977234;1703.180542;789.002319;74.173073;1377.541382;254.591492;281.996704;946.580872;540.519104;-848.988464;772.10376;642.841553;;;;;;
2299;0;-609.473999;1587.094849;793.719666;205.632034;1707.555054;789.010498;72.950279;1381.115723;257.530914;281.732513;951.012939;540.750793;-848.990112;776.09729;639.891541;;;;;;
2300;0;-606.910034;1590.377441;793.606262;204.166626;1711.92627;789.010132;71.769371;1384.643677;260.45929;281.245514;955.493469;540.699219;-849.176758;780.006042;636.96167;;;;;;
2301;0;-604.411743;1593.739624;793.508057;202.984116;1716.185913;788.893188;70.581406;1388.100952;263.391632;280.797913;959.886108;540.814331;-849.387268;783.961365;634.041443;;;;;;
2302;0;-601.825562;1597.057251;793.44635;201.509003;1720.520142;788.911133;69.494041;1391.596924;266.248627;280.388672;964.251892;540.876221;-849.565369;787.965942;631.130188;;;;;;
2303;0;-599.312317;1600.390015;793.368591;200.318039;1724.808228;788.867188;68.339821;1395.015747;268.936798;279.921478;968.757812;541.104431;-849.641846;791.869568;628.265564;;;;;;
2304;0;-596.696777;1603.745605;793.301025;199.008118;1729.205811;788.81012;67.165703;1398.429932;271.876343;279.471252;973.172729;541.283997;-849.66748;795.781494;625.295105;;;;;;
2305;0;-594.097839;1607.085449;793.199463;197.784073;1733.564575;788.727295;66.135406;1401.795532;274.628082;278.898193;977.608398;541.312317;-849.80426;799.718872;622.4505;;;;;;
2306;0;-591.544495;1610.394043;793.132446;196.543564;1737.903198;788.650391;65.03727;1405.168457;277.320251;278.409485;981.993469;541.496033;-849.817078;803.589478;619.55835;;;;;;
2307;0;-588.966064;1613.744263;793.093384;195.334351;1742.22876;788.54541;63.99942;1408.486084;279.928741;277.855927;986.399597;541.649292;-849.820801;807.631958;616.693665;;;;;;
2308;0;-586.375671;1617.116089;793.058716;194.069687;1746.52832;788.448486;62.996014;1411.842041;282.623627;277.336609;990.732544;541.826294;-849.710022;811.557007;613.805481;;;;;;
2309;0;-583.798706;1620.457764;792.99353;192.896164;1750.900635;788.344177;61.91029;1415.085938;285.228027;276.654083;995.113281;542.016052;-849.623047;815.419495;610.923523;;;;;;
2310;0;-581.127747;1623.817993;792.932617;191.78685;1755.1521;788.15918;60.921909;1418.387207;287.689026;276.023346;999.477722;542.216125;-849.487122;819.325317;608.116394;;;;;;
2311;0;-578.555847;1627.136963;792.880981;190.567322;1759.5625;788.039917;59.913536;1421.578003;290.148376;275.472168;1003.821716;542.590759;-849.230835;823.206482;605.265198;;;;;;
2312;0;-575.957825;1630.562866;792.829834;189.432404;1763.765259;787.882935;58.774811;1424.869141;292.556671;274.814209;1008.147705;542.943298;-848.999939;827.06073;602.391846;;;;;;
2313;0;-573.301025;1633.887207;792.798767;188.262451;1768.13855;787.632019;57.775772;1428.037354;295.005157;274.142944;1012.535828;543.275635;-848.844055;830.974854;599.614807;;;;;;
2314;0;-570.66803;1637.210571;792.713562;187.14151;1772.460205;787.431702;56.746479;1431.253296;297.197968;273.490204;1016.843201;543.702332;-848.561279;834.892212;596.807556;;;;;;
2315;0;-568.010742;1640.632568;792.687012;186.054077;1776.735107;787.119995;55.790817;1434.40271;299.461365;272.76709;1021.240845;544.107178;-848.308167;838.770081;593.905518;;;;;;
2316;0;-565.40625;1643.983032;792.582458;184.894043;1781.133179;786.889038;54.758419;1437.537842;301.539917;272.023865;1025.547974;544.571472;-848.085999;842.730103;591.203125;;;;;;
2317;0;-562.723022;1647.401367;792.515442;183.849106;1785.418945;786.515808;53.744564;1440.695801;303.530182;271.353607;1029.893188;545.079224;-847.628479;846.582886;588.391663;;;;;;
2318;0;-560.097046;1650.754761;792.481567;182.737793;1789.752197;786.217163;52.705067;1443.819214;305.508911;270.578918;1034.201172;545.692078;-847.311951;850.50177;585.536499;;;;;;
2319;0;-557.474426;1654.216309;792.439148;181.69104;1794.002197;785.894714;51.751232;1446.934937;307.274231;269.794861;1038.576538;546.255493;-846.875183;854.331787;582.795959;;;;;;
2320;0;-554.812622;1657.539917;792.323914;180.617218;1798.375122;785.55719;50.643593;1450.06897;308.984741;269.00116;1042.888184;546.893127;-846.447266;858.206238;580.083069;;;;;;
2321;0;-552.129944;1660.968994;792.302917;179.62645;1802.665771;785.192078;49.636944;1453.184448;310.626434;268.140594;1047.260742;547.511292;-846.034058;862.108826;577.284973;;;;;;
2322;0;-549.456116;1664.302246;792.204041;178.55542;1806.928345;784.85907;48.568306;1456.213013;312.090302;267.398621;1051.5448;548.263367;-845.661133;865.942261;574.529358;;;;;;
2323;0;-546.818115;1667.734253;792.155945;177.361832;1811.411987;784.572205;47.540482;1459.293091;313.511414;266.551453;1055.858765;548.987793;-845.138184;869.809998;571.703308;;;;;;
2324;0;-544.159729;1671.15564;792.121948;176.538223;1815.437134;784.124878;46.440742;1462.308472;314.72821;265.669464;1060.174072;549.759705;-844.589539;873.588257;568.987427;;;;;;
2325;0;-541.580017;1674.504639;792.044983;175.574966;1819.750488;783.739258;45.34824;1465.407227;316.019348;264.809448;1064.484741;550.525818;-844.248169;877.513916;566.213745;;;;;;
2326;0;-538.829651;1677.888062;792.008545;174.603928;1823.991943;783.395691;44.283325;1468.431885;317.106659;263.947632;1068.764893;551.367554;-843.714233;881.351013;563.448364;;;;;;
2327;0;-536.297485;1681.25061;791.872314;173.624771;1828.2323;782.973389;43.271645;1471.539307;318.146088;263.060059;1073.12854;552.213989;-843.239014;885.205261;560.817444;;;;;;
2328;0;-533.663269;1684.707275;791.847961;172.726013;1832.538208;782.602844;42.163918;1474.587524;319.037201;262.185364;1077.454956;553.108093;-842.68103;888.980225;557.961426;;;;;;
2329;0;-531.055542;1688.107666;791.776001;171.754395;1836.809326;782.233704;41.1325;1477.674438;319.851654;261.217499;1081.79126;553.951233;-842.385986;892.815063;555.31366;;;;;;
2330;0;-528.455872;1691.574951;791.665833;170.800766;1841.081299;781.796204;39.962528;1480.751831;320.61676;260.380005;1086.031128;554.884583;-841.755127;896.522522;552.535706;;;;;;
2331;0;-525.83667;1695.041504;791.561218;169.837006;1845.33252;781.424377;38.877254;1483.811646;321.159119;259.442932;1090.366821;555.817444;-841.261475;900.345276;549.781433;;;;;;
2332;0;-523.258179;1698.418579;791.472778;168.893127;1849.628174;781.015381;37.880684;1486.848389;321.765228;258.484802;1094.690796;556.755188;-840.799194;904.130737;547.161926;;;;;;
2333;0;-520.668701;1701.935547;791.411194;167.978119;1853.888672;780.651611;36.665165;1489.952026;322.151215;257.581268;1099.027222;557.634827;-840.368896;907.909424;544.380859;;;;;;
2334;0;-518.189941;1705.343384;791.258789;167.074173;1858.12915;780.286865;35.60881;1493.052734;322.553131;256.613373;1103.299194;558.643921;-839.908813;911.746826;541.617554;;;;;;
2335;0;-515.639771;1708.788574;791.2453;166.126907;1862.427368;779.940186;34.454414;1496.134766;322.838959;255.663635;1107.592407;559.593079;-839.638977;915.542969;538.947998;;;;;;
2336;0;-513.207336;1712.316772;791.099304;165.231888;1866.630127;779.595398;33.301075;1499.286987;322.988708;254.793579;1111.823975;560.615906;-839.253052;919.255859;536.286987;;;;;;
2337;0;-510.61792;1715.823242;791.019714;164.30043;1870.90686;779.249084;32.165527;1502.440186;323.148804;253.8423;1116.177368;561.56543;-838.927368;923.061829;533.532471;;;;;;
2338;0;-508.156311;1719.350708;790.928955;163.429291;1875.134766;778.912109;31.054405;1505.517212;323.151184;252.926712;1120.412354;562.585205;-838.573792;926.867249;530.87561;;;;;;
2339;0;-505.74649;1722.78833;790.849426;162.553986;1879.358154;778.627136;29.854078;1508.666748;323.102264;252.023758;1124.693726;563.543701;-838.410828;930.560913;528.224365;;;;;;
2340;0;-503.397827;1726.371704;790.737854;161.648666;1883.566162;778.293152;28.669935;1511.891846;322.928436;251.054672;1128.959717;564.493164;-838.036438;934.312622;525.504395;;;;;;
2341;0;-501.048798;1729.896362;790.670654;160.731842;1887.820923;778.048279;27.578625;1515.02124;322.727936;250.122421;1133.199219;565.533081;-837.838318;937.99176;523.038757;;;;;;
2342;0;-498.758942;1733.470703;790.545349;159.868057;1891.997192;777.776733;26.413607;1518.2677;322.439209;249.180161;1137.502808;566.510925;-837.659119;941.736694;520.360596;;;;;;
2343;0;-496.414246;1737.112061;790.414673;158.970428;1896.284668;777.492004;25.226057;1521.512695;322.023834;248.254791;1141.731079;567.492981;-837.598083;945.415894;517.782837;;;;;;
2344;0;-494.185974;1740.632446;790.269714;158.1595;1900.46228;777.220276;23.950174;1524.686279;321.576538;247.32547;1145.984619;568.434143;-837.434448;949.158691;515.181824;;;;;;
2345;0;-492.04892;1744.335205;790.198364;157.249283;1904.666382;777.019531;22.860691;1528.039307;321.050781;246.415573;1150.283691;569.403564;-837.406982;952.821472;512.739197;;;;;;
2346;0;-489.877014;1747.931396;790.089233;156.396484;1908.908691;776.752808;21.68536;1531.223511;320.480255;245.5233;1154.507812;570.378113;-837.395996;956.486145;510.189606;;;;;;
2347;0;-487.789215;1751.647949;789.929749;155.507996;1913.109375;776.573242;20.458151;1534.563721;319.825562;244.681839;1158.750244;571.381287;-837.39386;960.15918;507.801941;;;;;;
2348;0;-485.696899;1755.348511;789.827576;154.603699;1917.309204;776.345764;19.226284;1537.850952;319.146545;243.709671;1162.971069;572.285828;-837.529358;963.861145;505.350586;;;;;;
2349;0;-483.70285;1759.03064;789.726501;153.781937;1921.523071;776.185791;18.00676;1541.191772;318.328308;242.875992;1167.219116;573.238525;-837.696472;967.527954;503.026672;;;;;;
2350;0;-481.745148;1762.745728;789.58783;152.949463;1925.704834;776.017395;16.849566;1544.497192;317.509338;241.992401;1171.470581;574.202209;-837.861572;971.130188;500.690094;;;;;;
2351;0;-479.795532;1766.580322;789.526794;152.027573;1929.928833;775.849792;15.605986;1547.919434;316.69342;241.128647;1175.787598;575.136047;-838.042297;974.796692;498.341614;;;;;;
2352;0;-477.913666;1770.302002;789.372864;151.23909;1934.049561;775.707214;14.500977;1551.253418;315.811035;240.294708;1180.04541;576.030579;-838.413208;978.407043;496.087921;;;;;;
2353;0;-476.097534;1774.044678;789.221436;150.335052;1938.282837;775.581726;13.176445;1554.675049;314.887329;239.417435;1184.293457;576.90033;-838.738831;982.117981;493.818665;;;;;;
2354;0;-474.354828;1777.833496;789.091614;149.526276;1942.445801;775.427368;12.083578;1558.06189;313.892029;238.579514;1188.575684;577.85498;-839.202209;985.763245;491.661896;;;;;;
2355;0;-472.573761;1781.700317;789.018127;148.693542;1946.583862;775.313232;10.82568;1561.536987;312.955322;237.773193;1192.889893;578.705017;-839.642883;989.287415;489.408508;;;;;;
2356;0;-470.975861;1785.503906;788.795105;147.828583;1950.821777;775.200012;9.690357;1564.93811;311.9729;236.990677;1197.161621;579.615479;-840.127319;992.959839;487.322937;;;;;;
2357;0;-469.344635;1789.390503;788.710022;147.050858;1954.951416;775.085449;8.501125;1568.424561;310.878723;236.228058;1201.379883;580.478638;-840.815552;996.547363;485.139221;;;;;;
2358;0;-467.841644;1793.317993;788.545593;146.226776;1959.163208;774.9729;7.320987;1571.852051;309.860046;235.465668;1205.731323;581.313049;-841.381531;1000.255005;483.064758;;;;;;
2359;0;-466.390564;1797.167847;788.420288;145.45726;1963.358398;774.836914;6.101521;1575.30896;308.814056;234.750748;1210.057251;582.253906;-842.002197;1003.808594;480.910278;;;;;;
2360;0;-465.00528;1801.185913;788.238586;144.641541;1967.450562;774.7323;4.941649;1578.847656;307.660706;233.928162;1214.426025;583.049744;-842.666382;1007.381348;478.88681;;;;;;
2361;0;-463.514954;1805.091675;788.092346;143.835129;1971.657227;774.63739;3.762417;1582.360107;306.544556;233.235001;1218.789917;583.956909;-843.470337;1010.989319;476.929626;;;;;;
2362;0;-462.194061;1809.012939;787.944214;143.093811;1975.851685;774.540222;2.679871;1585.828247;305.427643;232.514084;1223.177612;584.856384;-844.186401;1014.539856;474.878815;;;;;;
2363;0;-460.925476;1812.98999;787.816406;142.279556;1979.988892;774.417847;1.478334;1589.261475;304.2836;231.833023;1227.453979;585.66394;-845.072266;1018.220093;472.849579;;;;;;
2364;0;-459.679321;1816.96106;787.72699;141.564697;1984.169067;774.313721;0.415037;1592.951294;303.180237;231.155975;1231.799072;586.540039;-845.957947;1021.764771;470.89093;;;;;;
2365;0;-458.450562;1820.975464;787.567261;140.84256;1988.257324;774.167969;-0.742501;1596.345703;302.093109;230.536469;1236.179321;587.420105;-846.725586;1025.25293;468.839661;;;;;;
2366;0;-457.347382;1825.022827;787.400269;140.07486;1992.513672;774.050476;-1.794773;1599.914185;300.929718;229.919617;1240.5177;588.314026;-847.827881;1028.900757;466.939636;;;;;;
2367;0;-456.222015;1829.104492;787.236389;139.399811;1996.614624;773.923889;-2.865119;1603.421021;299.727661;229.374756;1244.915894;589.187317;-848.653259;1032.517212;465.048492;;;;;;
2368;0;-455.178711;1833.138062;787.100159;138.662674;2000.809204;773.810242;-4.011759;1606.945068;298.531982;228.701874;1249.319214;590.025635;-849.625305;1036.026855;463.039886;;;;;;
2369;0;-454.190765;1837.191895;786.919617;138.042221;2004.981934;773.638672;-4.996562;1610.489258;297.356293;228.13623;1253.714355;590.863831;-850.530396;1039.598389;461.006561;;;;;;
2370;0;-453.185242;1841.334473;786.794922;137.389221;2009.088501;773.499512;-6.050317;1614.10498;296.131012;227.519943;1258.139038;591.722778;-851.406677;1043.037598;459.073303;;;;;;
2371;0;-452.355011;1845.428955;786.615417;136.684814;2013.278931;773.349365;-7.084805;1617.668945;294.887085;227.008713;1262.515381;592.620117;-852.405823;1046.552979;457.167145;;;;;;
2372;0;-451.427094;1849.589844;786.487427;136.115967;2017.356445;773.152649;-8.100409;1621.279541;293.65979;226.475632;1266.961548;593.476624;-853.523926;1050.1698;455.267365;;;;;;
2373;0;-450.614441;1853.695679;786.332153;135.439148;2021.614746;772.984497;-9.166817;1624.855469;292.397461;225.957977;1271.315552;594.372742;-854.379089;1053.655029;453.211182;;;;;;
2374;0;-449.863892;1857.859863;786.246033;134.805908;2025.739014;772.830627;-10.084716;1628.519653;291.162628;225.418945;1275.83374;595.245056;-855.506287;1057.07019;451.153168;;;;;;
2375;0;-449.135651;1861.990479;786.065002;134.234146;2029.832397;772.588074;-11.176904;1632.081177;289.894501;224.972473;1280.19519;596.10968;-856.460449;1060.651245;449.318604;;;;;;
2376;0;-448.382355;1866.188232;785.912964;133.625046;2034.074585;772.411438;-12.173864;1635.694702;288.59491;224.461502;1284.631226;596.9776;-857.504517;1064.275635;447.412231;;;;;;
2377;0;-447.783844;1870.404053;785.759094;133.048065;2038.121216;772.181519;-13.179028;1639.359985;287.276367;224.011414;1288.987915;597.837402;-858.451111;1067.603882;445.376862;;;;;;
2378;0;-447.104797;1874.603638;785.611389;132.494293;2042.327637;771.978333;-14.235889;1643.072754;286.018738;223.63826;1293.455444;598.793762;-859.40979;1071.153931;443.389343;;;;;;
2379;0;-446.602692;1878.859009;785.482788;131.984177;2046.510498;771.741882;-15.174938;1646.750732;284.686737;223.146408;1297.890991;599.701172;-860.244568;1074.667114;441.380219;;;;;;
2380;0;-445.995453;1883.105957;785.359863;131.416443;2050.635254;771.531982;-16.146585;1650.494873;283.3414;222.778122;1302.329346;600.626892;-861.270813;1078.151245;439.397858;;;;;;
2381;0;-445.487122;1887.322876;785.193542;130.906006;2054.850098;771.262939;-17.125082;1654.243286;281.974121;222.368759;1306.708984;601.573547;-862.13678;1081.625366;437.392365;;;;;;
2382;0;-445.008575;1891.637085;785.090942;130.396484;2058.957031;771.028442;-18.164988;1658.015991;280.581329;222.018646;1311.17688;602.464539;-863.047363;1085.037842;435.532349;;;;;;
2383;0;-444.573242;1895.892578;784.929321;129.870209;2063.118164;770.771362;-19.110775;1661.806396;279.281464;221.629776;1315.610229;603.42334;-863.852844;1088.451294;433.429047;;;;;;
2384;0;-444.174988;1900.200684;784.760193;129.460785;2067.32251;770.526245;-20.131872;1665.628662;277.841064;221.301544;1320.067627;604.318848;-864.650024;1091.986084;431.411987;;;;;;
2385;0;-443.744812;1904.478394;784.620361;128.90155;2071.424316;770.260376;-21.086222;1669.509399;276.562195;220.912704;1324.528564;605.270081;-865.277649;1095.338013;429.421936;;;;;;
2386;0;-443.388;1908.803955;784.447083;128.484039;2075.615479;769.982361;-22.03208;1673.366699;275.211151;220.581665;1328.941895;606.206055;-865.973572;1098.780762;427.432739;;;;;;
2387;0;-443.030731;1913.0802;784.320496;128.0802;2079.737793;769.728027;-23.141455;1677.271484;273.866028;220.274048;1333.417358;607.163757;-866.593262;1102.164185;425.544586;;;;;;
2388;0;-442.725067;1917.439209;784.178406;127.590118;2083.983643;769.408325;-24.107185;1681.109375;272.460724;220.003983;1337.854736;608.133179;-867.062988;1105.603516;423.608337;;;;;;
2389;0;-442.410797;1921.727783;784.023376;127.198013;2088.114746;769.12439;-25.072893;1685.101929;271.139862;219.71524;1342.32666;609.072205;-867.642029;1109.008911;421.72226;;;;;;
2390;0;-442.194031;1926.094971;783.879517;126.767677;2092.25415;768.814148;-26.059347;1689.135254;269.796448;219.424927;1346.807251;610.048401;-868.030762;1112.316528;419.815186;;;;;;
2391;0;-441.941742;1930.412476;783.753967;126.389221;2096.476807;768.53418;-27.094584;1693.144531;268.495972;219.18634;1351.208374;611.040161;-868.494507;1115.621582;418.032562;;;;;;
2392;0;-441.721436;1934.800903;783.564209;126.001312;2100.622559;768.212463;-28.063578;1697.239014;267.086853;218.886795;1355.742432;611.95813;-868.829102;1119.035278;416.223511;;;;;;
2393;0;-441.493469;1939.075317;783.425903;125.599564;2104.801758;767.853149;-28.97497;1701.269775;265.785553;218.649612;1360.210571;612.915405;-869.118347;1122.439087;414.587006;;;;;;
2394;0;-441.394287;1943.544678;783.257141;125.240295;2108.998047;767.537659;-30.013979;1705.384155;264.470306;218.434662;1364.735962;613.89856;-869.279602;1125.902222;412.803436;;;;;;
2395;0;-441.145844;1947.878662;783.089783;124.875351;2113.134521;767.206665;-30.95751;1709.508301;263.079742;218.146744;1369.233765;614.799805;-869.382385;1129.242554;411.128876;;;;;;
2396;0;-441.060303;1952.28064;782.987183;124.486374;2117.381836;766.838074;-31.846985;1713.67981;261.796814;218.006195;1373.715088;615.830444;-869.549805;1132.697632;409.473145;;;;;;
2397;0;-440.921326;1956.648804;782.81604;124.225777;2121.479492;766.498413;-32.797916;1717.90686;260.41803;217.791351;1378.248779;616.786011;-869.502808;1136.05835;407.863373;;;;;;
2398;0;-440.810059;1961.119873;782.624451;123.822807;2125.72583;766.150452;-33.839249;1722.153809;259.100952;217.633545;1382.780151;617.787109;-869.58905;1139.400024;406.486023;;;;;;
2399;0;-440.716949;1965.4823;782.45166;123.53289;2129.896484;765.806152;-34.728275;1726.321655;257.809601;217.421829;1387.342651;618.766174;-869.351624;1142.762207;405.109314;;;;;;
2400;0;-440.674255;1969.886597;782.299072;123.195999;2134.045166;765.435669;-35.680996;1730.483398;256.503418;217.286606;1391.856934;619.731506;-869.179138;1146.140503;403.703979;;;;;;
2401;0;-440.548279;1974.271851;782.11969;122.877502;2138.235596;765.026001;-36.675343;1734.750122;255.246216;217.145859;1396.373291;620.714661;-868.892822;1149.585938;402.397675;;;;;;
2402;0;-440.496185;1978.736938;781.942871;122.574142;2142.395264;764.667358;-37.712597;1739.118164;253.964569;217.001053;1400.919678;621.674988;-868.71936;1152.998535;401.251831;;;;;;
2403;0;-440.490295;1983.078247;781.829773;122.249428;2146.61792;764.305908;-38.797131;1743.284912;252.61879;216.813995;1405.478882;622.616699;-868.268616;1156.431885;399.999329;;;;;;
2404;0;-440.449432;1987.502197;781.698975;121.96431;2150.7771;763.930969;-39.717255;1747.621338;251.329742;216.699234;1410.018799;623.582092;-867.994812;1159.821777;398.980377;;;;;;
2405;0;-440.32016;1991.943481;781.513;121.719002;2154.903809;763.556396;-40.846252;1751.920654;250.005127;216.572952;1414.635742;624.502747;-867.340942;1163.307739;397.905365;;;;;;
2406;0;-440.411621;1996.269043;781.332275;121.375504;2159.101318;763.135315;-41.856846;1756.186035;248.708359;216.351135;1419.199463;625.505371;-866.888306;1166.809814;396.933472;;;;;;
2407;0;-440.34613;2000.704956;781.215515;121.132942;2163.335205;762.766968;-42.922798;1760.518066;247.401917;216.160706;1423.7052;626.429932;-866.187317;1170.299438;396.044342;;;;;;
2408;0;-440.280609;2005.025879;780.966431;120.863129;2167.459961;762.387207;-44.068016;1764.693604;246.047745;216.111282;1428.396851;627.37616;-865.630371;1173.79541;395.210632;;;;;;
2409;0;-440.330811;2009.478516;780.950928;120.599228;2171.685547;762.029114;-45.091774;1769.064453;244.785339;216.00737;1432.992554;628.333374;-864.95636;1177.511353;394.477814;;;;;;
2410;0;-440.437378;2013.860474;780.770325;120.366379;2175.850342;761.647644;-46.169186;1773.268188;243.4785;215.850143;1437.562378;629.226135;-864.248901;1181.063721;393.77533;;;;;;
2411;0;-440.268524;2018.274292;780.651306;120.069633;2180.036621;761.30481;-47.247997;1777.651489;242.189117;215.641632;1442.07019;630.079895;-863.436462;1184.740723;393.252106;;;;;;
2412;0;-440.307343;2022.586304;780.4552;119.802322;2184.202637;760.9328;-48.328526;1781.905396;240.819366;215.603775;1446.675415;631.007385;-862.728638;1188.399048;392.600189;;;;;;
2413;0;-440.359131;2026.994751;780.335754;119.581886;2188.397705;760.58728;-49.500874;1786.27771;239.553528;215.424591;1451.298584;631.834656;-861.871643;1191.977051;392.141998;;;;;;
2414;0;-440.392029;2031.372803;780.189148;119.311172;2192.599609;760.241943;-50.557926;1790.601196;238.223724;215.253693;1455.793701;632.767334;-861.05719;1195.664429;391.751404;;;;;;
2415;0;-440.28949;2035.806152;780.098206;119.055656;2196.768799;759.913208;-51.744812;1794.995972;236.931488;215.142609;1460.484253;633.592224;-860.130066;1199.376953;391.352966;;;;;;
2416;0;-440.375214;2040.173584;779.929504;118.861679;2200.922852;759.566223;-52.845139;1799.303101;235.589081;214.916672;1464.969604;634.551147;-859.16925;1203.174805;391.017517;;;;;;
2417;0;-440.345398;2044.534424;779.820923;118.649765;2205.0896;759.234375;-53.944618;1803.714844;234.347641;214.793335;1469.66333;635.304932;-858.267761;1206.947998;390.783844;;;;;;
2418;0;-440.322571;2048.86792;779.694763;118.488678;2209.237793;758.898987;-55.2668;1807.930054;232.910126;214.572571;1474.242432;636.248413;-857.128784;1210.802246;390.382965;;;;;;
2419;0;-440.315338;2053.302246;779.632874;118.248955;2213.434814;758.603027;-56.368343;1812.478394;231.680008;214.443283;1478.727173;637.010437;-856.001892;1214.484741;390.100739;;;;;;
2420;0;-440.300873;2057.583252;779.460205;118.060562;2217.552246;758.302002;-57.531796;1816.834229;230.405151;214.127151;1483.275024;637.784058;-854.723999;1218.296265;389.893311;;;;;;
2421;0;-440.218628;2061.960693;779.35553;117.942886;2221.728271;757.989685;-58.676094;1821.160645;229.215576;213.950974;1487.781982;638.665283;-853.758301;1222.102539;389.750916;;;;;;
2422;0;-440.226288;2066.378418;779.260376;117.730301;2225.931152;757.748779;-59.811123;1825.58374;228.079758;213.67807;1492.378174;639.398621;-852.648376;1225.987305;389.694458;;;;;;
2423;0;-440.186615;2070.770264;779.148743;117.570015;2230.091797;757.4776;-61.220268;1829.907715;227.099045;213.475647;1496.914062;640.329041;-851.456665;1229.910645;389.58847;;;;;;
2424;0;-440.096313;2075.068604;779.05249;117.449158;2234.222412;757.231384;-62.367626;1834.28833;226.023331;213.158737;1501.455688;641.048767;-850.20575;1233.821533;389.45224;;;;;;
2425;0;-440.054138;2079.484619;778.952637;117.325165;2238.382568;756.964233;-63.740654;1838.616699;225.076065;212.886978;1505.88501;641.818787;-849.066223;1237.746338;389.517822;;;;;;
2426;0;-440.011017;2083.820068;778.854004;117.211708;2242.561035;756.739563;-64.87999;1843.012817;224.124374;212.569748;1510.380371;642.547729;-847.816223;1241.734009;389.480682;;;;;;
2427;0;-439.931885;2088.218994;778.816528;117.101768;2246.78418;756.502747;-66.013275;1847.45874;223.25621;212.279144;1514.863892;643.412842;-846.489258;1245.752319;389.486603;;;;;;
2428;0;-439.86438;2092.560547;778.721436;117.046532;2250.809814;756.265686;-67.179588;1851.939941;222.508835;212.005569;1519.398682;644.1203;-845.164673;1249.814453;389.560913;;;;;;
2429;0;-439.786438;2096.987305;778.641235;117.01796;2254.951904;756.077759;-68.321701;1856.405762;221.810959;211.527542;1523.77478;645.015625;-843.871155;1253.885376;389.672699;;;;;;
2430;0;-439.705566;2101.357666;778.557007;116.96302;2259.103516;755.873413;-69.434883;1860.827148;221.12114;211.309845;1528.314331;645.788269;-842.616272;1257.996094;389.711731;;;;;;
2431;0;-439.558289;2105.731201;778.494507;116.898399;2263.251221;755.711121;-70.500481;1865.35791;220.621689;211.038513;1532.857178;646.558289;-841.225464;1262.112061;389.799042;;;;;;
2432;0;-439.493683;2110.041748;778.434753;116.972702;2267.355957;755.560974;-71.537491;1869.816162;220.121704;210.652924;1537.340576;647.351929;-839.930359;1266.237427;390.090363;;;;;;
2433;0;-439.35791;2114.417969;778.408813;116.946609;2271.499756;755.391479;-72.551888;1874.260498;219.757874;210.161331;1541.665405;648.132996;-838.607117;1270.432739;390.17453;;;;;;
2434;0;-439.316528;2118.77124;778.338135;116.96888;2275.638428;755.248047;-73.733887;1878.697876;219.336426;209.779251;1546.206543;648.876465;-837.110352;1274.63855;390.317749;;;;;;
2435;0;-439.161224;2123.20459;778.303528;117.015495;2279.7771;755.150574;-74.678795;1883.189941;218.907181;209.278366;1550.552124;649.701477;-835.8396;1278.909424;390.596924;;;;;;
2436;0;-439.029175;2127.496826;778.247437;117.103386;2284.110107;755.056824;-75.656532;1887.721436;218.534637;208.824265;1554.991699;650.49408;-834.359192;1283.071167;390.734406;;;;;;
2437;0;-438.803589;2131.912109;778.195251;117.19384;2288.203857;754.956909;-76.511169;1892.255127;218.124039;208.402313;1559.49585;651.269958;-832.938904;1287.327026;390.938049;;;;;;
2438;0;-438.729919;2136.203857;778.114258;117.31736;2292.347168;754.845581;-77.566833;1896.723755;217.793533;207.869095;1563.716064;651.972473;-831.568359;1291.716797;391.2117;;;;;;
2439;0;-438.502808;2140.592041;778.103516;117.427765;2296.553223;754.768066;-78.406044;1901.206909;217.38678;207.348648;1568.195679;652.88501;-830.183533;1295.913452;391.422546;;;;;;
2440;0;-438.372742;2144.906494;778.050781;117.589989;2300.635742;754.644409;-79.396576;1905.743652;217.004929;206.73082;1572.552612;653.617432;-828.841187;1300.266479;391.63031;;;;;;
2441;0;-438.174835;2149.309326;778.013794;117.687286;2304.770508;754.582397;-80.337074;1910.236572;216.708527;206.176437;1576.993408;654.381958;-827.400391;1304.602539;391.970428;;;;;;
2442;0;-438.041412;2153.633789;777.968994;117.842072;2308.984863;754.539124;-81.320107;1914.783691;216.269135;205.623322;1581.34668;655.179749;-825.977966;1308.970947;392.000183;;;;;;
2443;0;-437.777283;2158.023926;777.920288;118.004593;2313.109131;754.460815;-82.408798;1919.239502;215.980515;204.975113;1585.728882;655.901184;-824.456787;1313.290894;392.302765;;;;;;
2444;0;-437.636536;2162.300293;777.835815;118.241547;2317.260742;754.369019;-83.043137;1923.933716;215.680008;204.375748;1590.001953;656.549805;-823.016907;1317.623291;392.587189;;;;;;
2445;0;-437.348236;2166.690186;777.820618;118.465401;2321.40918;754.326843;-83.902046;1928.546997;215.347717;203.819168;1594.398315;657.242676;-821.636353;1321.967773;392.828735;;;;;;
2446;0;-437.144897;2170.964111;777.725647;118.720512;2325.527344;754.263733;-84.655457;1933.146606;215.096725;203.014175;1598.648682;657.924561;-820.206482;1326.372559;392.966309;;;;;;
2447;0;-436.88501;2175.334961;777.712646;118.980385;2329.729736;754.216431;-85.398499;1937.679688;214.837814;202.290421;1603.006714;658.512634;-818.866821;1330.795654;393.248749;;;;;;
2448;0;-436.705811;2179.643066;777.647156;119.201492;2333.884277;754.13385;-85.91127;1942.385498;214.656403;201.627975;1607.367065;659.14563;-817.312866;1335.171387;393.392914;;;;;;
2449;0;-436.434448;2184.00708;777.559753;119.478989;2338.006836;754.133667;-86.594788;1947.015869;214.580109;200.876923;1611.554565;659.621582;-816.014526;1339.515015;393.593109;;;;;;
2450;0;-436.223297;2188.299316;777.4823;119.800827;2342.242676;754.047974;-87.188484;1951.656982;214.579849;200.170609;1615.920288;660.102722;-814.620117;1343.965942;393.744965;;;;;;
2451;0;-435.99118;2192.594482;777.438965;120.123001;2346.333984;753.990784;-87.740738;1956.24939;214.483231;199.392059;1620.160522;660.609985;-813.245667;1348.321899;393.805084;;;;;;
2452;0;-435.787018;2196.884521;777.361572;120.419151;2350.49707;753.950195;-88.362465;1960.826172;214.54985;198.563629;1624.435547;661.107483;-811.817261;1352.694458;394.044525;;;;;;
2453;0;-435.559937;2201.192627;777.360352;120.758263;2354.679199;753.925964;-88.853058;1965.469116;214.552353;197.780991;1628.762451;661.548035;-810.340454;1357.106567;394.210693;;;;;;
2454;0;-435.357239;2205.458984;777.308289;121.097275;2358.814941;753.873962;-89.455681;1970.124878;214.732605;196.948761;1633.012329;661.964966;-809.007019;1361.410034;394.361725;;;;;;
2455;0;-435.078552;2209.784912;777.25592;121.424232;2363.025391;753.799805;-89.85144;1974.882812;214.833893;196.125;1637.30249;662.267517;-807.45752;1365.795654;394.412781;;;;;;
2456;0;-434.877899;2214.028076;777.153992;121.848984;2367.175293;753.791199;-90.349358;1979.613159;215.085861;195.239456;1641.592651;662.605774;-806.20929;1370.234375;394.58371;;;;;;
2457;0;-434.656586;2218.35083;777.132019;122.238579;2371.325439;753.693848;-91.003578;1984.227417;215.222961;194.401474;1645.82959;662.930115;-804.847656;1374.55835;394.72641;;;;;;
2458;0;-434.480347;2222.602295;777.056885;122.601501;2375.567627;753.6427;-91.408813;1988.965454;215.468582;193.476608;1649.991943;663.210815;-803.525085;1378.9375;394.895752;;;;;;
2459;0;-434.238312;2226.881836;777.008728;123.040718;2379.683594;753.556091;-91.720734;1993.720215;215.645706;192.547119;1654.354492;663.398987;-802.185852;1383.371582;394.921906;;;;;;
2460;0;-434.093964;2231.142334;776.9021;123.432892;2383.928955;753.473633;-92.119217;1998.467773;215.91275;191.647797;1658.478271;663.625366;-800.762573;1387.676392;395.034515;;;;;;
2461;0;-433.860931;2235.406006;776.848694;123.854637;2388.107666;753.367126;-92.440712;2003.095581;216.22113;190.658798;1662.864624;663.729065;-799.464966;1392.048218;395.064911;;;;;;
2462;0;-433.758484;2239.661621;776.740112;124.302643;2392.264893;753.233398;-92.76255;2007.905762;216.533325;189.65625;1667.07312;663.87793;-798.18512;1396.389038;395.172913;;;;;;
2463;0;-433.60611;2243.96167;776.723206;124.74221;2396.512939;753.070374;-93.038933;2012.702515;217.003754;188.656326;1671.320923;664.014709;-796.728333;1400.704468;395.164551;;;;;;
2464;0;-433.499725;2248.208008;776.594788;125.217018;2400.639648;752.926392;-93.265617;2017.433838;217.45433;187.663239;1675.504272;664.098145;-795.440552;1405.029175;395.250671;;;;;;
2465;0;-433.330109;2252.477051;776.529175;125.66468;2404.876465;752.72644;-93.538918;2022.135986;217.940033;186.741547;1679.695435;664.049377;-794.079529;1409.383301;395.261414;;;;;;
2466;0;-433.273804;2256.734375;776.383301;126.133156;2409.125488;752.579102;-93.893715;2026.699097;218.374268;185.693726;1683.988892;664.160156;-792.816772;1413.670166;395.319397;;;;;;
2467;0;-433.120636;2260.990723;776.274109;126.655029;2413.295654;752.339233;-94.102814;2031.491577;218.967468;184.714813;1688.192261;664.122009;-791.520264;1418.037109;395.425781;;;;;;
2468;0;-433.097351;2265.263428;776.131348;127.148819;2417.558838;752.142883;-94.371178;2036.14502;219.515778;183.615311;1692.431885;664.061462;-790.260864;1422.304443;395.446136;;;;;;
2469;0;-433.036102;2269.489258;776.021606;127.630623;2421.768066;751.892273;-94.558777;2040.867065;220.090652;182.538086;1696.622437;664.10553;-789.021729;1426.588013;395.51535;;;;;;
2470;0;-433.054443;2273.766113;775.892456;128.084503;2425.96875;751.669312;-94.813408;2045.707764;220.712357;181.480087;1700.846313;664.019409;-787.625549;1431.10498;395.360138;;;;;;
2471;0;-433.032684;2277.989746;775.772949;128.643234;2430.183594;751.36792;-95.147339;2050.317383;221.421326;180.401169;1704.971802;663.932434;-786.466797;1435.297729;395.401764;;;;;;
2472;0;-433.079773;2282.221436;775.629883;129.124969;2434.49707;751.099609;-95.327324;2055.080078;222.031769;179.261841;1709.235107;663.897095;-785.289551;1439.581787;395.455688;;;;;;
2473;0;-433.052887;2286.468262;775.460083;129.747314;2438.712402;750.820923;-95.638748;2059.656982;222.760452;178.250687;1713.493408;663.799683;-784.004333;1443.863647;395.460999;;;;;;
2474;0;-433.159424;2290.727295;775.335388;130.24234;2442.945801;750.5271;-95.856987;2064.356201;223.381516;177.145325;1717.758057;663.792297;-782.794495;1448.100708;395.515991;;;;;;
2475;0;-433.222412;2295.009277;775.205933;130.798553;2447.241211;750.213745;-96.101341;2069.030029;224.004745;176.01796;1721.911255;663.57782;-781.57196;1452.366333;395.513306;;;;;;
2476;0;-433.352234;2299.213379;775.030212;131.336777;2451.450439;749.922485;-96.355309;2073.656738;224.610596;174.997116;1726.112915;663.408508;-780.304016;1456.568604;395.530304;;;;;;
2477;0;-433.432373;2303.478027;774.875427;131.878006;2455.732422;749.64502;-96.574242;2078.417725;225.227478;173.768616;1730.366821;663.34967;-779.057495;1460.780396;395.608429;;;;;;
2478;0;-433.623291;2307.68335;774.724548;132.44725;2459.980469;749.291626;-96.828873;2082.94751;225.760925;172.431534;1734.470459;663.306519;-777.853577;1465.086182;395.560547;;;;;;
2479;0;-433.786774;2311.920166;774.616516;132.942017;2464.206787;749.027588;-97.110741;2087.661133;226.267731;171.49321;1738.8125;663.112976;-776.638062;1469.305664;395.488495;;;;;;
2480;0;-433.965302;2316.185547;774.481812;133.515411;2468.526611;748.69043;-97.336487;2092.338135;226.790833;170.40329;1742.880005;662.838989;-775.377014;1473.505859;395.486176;;;;;;
2481;0;-434.209259;2320.453857;774.314819;134.11795;2472.723389;748.379211;-97.541451;2096.989746;227.226151;169.07576;1747.090454;662.80188;-774.203552;1477.672852;395.463928;;;;;;
2482;0;-434.394897;2324.688477;774.161011;134.656372;2477.065674;748.122131;-97.716347;2101.597168;227.690506;168.080963;1751.386597;662.68042;-772.910583;1481.866333;395.460052;;;;;;
2483;0;-434.613098;2328.919434;774.036133;135.320648;2481.28418;747.767639;-97.932762;2106.258789;228.122742;166.734802;1755.557617;662.549927;-771.666321;1486.095581;395.480682;;;;;;
2484;0;-434.868286;2333.153564;773.89032;135.910309;2485.574219;747.534241;-98.204491;2110.83252;228.54689;165.538086;1759.807129;662.440369;-770.479065;1490.257202;395.438171;;;;;;
2485;0;-435.183167;2337.409668;773.764771;136.476456;2489.86084;747.25647;-98.350494;2115.583984;228.873749;164.389297;1764.009521;662.309326;-769.194946;1494.412598;395.480927;;;;;;
2486;0;-435.474854;2341.636719;773.629944;137.064484;2494.099609;746.981445;-98.623833;2120.103516;229.193054;163.252563;1768.205688;662.130371;-768.050781;1498.58313;395.476471;;;;;;
2487;0;-435.844635;2345.911133;773.500916;137.647797;2498.378174;746.753296;-98.864014;2124.743896;229.491287;162.024338;1772.422974;662.034668;-766.776123;1502.765137;395.445465;;;;;;
2488;0;-436.187897;2350.150635;773.379272;138.270142;2502.700684;746.460449;-99.129646;2129.323242;229.713943;160.872116;1776.704956;661.890015;-765.585815;1506.89978;395.372986;;;;;;
2489;0;-436.535675;2354.445557;773.272217;138.881363;2506.891357;746.14801;-99.291344;2133.908936;229.981812;159.728302;1780.937622;661.723877;-764.420532;1511.024414;395.363525;;;;;;
2490;0;-436.908508;2358.666748;773.11145;139.460556;2511.229248;745.875366;-99.547966;2138.58374;230.188629;158.513474;1785.150024;661.607849;-763.20813;1515.14624;395.274323;;;;;;
2491;0;-437.350616;2362.94043;772.952576;140.086411;2515.463623;745.553711;-99.879433;2143.120117;230.315994;157.313599;1789.373779;661.488098;-761.966675;1519.223267;395.260773;;;;;;
2492;0;-437.718903;2367.193359;772.886292;140.693634;2519.675293;745.331604;-99.974922;2147.789062;230.469254;156.110275;1793.614136;661.415955;-760.842773;1523.382202;395.229919;;;;;;
2493;0;-438.210236;2371.454834;772.835083;141.302551;2524.076172;745.034851;-100.366974;2152.434082;230.626694;154.900116;1797.831787;661.309387;-759.518005;1527.405518;395.22876;;;;;;
2494;0;-438.557098;2375.748779;772.726257;141.919464;2528.277344;744.776428;-100.546173;2157.018799;230.654083;153.770203;1802.05188;661.179321;-758.393188;1531.527466;395.092773;;;;;;
2495;0;-439.068909;2380.00293;772.626953;142.545044;2532.513916;744.49823;-100.725967;2161.72583;230.679764;152.556732;1806.303223;661.119934;-757.145203;1535.637939;395.056335;;;;;;
2496;0;-439.489899;2384.231934;772.521545;143.146759;2536.848633;744.229004;-101.051147;2166.309326;230.668076;151.384705;1810.55957;660.967651;-755.939941;1539.737183;395.006561;;;;;;
2497;0;-440.04361;2388.492432;772.462097;143.75415;2541.082031;743.93042;-101.212578;2170.988281;230.647476;150.181061;1814.814697;660.90802;-754.79541;1543.779663;395.004517;;;;;;
2498;0;-440.458984;2392.809326;772.370361;144.361496;2545.37085;743.628845;-101.505989;2175.526367;230.506546;149.020691;1819.056763;660.785217;-753.465271;1547.929199;394.922882;;;;;;
2499;0;-441.022308;2397.082275;772.239624;144.968628;2549.578369;743.309937;-101.672638;2180.19043;230.442368;147.812241;1823.312012;660.713928;-752.299316;1551.947632;394.864166;;;;;;
2500;0;-441.489258;2401.335205;772.2005;145.612671;2553.914551;743.037659;-101.977486;2184.811768;230.223557;146.635406;1827.568237;660.613464;-751.217468;1555.967529;394.88797;;;;;;
2501;0;-442.085541;2405.586182;772.123535;146.220154;2558.182129;742.727478;-102.114456;2189.414551;230.080215;145.428329;1831.839355;660.550903;-750.046448;1560.019409;394.836731;;;;;;
2502;0;-442.567413;2409.930176;772.089539;146.794647;2562.402832;742.43219;-102.358223;2194.045166;229.902924;144.227509;1836.071777;660.500366;-748.934875;1564.055298;394.836243;;;;;;
2503;0;-443.160248;2414.144043;771.956238;147.416046;2566.695068;742.125183;-102.529892;2198.654297;229.628281;143.057968;1840.373047;660.404541;-747.729858;1568.100464;394.872864;;;;;;
2504;0;-443.636047;2418.442871;771.924561;148.075363;2570.955811;741.842651;-102.710007;2203.306885;229.450439;141.87619;1844.618896;660.3349;-746.588257;1572.08374;394.866058;;;;;;
2505;0;-444.268097;2422.710693;771.827881;148.608627;2575.265137;741.59137;-102.9468;2207.872314;229.08876;140.63916;1848.896851;660.261108;-745.431641;1576.138306;394.915466;;;;;;
2506;0;-444.746948;2427.044922;771.778076;149.20343;2579.532227;741.311829;-103.185661;2212.519043;228.813354;139.370712;1853.196167;660.209412;-744.435791;1580.140137;394.90625;;;;;;
2507;0;-445.386353;2431.297852;771.629395;149.854233;2583.796631;741.019287;-103.39296;2217.115234;228.537567;138.285049;1857.459595;660.121948;-743.384033;1584.140137;394.924622;;;;;;
2508;0;-445.935059;2435.654297;771.614502;150.397736;2588.115479;740.753052;-103.624344;2221.842773;228.134415;137.020065;1861.761353;660.04834;-742.251587;1588.123413;395.009491;;;;;;
2509;0;-446.558716;2439.923096;771.530579;151.101624;2592.327148;740.441956;-103.909302;2226.595703;227.7771;135.819687;1866.018188;659.975525;-741.16156;1592.089233;395.038849;;;;;;
2510;0;-447.111267;2444.258545;771.510559;151.672424;2596.633545;740.182983;-104.144066;2231.134033;227.40004;134.668518;1870.290649;659.90332;-740.125427;1596.079834;395.173584;;;;;;
2511;0;-447.790039;2448.507324;771.445129;152.310196;2600.945068;739.931091;-104.46788;2235.918213;227.003296;133.430161;1874.578613;659.843567;-738.959534;1600.047729;395.216248;;;;;;
2512;0;-448.40271;2452.870361;771.436035;152.96315;2605.190186;739.655396;-104.716194;2240.588379;226.500488;132.262482;1878.924805;659.76178;-738.005005;1604.06958;395.336639;;;;;;
2513;0;-449.048706;2457.147461;771.390198;153.468445;2609.503906;739.470154;-104.943306;2245.262695;226.04808;131.105591;1883.227295;659.750244;-736.972168;1608.027588;395.46521;;;;;;
2514;0;-449.670776;2461.501709;771.399109;154.108902;2613.685791;739.162415;-105.235695;2249.983398;225.545471;129.846466;1887.545898;659.725159;-735.967102;1611.988037;395.654846;;;;;;
2515;0;-450.283234;2465.82373;771.364136;154.693207;2617.976562;738.917236;-105.570824;2254.654541;224.925522;128.658905;1891.811646;659.667297;-734.87439;1615.963745;395.675568;;;;;;
2516;0;-450.914551;2470.181396;771.379272;155.302521;2622.307373;738.680542;-105.866753;2259.25708;224.305145;127.521202;1896.172607;659.618591;-733.881042;1619.879883;395.81781;;;;;;
2517;0;-451.636444;2474.433105;771.264099;155.946121;2626.480713;738.35376;-106.107674;2264.043945;223.719574;126.316399;1900.466919;659.500305;-732.853943;1623.898682;395.902069;;;;;;
2518;0;-452.300385;2478.895508;771.319275;156.506531;2630.77417;738.160767;-106.449356;2268.6521;223.074524;125.125587;1904.73291;659.468811;-731.925354;1627.85022;396.035431;;;;;;
2519;0;-452.969086;2483.091553;771.222412;157.131332;2635.021729;737.847595;-106.716606;2273.314209;222.42543;123.906906;1909.103394;659.383972;-730.998413;1631.851074;396.148743;;;;;;
2520;0;-453.578796;2487.457764;771.246826;157.721405;2639.257812;737.599121;-106.956978;2278.01123;221.754074;122.7313;1913.401611;659.304321;-730.055054;1635.762207;396.232147;;;;;;
2521;0;-454.283295;2491.806396;771.168335;158.313324;2643.492188;737.324158;-107.28875;2282.696289;221.120728;121.542259;1917.713013;659.230652;-729.19696;1639.757568;396.356689;;;;;;
2522;0;-454.971069;2496.20874;771.216064;158.909836;2647.699951;737.030579;-107.679153;2287.337402;220.473984;120.377815;1922.007202;659.134399;-728.26416;1643.719849;396.468811;;;;;;
2523;0;-455.657013;2500.503906;771.141724;159.524643;2651.955566;736.803833;-107.876976;2292.002686;219.817535;119.189568;1926.337524;659.111694;-727.310181;1647.678589;396.467163;;;;;;
2524;0;-456.371399;2504.873535;771.140869;160.160599;2656.224609;736.552979;-108.191658;2296.696289;219.22757;118.034332;1930.642944;659.004578;-726.405762;1651.660278;396.588104;;;;;;
2525;0;-457.044037;2509.216064;771.09613;160.772919;2660.432861;736.291504;-108.535622;2301.341797;218.616745;116.895805;1934.984741;658.907043;-725.555481;1655.584961;396.713593;;;;;;
2526;0;-457.787292;2513.587891;771.072632;161.407791;2664.610107;736.03009;-108.77211;2305.999756;218.042358;115.732635;1939.298584;658.838135;-724.655029;1659.564697;396.655212;;;;;;
2527;0;-458.456207;2517.947998;771.016357;162.021759;2668.852295;735.776245;-109.088478;2310.705566;217.451019;114.513817;1943.662354;658.736755;-723.762207;1663.541138;396.735748;;;;;;
2528;0;-459.262726;2522.287842;770.993774;162.652832;2673.038086;735.536682;-109.411339;2315.441162;216.937012;113.38665;1947.994385;658.583435;-722.937439;1667.501221;396.798584;;;;;;
2529;0;-459.983032;2526.635498;770.958069;163.255035;2677.250977;735.307007;-109.632309;2320.010254;216.316422;112.24173;1952.324219;658.527832;-722.09906;1671.426147;396.873474;;;;;;
2530;0;-460.761871;2531.029785;770.895691;163.910599;2681.388672;735.035828;-109.957611;2324.730469;215.865921;111.082954;1956.699951;658.398438;-721.181274;1675.372192;396.914948;;;;;;
2531;0;-461.513123;2535.406006;770.880493;164.507874;2685.653809;734.861755;-110.36544;2329.39209;215.397018;109.965149;1961.052002;658.328186;-720.395203;1679.328369;396.964691;;;;;;
2532;0;-462.30365;2539.743164;770.853271;165.182358;2689.862305;734.646057;-110.650787;2334.070801;214.969467;108.84536;1965.370361;658.235657;-719.606506;1683.303955;397.054077;;;;;;
2533;0;-463.083832;2544.111572;770.775696;165.802765;2693.965576;734.412903;-110.905876;2338.699219;214.501984;107.766747;1969.721313;658.129639;-718.735168;1687.295898;397.105408;;;;;;
2534;0;-463.855957;2548.467773;770.703918;166.382355;2698.178467;734.225769;-111.232162;2343.347168;214.136292;106.683319;1974.066528;658.029907;-717.944824;1691.261108;397.181366;;;;;;
2535;0;-464.637115;2552.881836;770.601379;167.065308;2702.316406;733.985413;-111.467552;2347.934326;213.682571;105.604401;1978.404541;657.867554;-717.170898;1695.278687;397.217072;;;;;;
2536;0;-465.396515;2557.282471;770.560608;167.681778;2706.44873;733.758301;-111.745461;2352.541504;213.444626;104.585014;1982.777466;657.760315;-716.344604;1699.295532;397.284821;;;;;;
2537;0;-466.245819;2561.615967;770.437256;168.285233;2710.656982;733.549377;-112.022209;2357.130127;213.156952;103.529449;1987.101562;657.609375;-715.586487;1703.252075;397.475586;;;;;;
2538;0;-466.963104;2566.022217;770.398376;168.97348;2714.779785;733.351807;-112.17511;2361.736816;212.937393;102.494507;1991.45459;657.491577;-714.807556;1707.260742;397.578217;;;;;;
2539;0;-467.806793;2570.380859;770.296387;169.569901;2718.952148;733.205688;-112.376236;2366.388184;212.807602;101.478355;1995.84021;657.376892;-714.061279;1711.290527;397.742615;;;;;;
2540;0;-468.59906;2574.753174;770.2323;170.164734;2723.080566;733.037659;-112.599037;2371.005127;212.623718;100.512863;2000.253418;657.262573;-713.262146;1715.355713;397.816376;;;;;;
2541;0;-469.361389;2579.117676;770.152954;170.836014;2727.117432;732.833374;-112.884369;2375.60376;212.540192;99.53933;2004.578369;657.137024;-712.517761;1719.322388;397.904602;;;;;;
2542;0;-470.156738;2583.441162;770.024292;171.441849;2731.360596;732.704041;-113.045372;2380.272217;212.519791;98.598991;2008.927856;657.033386;-711.791626;1723.370972;398.073181;;;;;;
2543;0;-470.900848;2587.842529;769.986572;172.139374;2735.412109;732.471313;-113.315872;2384.873291;212.431061;97.698311;2013.287842;656.925354;-711.037292;1727.39856;398.204742;;;;;;
2544;0;-471.752777;2592.182617;769.843689;172.7668;2739.545166;732.355286;-113.506386;2389.537598;212.452042;96.790451;2017.67749;656.754272;-710.354431;1731.487671;398.261597;;;;;;
2545;0;-472.463989;2596.568848;769.75885;173.413269;2743.692139;732.162231;-113.777573;2394.179932;212.465271;95.911415;2022.047974;656.635986;-709.599182;1735.510254;398.337158;;;;;;
2546;0;-473.229706;2600.887695;769.5672;174.057083;2747.750732;731.985718;-113.968887;2398.790039;212.562759;95.016624;2026.451294;656.530029;-708.880127;1739.579834;398.4935;;;;;;
2547;0;-473.96405;2605.292236;769.538025;174.612381;2751.897217;731.792297;-114.228088;2403.414795;212.675949;94.194267;2030.835815;656.351074;-708.163147;1743.687988;398.577972;;;;;;
2548;0;-474.761322;2609.611328;769.371887;175.268311;2755.959961;731.609009;-114.454384;2407.967285;212.779953;93.346016;2035.205811;656.199036;-707.487549;1747.769287;398.676819;;;;;;
2549;0;-475.477997;2614.024658;769.308838;175.934097;2760.07251;731.471008;-114.662674;2412.59375;213.034576;92.573242;2039.575806;656.131775;-706.785156;1751.864624;398.800934;;;;;;
2550;0;-476.199097;2618.362793;769.132446;176.542465;2764.171387;731.25708;-114.860001;2417.23877;213.272049;91.770668;2043.99707;656.014221;-706.046875;1756.014038;398.892609;;;;;;
2551;0;-476.84613;2622.671143;769.008728;177.18689;2768.216553;731.092041;-115.081657;2421.812256;213.583725;91.058372;2048.328613;655.902832;-705.382446;1760.095825;399.089905;;;;;;
2552;0;-477.583801;2626.98877;768.912659;177.792786;2772.299561;730.943787;-115.245506;2426.374512;213.90448;90.318756;2052.705078;655.789185;-704.827881;1764.325317;399.184875;;;;;;
2553;0;-478.222382;2631.336914;768.798706;178.378342;2776.380859;730.724609;-115.462074;2431.070801;214.246948;89.610191;2057.093994;655.674805;-704.12738;1768.462402;399.298981;;;;;;
2554;0;-478.912354;2635.655518;768.760681;179.013214;2780.44043;730.564026;-115.65284;2435.670654;214.642899;88.908943;2061.48877;655.562256;-703.449219;1772.615234;399.490997;;;;;;
2555;0;-479.528442;2639.953613;768.62677;179.605881;2784.53125;730.399963;-115.862022;2440.370361;215.115021;88.283173;2065.82666;655.427734;-702.775269;1776.78186;399.562775;;;;;;
2556;0;-480.134583;2644.256592;768.572144;180.235184;2788.545898;730.177002;-116.157738;2445.016113;215.633469;87.630562;2070.233643;655.311157;-702.086243;1780.988403;399.728455;;;;;;
2557;0;-480.732117;2648.546875;768.477051;180.802933;2792.696289;730.057068;-116.343735;2449.561035;216.044617;86.989899;2074.586426;655.200745;-701.416626;1785.166138;399.848724;;;;;;
2558;0;-481.29953;2652.824219;768.47821;181.322357;2796.697021;729.892029;-116.582512;2454.268555;216.602249;86.402321;2078.97876;655.10376;-700.770874;1789.395996;399.94519;;;;;;
2559;0;-481.843445;2657.169189;768.431152;181.934464;2800.753662;729.719788;-116.861053;2458.92041;217.131958;85.811577;2083.328125;654.998352;-700.061707;1793.622314;400.082062;;;;;;
2560;0;-482.395569;2661.512939;768.461426;182.511536;2804.871826;729.604248;-117.143929;2463.523682;217.786285;85.237602;2087.710205;654.899292;-699.372498;1797.86792;400.116608;;;;;;
2561;0;-482.85611;2665.757324;768.415283;183.074448;2808.883545;729.421692;-117.421837;2468.253418;218.366806;84.727005;2092.085693;654.790955;-698.708618;1802.100586;400.329803;;;;;;
2562;0;-483.415283;2670.117432;768.427734;183.611877;2812.96582;729.279114;-117.712852;2472.799561;218.895279;84.183762;2096.470459;654.674866;-697.980896;1806.349121;400.344482;;;;;;
2563;0;-483.879303;2674.390625;768.38324;184.086227;2817.082764;729.167786;-117.950111;2477.491455;219.46344;83.711723;2100.87793;654.559753;-697.282166;1810.537354;400.41925;;;;;;
2564;0;-484.366943;2678.736328;768.420349;184.688614;2821.03125;728.974182;-118.313942;2482.133789;220.050125;83.210785;2105.216797;654.465332;-696.54718;1814.861694;400.555542;;;;;;
2565;0;-484.787689;2683.032959;768.45752;185.131805;2825.16333;728.862305;-118.619759;2486.756836;220.673691;82.721214;2109.608398;654.377808;-695.765198;1819.146973;400.652039;;;;;;
2566;0;-485.232788;2687.343262;768.49469;185.575699;2829.210938;728.708984;-118.959602;2491.336426;221.329636;82.298683;2113.953369;654.277405;-695.144165;1823.408813;400.719147;;;;;;
2567;0;-485.59668;2691.648193;768.540161;186.074783;2833.17749;728.574829;-119.292953;2496.014648;222.034424;81.85537;2118.365723;654.156799;-694.360657;1827.656616;400.772919;;;;;;
2568;0;-486.020813;2695.940674;768.619263;186.513885;2837.328857;728.441772;-119.552269;2500.69751;222.759796;81.435265;2122.708008;654.064209;-693.690063;1831.976196;400.881439;;;;;;
2569;0;-486.368866;2700.265869;768.719971;186.971725;2841.347168;728.285706;-119.881279;2505.230225;223.458908;80.988739;2127.096191;653.999023;-692.937195;1836.203247;400.944824;;;;;;
2570;0;-486.672211;2704.547852;768.773376;187.368256;2845.378418;728.157288;-120.168861;2509.911377;224.191498;80.685806;2131.444092;653.951233;-692.172546;1840.540039;401.041016;;;;;;
2571;0;-486.975739;2708.813477;768.83136;187.745972;2849.51123;728.002197;-120.424271;2514.503174;224.853012;80.351204;2135.766113;653.883911;-691.385437;1844.826416;401.118744;;;;;;
2572;0;-487.225372;2713.100098;768.977173;188.163055;2853.470947;727.843262;-120.718231;2519.10376;225.494675;79.976776;2140.146973;653.784302;-690.66156;1849.088989;401.160492;;;;;;
2573;0;-487.584839;2717.415527;769.008789;188.516052;2857.592041;727.674622;-120.959717;2523.801514;226.225616;79.579002;2144.505371;653.720215;-689.95282;1853.431519;401.24646;;;;;;
2574;0;-487.79184;2721.728027;769.09198;188.860794;2861.573242;727.461243;-121.242325;2528.428955;226.846817;79.244026;2148.874512;653.620056;-689.136475;1857.738892;401.325958;;;;;;
2575;0;-488.0383;2726.039307;769.196777;189.189774;2865.654053;727.305664;-121.506653;2533.061279;227.543839;78.944267;2153.220215;653.546143;-688.419983;1862.031982;401.379028;;;;;;
2576;0;-488.156982;2730.364502;769.292419;189.545624;2869.689209;727.109436;-121.676102;2537.71167;228.145996;78.673775;2157.55249;653.481262;-687.574707;1866.354248;401.362396;;;;;;
2577;0;-488.375427;2734.681152;769.326538;189.845093;2873.701172;726.928589;-122.043137;2542.318115;228.663559;78.39238;2161.864502;653.434387;-686.785217;1870.65918;401.457092;;;;;;
2578;0;-488.545319;2739.041748;769.411865;190.12674;2877.814697;726.808777;-122.199524;2546.928955;229.207565;78.051331;2166.231689;653.383423;-686.030334;1874.940674;401.477203;;;;;;
2579;0;-488.648102;2743.328369;769.461304;190.470169;2881.823975;726.620117;-122.410858;2551.601807;229.733688;77.834412;2170.57959;653.297302;-685.221191;1879.250244;401.549255;;;;;;
2580;0;-488.763489;2747.63916;769.520691;190.741226;2885.9104;726.471863;-122.709946;2556.188232;230.266785;77.593163;2174.918701;653.26825;-684.386841;1883.581787;401.615692;;;;;;
2581;0;-488.848511;2751.944824;769.490173;190.965332;2890.013672;726.273926;-122.887444;2560.872803;230.672577;77.365402;2179.280029;653.209717;-683.6297;1887.910645;401.627899;;;;;;
2582;0;-488.991028;2756.343506;769.514221;191.233978;2893.966553;726.022827;-123.146721;2565.515869;231.020813;77.077324;2183.575928;653.141602;-682.779358;1892.223267;401.712341;;;;;;
2583;0;-488.984436;2760.658691;769.572693;191.426285;2898.019531;725.880127;-123.337669;2570.068848;231.347137;76.881538;2187.962158;653.113831;-681.961731;1896.512817;401.780334;;;;;;
2584;0;-489.110321;2764.973389;769.559387;191.681976;2902.124756;725.741577;-123.571884;2574.776611;231.732773;76.624435;2192.2854;653.024841;-681.186035;1900.820923;401.796783;;;;;;
2585;0;-489.158081;2769.311523;769.543335;191.87236;2906.168945;725.599121;-123.828682;2579.41626;232.003784;76.404625;2196.628418;652.948608;-680.318481;1905.154053;401.801514;;;;;;
2586;0;-489.17218;2773.668213;769.504211;192.046829;2910.278564;725.443909;-124.056557;2584.026367;232.185028;76.235603;2200.945312;652.905579;-679.523743;1909.46936;401.893036;;;;;;
2587;0;-489.179932;2778.034668;769.53479;192.200073;2914.262939;725.296082;-124.316048;2588.67627;232.371216;76.002403;2205.280762;652.83667;-678.745422;1913.792358;401.885162;;;;;;
2588;0;-489.247833;2782.3125;769.413513;192.409058;2918.421875;725.141296;-124.512848;2593.266113;232.529251;75.882545;2209.621094;652.743896;-677.994324;1918.190552;401.884918;;;;;;
2589;0;-489.182129;2786.675781;769.435242;192.559113;2922.477783;725.020081;-124.599983;2597.92627;232.560349;75.691368;2213.956787;652.72345;-677.1651;1922.533447;401.965454;;;;;;
2590;0;-489.2052;2791.005859;769.375183;192.724045;2926.512207;724.859985;-124.822723;2602.532227;232.636993;75.49057;2218.305908;652.662964;-676.362488;1926.907227;401.893219;;;;;;
2591;0;-489.198761;2795.334229;769.363281;192.833557;2930.6521;724.745422;-125.072166;2607.097412;232.706924;75.330521;2222.630859;652.616394;-675.531067;1931.243042;401.909515;;;;;;
2592;0;-489.224915;2799.640381;769.339355;192.994354;2934.677979;724.585205;-125.156876;2611.759277;232.65155;75.178123;2226.934082;652.574036;-674.758728;1935.675415;401.987488;;;;;;
2593;0;-489.163635;2803.984375;769.279785;193.118011;2938.766357;724.434326;-125.426025;2616.378174;232.614563;74.949242;2231.259033;652.533752;-673.967285;1940.057617;401.973663;;;;;;
2594;0;-489.139618;2808.339355;769.317688;193.204224;2942.957031;724.284302;-125.594627;2620.928223;232.435852;74.781799;2235.627441;652.471924;-673.234863;1944.500732;401.919373;;;;;;
2595;0;-489.165283;2812.647461;769.215881;193.367874;2946.998535;724.121704;-125.698685;2625.569824;232.306366;74.689156;2239.92041;652.402466;-672.469971;1949.011719;401.932526;;;;;;
2596;0;-489.137085;2817.034668;769.251099;193.441147;2951.156738;723.927917;-125.956505;2630.275146;232.124023;74.550293;2244.215088;652.35553;-671.724976;1953.383545;401.933167;;;;;;
2597;0;-489.00827;2821.348633;769.193542;193.534012;2955.2771;723.740906;-126.234962;2634.803223;231.790924;74.459015;2248.488525;652.274719;-670.987183;1957.804688;401.921143;;;;;;
2598;0;-489.009674;2825.639648;769.200256;193.646606;2959.30542;723.530457;-126.398308;2639.407227;231.50856;74.322884;2252.806885;652.22876;-670.311951;1962.336304;402.045868;;;;;;
2599;0;-488.983337;2829.977295;769.199158;193.718903;2963.474854;723.377502;-126.687126;2644.044678;231.157608;74.205116;2257.165771;652.221313;-669.595825;1966.754028;401.969025;;;;;;
2600;0;-488.943207;2834.322754;769.182617;193.801712;2967.623291;723.192749;-126.917404;2648.693848;230.758286;74.077385;2261.477295;652.183594;-668.893982;1971.290527;401.957367;;;;;;
2601;0;-488.859375;2838.659912;769.186218;193.842453;2971.772705;723.024902;-127.095985;2653.306885;230.317795;73.945839;2265.791016;652.114441;-668.246399;1975.766235;401.966492;;;;;;
2602;0;-488.874268;2842.906738;769.144165;193.914642;2975.875977;722.85199;-127.39566;2657.990967;229.850403;73.805618;2270.101807;652.03302;-667.596619;1980.295532;401.969971;;;;;;
2603;0;-488.830292;2847.189941;769.124329;193.987717;2979.998535;722.606689;-127.685143;2662.644531;229.433411;73.665688;2274.421143;651.996216;-667.052673;1984.855347;401.970093;;;;;;
2604;0;-488.840515;2851.453613;769.036316;194.019958;2984.156738;722.414856;-127.975075;2667.244629;228.909958;73.561424;2278.776855;651.949219;-666.379211;1989.424805;401.989197;;;;;;
2605;0;-488.810608;2855.785156;769.070496;194.097763;2988.299072;722.258911;-128.181366;2671.907715;228.450378;73.442612;2283.037598;651.927979;-665.866821;1994.014893;402.070618;;;;;;
2606;0;-488.835602;2859.996826;769.001587;194.13147;2992.504883;722.055786;-128.426971;2676.604248;227.885803;73.340904;2287.336914;651.874512;-665.192566;1998.633667;402.087616;;;;;;
2607;0;-488.780762;2864.347656;769.060669;194.230423;2996.606445;721.858521;-128.743286;2681.231201;227.380051;73.231804;2291.664307;651.847412;-664.723267;2003.13208;402.147736;;;;;;
2608;0;-488.8367;2868.618408;768.998413;194.265091;3000.810791;721.687866;-128.968719;2685.904541;226.8452;73.122314;2295.995117;651.834412;-664.211121;2007.781738;402.178864;;;;;;
2609;0;-488.865143;2872.928711;768.976501;194.284164;3004.998779;721.482727;-129.258026;2690.572998;226.277618;72.926613;2300.249512;651.777771;-663.751831;2012.406128;402.154022;;;;;;
2610;0;-488.871399;2877.16626;768.977295;194.356125;3009.126465;721.30127;-129.576797;2695.236328;225.722946;72.847893;2304.608643;651.781494;-663.299194;2017.0448;402.200439;;;;;;
2611;0;-488.881165;2881.459473;768.952332;194.369995;3013.321533;721.118469;-129.82782;2699.813477;225.085266;72.708237;2308.975098;651.782959;-662.896057;2021.626465;402.263367;;;;;;
2612;0;-488.921478;2885.755615;768.93103;194.436127;3017.491699;720.900635;-130.013718;2704.626953;224.605164;72.585419;2313.301514;651.752258;-662.522278;2026.269897;402.330933;;;;;;
2613;0;-488.885895;2890.022461;768.867737;194.453232;3021.667969;720.743713;-130.385376;2709.195068;223.917145;72.49485;2317.602051;651.703003;-662.13031;2030.939087;402.420288;;;;;;
2614;0;-488.916656;2894.316406;768.855713;194.503189;3025.865723;720.537048;-130.661316;2713.864014;223.325317;72.352844;2321.889404;651.703125;-661.833557;2035.599976;402.436554;;;;;;
2615;0;-488.903961;2898.598877;768.782715;194.576019;3030.002197;720.340698;-130.930511;2718.487793;222.707367;72.215637;2326.180908;651.69397;-661.501404;2040.346436;402.437714;;;;;;
2616;0;-488.979248;2902.894287;768.751831;194.565186;3034.199951;720.172058;-131.282394;2723.107666;222.076965;72.090286;2330.51001;651.632446;-661.252075;2044.945923;402.464722;;;;;;
2617;0;-488.946014;2907.219971;768.644897;194.632431;3038.342773;719.964783;-131.470871;2727.749756;221.52002;71.918777;2334.882812;651.662903;-661.012329;2049.689209;402.486206;;;;;;
2618;0;-489.0242;2911.425293;768.562317;194.655975;3042.501953;719.777344;-131.782761;2732.374756;220.912262;71.827614;2339.156006;651.609009;-660.77594;2054.408447;402.511078;;;;;;
2619;0;-488.999146;2915.699707;768.46167;194.704834;3046.7146;719.615723;-132.078705;2736.966797;220.382828;71.62484;2343.441162;651.633728;-660.578186;2059.181641;402.620758;;;;;;
2620;0;-489.072296;2919.958496;768.303284;194.725037;3050.837891;719.425049;-132.384857;2741.474121;219.81427;71.477463;2347.769531;651.620972;-660.406555;2063.855713;402.661011;;;;;;
2621;0;-489.083771;2924.247803;768.23938;194.733017;3055.068848;719.230835;-132.706177;2746.058594;219.28241;71.341095;2352.099121;651.606689;-660.232361;2068.548096;402.636536;;;;;;
2622;0;-489.208984;2928.504883;768.097778;194.811478;3059.227783;719.028137;-133.00795;2750.600098;218.856964;71.209236;2356.393066;651.611145;-660.048157;2073.333496;402.669342;;;;;;
2623;0;-489.2164;2932.783203;767.986633;194.853378;3063.345947;718.858521;-133.281647;2755.102295;218.2957;71.012337;2360.681641;651.601257;-659.920776;2078.02124;402.674896;;;;;;
2624;0;-489.296997;2937.073242;767.856323;194.892517;3067.570312;718.662903;-133.567383;2759.656982;217.832581;70.857147;2364.993408;651.590759;-659.78595;2082.7854;402.666168;;;;;;
2625;0;-489.322418;2941.30957;767.716064;194.942322;3071.714355;718.459045;-133.781143;2764.141113;217.395935;70.729889;2369.322998;651.559021;-659.678345;2087.592773;402.679474;;;;;;
2626;0;-489.367096;2945.672363;767.634216;194.974625;3075.863037;718.253601;-134.097168;2768.519043;216.848679;70.566391;2373.578857;651.575378;-659.526672;2092.382568;402.6521;;;;;;
2627;0;-489.361053;2949.974609;767.446838;195.057755;3080.052002;718.053406;-134.265076;2772.990479;216.351959;70.418663;2377.875244;651.527771;-659.370178;2097.150391;402.581818;;;;;;
2628;0;-489.363708;2954.230957;767.300964;195.1082;3084.189697;717.863159;-134.531982;2777.439697;215.84227;70.220863;2382.269043;651.54364;-659.2547;2101.969482;402.547089;;;;;;
2629;0;-489.389801;2958.55127;767.159363;195.136658;3088.391357;717.685303;-134.714325;2781.858887;215.352142;70.066345;2386.532715;651.521851;-659.102112;2106.751709;402.465393;;;;;;
2630;0;-489.371796;2962.833496;766.998901;195.242889;3092.487793;717.456848;-135.018814;2786.218994;214.84845;69.863594;2390.833008;651.519226;-659.000916;2111.553223;402.383881;;;;;;
2631;0;-489.485321;2967.083252;766.831238;195.247391;3096.645996;717.241882;-135.205948;2790.587646;214.281891;69.642448;2395.146484;651.513184;-658.888855;2116.36084;402.294983;;;;;;
2632;0;-489.469879;2971.461914;766.730713;195.347778;3100.808838;717.063965;-135.449936;2795.017822;213.810059;69.449783;2399.456787;651.547668;-658.854614;2121.170166;402.253662;;;;;;
2633;0;-489.5242;2975.736084;766.546631;195.405563;3104.911621;716.874695;-135.675644;2799.290039;213.265884;69.277924;2403.713379;651.545227;-658.727478;2126.002686;402.1604;;;;;;
2634;0;-489.506073;2980.029541;766.393494;195.439331;3109.061035;716.63324;-135.874893;2803.719238;212.784836;69.121521;2408.025146;651.538208;-658.602173;2130.781738;402.036499;;;;;;
2635;0;-489.548706;2984.347168;766.197449;195.597351;3113.144043;716.413269;-136.070282;2808.076904;212.214844;68.97319;2412.358643;651.520447;-658.544189;2135.635986;401.948181;;;;;;
2636;0;-489.504791;2988.719727;766.022766;195.613297;3117.338135;716.187805;-136.264343;2812.411865;211.683182;68.801956;2416.661865;651.524414;-658.362976;2140.481445;401.821228;;;;;;
2637;0;-489.541321;2993.005371;765.840698;195.731277;3121.408691;715.975647;-136.465302;2816.798584;211.226532;68.562668;2420.974609;651.527832;-658.331848;2145.400635;401.760284;;;;;;
2638;0;-489.5383;2997.33252;765.585144;195.780899;3125.511719;715.703796;-136.700043;2821.119873;210.656082;68.377197;2425.256592;651.4823;-658.249268;2150.247559;401.648956;;;;;;
2639;0;-489.565247;3001.62085;765.392029;195.858963;3129.721924;715.44104;-136.834946;2825.537842;210.191422;68.155006;2429.602783;651.530518;-658.175781;2155.124512;401.527222;;;;;;
2640;0;-489.59549;3005.94043;765.14563;195.981537;3133.755615;715.153503;-136.984818;2829.915771;209.742752;67.951157;2433.885498;651.530273;-657.992554;2159.949219;401.391144;;;;;;
2641;0;-489.587982;3010.271973;764.929932;196.004196;3137.935547;714.875916;-137.227219;2834.171387;209.249176;67.786232;2438.16748;651.545837;-657.914795;2164.776855;401.253998;;;;;;
2642;0;-489.584625;3014.647949;764.738159;196.14299;3141.963135;714.584167;-137.330353;2838.610107;208.851547;67.581909;2442.516357;651.546875;-657.766907;2169.612793;401.142395;;;;;;
2643;0;-489.562561;3018.956055;764.505249;196.227203;3146.070068;714.280762;-137.399292;2842.957764;208.415909;67.415985;2446.862061;651.585266;-657.668335;2174.411377;401.038147;;;;;;
2644;0;-489.522217;3023.322266;764.298279;196.329742;3150.179443;713.973938;-137.619125;2847.291504;208.063202;67.210007;2451.106201;651.546814;-657.502441;2179.165527;400.86142;;;;;;
2645;0;-489.548615;3027.622559;764.051941;196.407974;3154.203857;713.639587;-137.705399;2851.677002;207.733948;66.967522;2455.405273;651.584229;-657.331055;2184.069092;400.791199;;;;;;
2646;0;-489.548279;3032.055176;763.837402;196.470245;3158.342285;713.309631;-137.805969;2856.039795;207.438461;66.72599;2459.760254;651.661377;-657.208679;2188.83667;400.725983;;;;;;
2647;0;-489.521118;3036.319336;763.620056;196.639618;3162.343994;712.965271;-137.890152;2860.48291;207.280197;66.543121;2464.092773;651.653931;-657.04187;2193.673828;400.61972;;;;;;
2648;0;-489.525635;3040.718994;763.456665;196.721985;3166.467529;712.603516;-137.942871;2864.906738;207.020935;66.323822;2468.375244;651.684753;-656.87384;2198.515381;400.488525;;;;;;
2649;0;-489.559692;3045.040527;763.172913;196.842697;3170.560059;712.250244;-138.032104;2869.317383;206.830536;66.116966;2472.72168;651.689514;-656.69635;2203.272461;400.403534;;;;;;
2650;0;-489.500885;3049.445557;762.980347;196.946365;3174.522461;711.85498;-138.052521;2873.692383;206.717728;65.935776;2477.049316;651.714417;-656.508423;2208.037109;400.337463;;;;;;
2651;0;-489.511719;3053.786133;762.693665;197.070099;3178.681641;711.505859;-138.072098;2878.192627;206.659271;65.754814;2481.327637;651.666077;-656.403442;2212.77832;400.281006;;;;;;
2652;0;-489.458679;3058.134277;762.460938;197.204529;3182.673828;711.093689;-138.228363;2882.67041;206.660217;65.503532;2485.676758;651.723328;-656.181152;2217.581055;400.234497;;;;;;
2653;0;-489.435181;3062.535645;762.219177;197.31131;3186.780518;710.688904;-138.218903;2887.16748;206.687286;65.29763;2489.988037;651.749939;-655.920349;2222.36499;400.222595;;;;;;
2654;0;-489.395142;3066.907471;762.016907;197.462463;3190.871582;710.305481;-138.238159;2891.679443;206.766006;65.126389;2494.328369;651.770447;-655.716248;2227.086426;400.11969;;;;;;
2655;0;-489.374481;3071.322754;761.748108;197.564102;3194.849121;709.884338;-138.185883;2896.161621;206.808075;64.895485;2498.654541;651.805969;-655.474426;2231.829834;400.093719;;;;;;
2656;0;-489.316559;3075.722412;761.571472;197.667908;3199.03833;709.445923;-138.217758;2900.716064;206.990707;64.699387;2503.026611;651.829895;-655.271301;2236.5625;400.090485;;;;;;
2657;0;-489.309875;3080.114746;761.344116;197.852921;3203.029785;709.044495;-138.220367;2905.167969;207.125336;64.505287;2507.306396;651.832275;-654.974915;2241.205322;400.068176;;;;;;
2658;0;-489.255646;3084.454346;761.090759;197.978653;3207.05957;708.625427;-138.200226;2909.682129;207.319046;64.238762;2511.626465;651.880554;-654.743103;2245.890381;400.104309;;;;;;
2659;0;-489.212311;3088.889648;760.922119;198.093521;3211.135986;708.228882;-138.182114;2914.234863;207.620377;64.116653;2515.997559;651.909546;-654.501038;2250.553711;399.999481;;;;;;
2660;0;-489.262207;3093.253662;760.713684;198.20433;3215.144287;707.77002;-138.169556;2918.758545;207.874878;63.88168;2520.320068;651.902283;-654.206421;2255.237793;400.036713;;;;;;
2661;0;-489.208557;3097.758057;760.560486;198.29837;3219.227051;707.367676;-138.140671;2923.335693;208.261627;63.718094;2524.630615;651.948975;-653.87262;2259.803711;399.95462;;;;;;
2662;0;-489.177765;3102.112061;760.3396;198.501602;3223.293945;706.97467;-138.12326;2927.885254;208.610931;63.502499;2528.947021;651.953125;-653.688599;2264.344727;399.975677;;;;;;
2663;0;-489.120361;3106.603516;760.138855;198.639389;3227.349609;706.553406;-138.020447;2932.39917;209.041412;63.319801;2533.299561;651.994995;-653.276672;2269.029541;400.007019;;;;;;
2664;0;-489.079498;3111.010742;759.942383;198.776154;3231.447266;706.135803;-137.903534;2936.917725;209.503876;63.199146;2537.604248;651.981689;-652.965698;2273.472656;399.924377;;;;;;
2665;0;-488.956726;3115.443115;759.683594;198.950974;3235.433838;705.729309;-137.793427;2941.452148;210.083832;62.981987;2541.98291;652.028503;-652.644958;2278.026855;399.89801;;;;;;
2666;0;-488.933655;3119.844971;759.492249;199.073944;3239.532959;705.330383;-137.709534;2946.052734;210.702454;62.805855;2546.300537;652.014404;-652.252502;2282.587646;399.751556;;;;;;
2667;0;-488.906158;3124.408447;759.381714;199.240051;3243.60376;704.947083;-137.668884;2950.581543;211.326965;62.637077;2550.630127;652.074402;-652.03241;2287.120361;399.839661;;;;;;
2668;0;-488.851898;3128.816895;759.198364;199.374313;3247.662354;704.546021;-137.587082;2955.040283;212.03186;62.432972;2554.999268;652.118774;-651.687988;2291.575928;399.799255;;;;;;
2669;0;-488.784668;3133.316406;759.061951;199.505753;3251.776611;704.151489;-137.476593;2959.546875;212.7948;62.280315;2559.304932;652.123596;-651.286499;2296.027588;399.733978;;;;;;
2670;0;-488.749207;3137.684326;758.854614;199.688812;3255.763428;703.770386;-137.412079;2964.021484;213.542709;62.091427;2563.654541;652.098816;-651.011169;2300.504395;399.675995;;;;;;
2671;0;-488.638855;3142.15332;758.694885;199.833145;3259.830811;703.398743;-137.316086;2968.540771;214.437241;61.922001;2568.020752;652.139282;-650.602356;2304.943115;399.618134;;;;;;
2672;0;-488.61264;3146.591309;758.607422;199.976822;3263.895752;703.026489;-137.184418;2972.951416;215.238663;61.777245;2572.35498;652.149231;-650.214844;2309.323975;399.587585;;;;;;
2673;0;-488.473328;3151.046875;758.483337;200.144257;3267.919678;702.689636;-137.088699;2977.414795;216.171585;61.62241;2576.687256;652.159912;-649.78772;2313.701904;399.512085;;;;;;
2674;0;-488.484741;3155.489502;758.322205;200.278854;3272.039551;702.34613;-137.039337;2981.874023;217.114731;61.439434;2581.06958;652.243103;-649.451172;2318.153564;399.465973;;;;;;
2675;0;-488.405334;3159.925049;758.237793;200.473145;3276.072021;702.006836;-136.940964;2986.248291;218.097656;61.352409;2585.410889;652.269775;-649.09552;2322.530762;399.414368;;;;;;
2676;0;-488.345978;3164.364258;758.085876;200.634094;3280.099609;701.64978;-136.76825;2990.672119;219.054337;61.166306;2589.773193;652.3125;-648.731812;2326.908203;399.414246;;;;;;
2677;0;-488.221924;3168.829346;757.987305;200.771225;3284.234131;701.337219;-136.699387;2995.07373;220.130783;61.051929;2594.102783;652.296021;-648.312744;2331.267822;399.328064;;;;;;
2678;0;-488.1633;3173.219238;757.800537;200.937241;3288.204834;700.997803;-136.530975;2999.406982;221.090485;60.880062;2598.46582;652.371399;-647.888611;2335.60498;399.276611;;;;;;
2679;0;-488.013062;3177.631836;757.608032;201.112579;3292.300049;700.701721;-136.396637;3003.711182;222.11528;60.721783;2602.802002;652.363464;-647.543457;2339.960205;399.297485;;;;;;
2680;0;-487.973694;3182.081543;757.473999;201.234604;3296.425537;700.385681;-136.2621;3008.082031;223.192368;60.604633;2607.168457;652.425964;-647.153015;2344.270508;399.246368;;;;;;
2681;0;-487.891052;3186.433105;757.284119;201.392807;3300.390381;700.062744;-136.069046;3012.403564;224.250992;60.399929;2611.516357;652.451233;-646.809448;2348.637695;399.228455;;;;;;
2682;0;-487.848755;3190.849854;757.16571;201.542847;3304.519043;699.765442;-135.960938;3016.740967;225.307358;60.281956;2615.90332;652.457214;-646.398865;2352.97583;399.234711;;;;;;
2683;0;-487.704681;3195.246582;756.95929;201.737076;3308.598389;699.466064;-135.766129;3021.083252;226.293472;60.171158;2620.241699;652.495178;-646.013062;2357.279297;399.254425;;;;;;
2684;0;-487.66214;3199.540771;756.767212;201.846741;3312.606934;699.177734;-135.563095;3025.322266;227.313278;60.028492;2624.615234;652.506653;-645.654297;2361.612549;399.212921;;;;;;
2685;0;-487.544647;3203.96582;756.587219;202.04512;3316.737305;698.892822;-135.34787;3029.646729;228.306793;59.956402;2628.992188;652.534668;-645.24939;2365.967773;399.244843;;;;;;
2686;0;-487.467773;3208.293701;756.404236;202.219025;3320.798096;698.619812;-135.162613;3033.905029;229.286987;59.818577;2633.375488;652.591187;-644.900696;2370.26709;399.232086;;;;;;
2687;0;-487.387939;3212.673828;756.240784;202.372864;3324.847412;698.329712;-135.002945;3038.053223;230.178513;59.689419;2637.696533;652.574951;-644.477051;2374.549805;399.242798;;;;;;
2688;0;-487.323822;3217.010742;756.057556;202.547501;3328.943115;698.071045;-134.732529;3042.348877;231.035126;59.601513;2642.096191;652.619629;-644.151062;2378.875;399.283997;;;;;;
2689;0;-487.27179;3221.387451;755.881958;202.709946;3333.03125;697.793335;-134.521393;3046.529785;231.764053;59.481781;2646.419678;652.633484;-643.796143;2383.222656;399.298859;;;;;;
2690;0;-487.236725;3225.661621;755.713379;202.944717;3337.092285;697.539856;-134.295715;3050.665771;232.569946;59.394173;2650.711426;652.644043;-643.441223;2387.487305;399.32605;;;;;;
2691;0;-487.160889;3229.99707;755.544739;203.141098;3341.179688;697.273315;-134.039734;3054.905762;233.310165;59.313774;2655.148926;652.717712;-643.087036;2391.792725;399.302826;;;;;;
2692;0;-487.063324;3234.311035;755.404602;203.322311;3345.291504;697.02417;-133.727951;3059.115723;233.94368;59.222088;2659.462402;652.708679;-642.725586;2396.12915;399.277313;;;;;;
2693;0;-487.035706;3238.616699;755.281433;203.583725;3349.295654;696.819519;-133.507782;3063.244141;234.541061;59.199406;2663.864258;652.794556;-642.341553;2400.433838;399.282623;;;;;;
2694;0;-486.983826;3242.924561;755.15033;203.81337;3353.394531;696.547363;-133.191681;3067.484131;235.113113;59.096981;2668.267578;652.774597;-641.963562;2404.79541;399.272797;;;;;;
2695;0;-486.972687;3247.273682;755.02063;204.008026;3357.525879;696.340942;-132.924637;3071.650879;235.578293;59.020702;2672.558838;652.821899;-641.662964;2409.087646;399.213715;;;;;;
2696;0;-486.975342;3251.555664;754.942383;204.275711;3361.570068;696.125854;-132.613174;3075.834717;235.980362;59.031601;2676.972168;652.760376;-641.338074;2413.371582;399.165894;;;;;;
2697;0;-487.019714;3255.862061;754.809937;204.51709;3365.699707;695.898682;-132.403641;3079.993652;236.332764;58.935429;2681.310303;652.836609;-640.975586;2417.631348;399.156555;;;;;;
2698;0;-486.92215;3260.203369;754.712158;204.798859;3369.769287;695.719971;-132.022537;3084.163574;236.678711;58.832321;2685.635742;652.84967;-640.587952;2421.961914;399.064545;;;;;;
2699;0;-486.968506;3264.442627;754.640869;205.087753;3373.868408;695.538696;-131.80336;3088.321289;236.942245;58.817322;2690.055908;652.897949;-640.310059;2426.281006;399.07132;;;;;;
2700;0;-486.957458;3268.730713;754.554565;205.368042;3377.992432;695.36908;-131.497162;3092.511963;237.222366;58.73455;2694.38208;652.919312;-639.973511;2430.56958;398.973267;;;;;;
2701;0;-486.98175;3273.054688;754.482544;205.697083;3382.053223;695.20343;-131.200806;3096.686523;237.341431;58.674206;2698.78833;652.947876;-639.683899;2434.887207;398.85965;;;;;;
2702;0;-486.98407;3277.354248;754.371033;206.022324;3386.159424;695.046692;-130.928284;3100.835938;237.454132;58.677845;2703.130127;652.952515;-639.404785;2439.186523;398.838867;;;;;;
2703;0;-487.013977;3281.633301;754.296997;206.398224;3390.212158;694.895874;-130.642136;3104.969482;237.503082;58.592014;2707.500977;653.004456;-639.050476;2443.41626;398.728943;;;;;;
2704;0;-487.002228;3285.953857;754.19873;206.76973;3394.312256;694.758301;-130.343628;3109.182373;237.560333;58.565201;2711.876953;652.976501;-638.7052;2447.708984;398.599213;;;;;;
2705;0;-487.056091;3290.249023;754.129333;207.150101;3398.440918;694.639771;-130.070724;3113.316406;237.587921;58.548679;2716.229492;653.053162;-638.332764;2451.968018;398.425446;;;;;;
2706;0;-487.128815;3294.514648;754.022949;207.540512;3402.538086;694.55481;-129.801376;3117.479004;237.546722;58.476807;2720.612061;653.074463;-638.038818;2456.234863;398.369354;;;;;;
2707;0;-487.142426;3298.813965;753.962341;207.958893;3406.646729;694.464355;-129.449768;3121.782471;237.567261;58.469864;2725.017578;653.112427;-637.726501;2460.556152;398.227692;;;;;;
2708;0;-487.225098;3303.105469;753.828735;208.404648;3410.717529;694.341919;-129.244873;3125.874756;237.471649;58.431141;2729.349609;653.12262;-637.455139;2464.757812;398.10434;;;;;;
2709;0;-487.27179;3307.44458;753.744751;208.869507;3414.82251;694.255859;-128.932144;3130.036133;237.347641;58.347492;2733.744385;653.181152;-637.157227;2469.018799;397.922791;;;;;;
2710;0;-487.380493;3311.690918;753.619751;209.309082;3418.970215;694.178955;-128.628922;3134.319824;237.26062;58.36771;2738.119873;653.169006;-636.869873;2473.254395;397.766052;;;;;;
2711;0;-487.394348;3316.036865;753.556824;209.823486;3423.005371;694.061462;-128.299957;3138.561523;237.126617;58.373405;2742.458496;653.220337;-636.602661;2477.497803;397.60968;;;;;;
2712;0;-487.501709;3320.265869;753.46051;210.30954;3427.094727;693.992249;-128.019836;3142.712158;236.947479;58.313374;2746.851074;653.251221;-636.380127;2481.711182;397.474304;;;;;;
2713;0;-487.585297;3324.587646;753.361145;210.846222;3431.208008;693.932861;-127.751144;3146.977783;236.76828;58.333038;2751.215576;653.266785;-636.145752;2485.96875;397.305328;;;;;;
2714;0;-487.650482;3328.848877;753.29834;211.374451;3435.25708;693.910339;-127.442924;3151.208252;236.598221;58.265011;2755.552979;653.357605;-635.90155;2490.137939;397.195648;;;;;;
2715;0;-487.741974;3333.167969;753.206726;211.906311;3439.403809;693.826965;-127.115685;3155.510986;236.404724;58.231876;2759.928467;653.368225;-635.774841;2494.333496;397.105927;;;;;;
2716;0;-487.844055;3337.486084;753.143982;212.463516;3443.43457;693.758118;-126.843109;3159.763672;236.093506;58.207821;2764.305908;653.411987;-635.559998;2498.522461;397.027557;;;;;;
2717;0;-487.93811;3341.771729;753.028992;213.028625;3447.555176;693.729248;-126.500237;3164.011719;235.889603;58.183392;2768.659912;653.464111;-635.411499;2502.67749;396.919556;;;;;;
2718;0;-487.999512;3346.08667;752.978271;213.666031;3451.617432;693.655579;-126.235741;3168.275391;235.520035;58.165073;2772.998047;653.484375;-635.26947;2506.846924;396.902374;;;;;;
2719;0;-488.115814;3350.391846;752.897156;214.240265;3455.730713;693.610352;-125.894264;3172.506104;235.221756;58.193848;2777.378418;653.505127;-635.118835;2511.006592;396.8013;;;;;;
2720;0;-488.220673;3354.75;752.833557;214.861465;3459.820801;693.594849;-125.60788;3176.814453;234.957809;58.166759;2781.735352;653.592651;-635.012573;2515.116211;396.796082;;;;;;
2721;0;-488.286804;3359.061035;752.740173;215.54509;3463.878906;693.52179;-125.307274;3181.154541;234.618927;58.177082;2786.075439;653.610474;-634.834717;2519.302979;396.807465;;;;;;
2722;0;-488.39447;3363.446777;752.67627;216.169785;3468.005859;693.508179;-124.98632;3185.463379;234.296799;58.144184;2790.479004;653.68512;-634.773682;2523.441162;396.823669;;;;;;
2723;0;-488.50061;3367.75415;752.611023;216.910904;3472.112549;693.428711;-124.66259;3189.731445;233.933823;58.145554;2794.797119;653.692566;-634.661255;2527.568115;396.774872;;;;;;
2724;0;-488.586792;3372.112793;752.552612;217.552948;3476.175049;693.373901;-124.369904;3193.992432;233.481262;58.182518;2799.209473;653.758057;-634.550354;2531.724121;396.813995;;;;;;
2725;0;-488.732727;3376.419678;752.471008;218.23143;3480.248779;693.348572;-123.945938;3198.248779;233.377838;58.203918;2803.537109;653.768127;-634.518494;2535.903809;396.790314;;;;;;
2726;0;-488.812775;3380.808838;752.399048;218.939636;3484.268311;693.265747;-123.72789;3202.560059;233.011902;58.152138;2807.907471;653.866516;-634.490479;2540.008057;396.760803;;;;;;
2727;0;-488.979218;3385.16333;752.371277;219.65126;3488.41748;693.245911;-123.44989;3206.80957;232.566208;58.190453;2812.227783;653.895447;-634.400024;2544.153809;396.738953;;;;;;
2728;0;-489.100586;3389.563477;752.282471;220.43161;3492.42334;693.139404;-123.212524;3211.114014;232.293121;58.16983;2816.58252;654.000488;-634.375916;2548.285645;396.703949;;;;;;
2729;0;-489.206116;3393.929932;752.234253;221.102875;3496.545654;693.054138;-122.871353;3215.424072;231.983887;58.176113;2820.955322;653.995483;-634.34082;2552.392334;396.623749;;;;;;
2730;0;-489.294189;3398.368652;752.188232;221.918182;3500.647461;692.975952;-122.585625;3219.690674;231.733124;58.208355;2825.324707;654.081116;-634.296936;2556.560791;396.540955;;;;;;
2731;0;-489.354034;3402.707764;752.106689;222.671066;3504.664551;692.884155;-122.237617;3224.038574;231.490112;58.222122;2829.656494;654.098938;-634.269592;2560.712891;396.558685;;;;;;
2732;0;-489.481659;3407.148926;752.064514;223.44902;3508.830322;692.766479;-122.009247;3228.298584;231.235672;58.224442;2834.035645;654.192444;-634.309082;2564.862061;396.507996;;;;;;
2733;0;-489.590424;3411.555664;752.05249;224.197235;3512.812744;692.637207;-121.656975;3232.598389;230.995422;58.272381;2838.334473;654.213257;-634.289551;2568.947998;396.459106;;;;;;
2734;0;-489.701202;3415.942139;752.013855;224.975052;3516.939209;692.541382;-121.350914;3236.89209;230.787338;58.280029;2842.713135;654.290161;-634.369141;2573.149902;396.459229;;;;;;
2735;0;-489.771576;3420.432861;751.988037;225.823517;3521.040039;692.418762;-121.09716;3241.174072;230.627716;58.31348;2847.000244;654.278931;-634.406616;2577.293213;396.427521;;;;;;
2736;0;-489.893188;3424.80542;751.922791;226.531631;3525.136475;692.238403;-120.812576;3245.418213;230.344559;58.367393;2851.328369;654.356812;-634.502441;2581.468018;396.413605;;;;;;
2737;0;-489.896423;3429.279053;751.918579;227.352737;3529.169189;692.091064;-120.461281;3249.646484;230.204056;58.366234;2855.629639;654.401245;-634.599854;2585.649902;396.412537;;;;;;
2738;0;-490.007721;3433.665039;751.880005;228.096039;3533.280762;691.920776;-120.199715;3253.960938;230.092377;58.421658;2859.990967;654.446472;-634.736572;2589.792725;396.39566;;;;;;
2739;0;-490.064148;3438.123779;751.844849;228.890335;3537.356201;691.723267;-119.827957;3258.241943;229.990036;58.477505;2864.359375;654.494934;-634.905945;2593.992676;396.456146;;;;;;
2740;0;-490.184143;3442.576904;751.830078;229.669479;3541.410889;691.548767;-119.507866;3262.48291;229.914001;58.50663;2868.686279;654.573975;-635.037964;2598.223877;396.502808;;;;;;
2741;0;-490.206329;3447.021973;751.824524;230.411682;3545.548828;691.338928;-119.300583;3266.714111;229.700409;58.580883;2873.018066;654.59906;-635.276062;2602.449707;396.646942;-95.425667;3265.576172;226.168594;;;
2742;0;-490.267181;3451.423096;751.788635;231.18103;3549.532471;691.149963;-118.956635;3270.980957;229.61618;58.656418;2877.346436;654.667603;-635.442505;2606.68335;396.729126;;;;;;
2743;0;-490.289917;3455.881836;751.732727;231.952682;3553.651855;690.934082;-118.671661;3275.20752;229.492355;58.726711;2881.640625;654.672974;-635.673157;2610.888916;396.791962;;;;-91.069237;3274.715332;226.621872
2744;0;-490.365967;3460.319824;751.753723;232.72374;3557.748535;690.740845;-118.424042;3279.508545;229.422699;58.81464;2886.003662;654.775757;-635.872742;2615.137939;396.881989;;;;;;
2745;0;-490.38266;3464.762695;751.690063;233.479858;3561.809814;690.522522;-118.103302;3283.754883;229.352631;58.830349;2890.244141;654.778503;-636.185669;2619.345459;397.043182;;;;;;
2746;0;-490.474823;3469.198242;751.694336;234.227951;3565.77002;690.31366;-117.833817;3287.973145;229.238495;58.862442;2894.485352;654.88324;-636.408997;2623.549561;397.165924;;;;;;
2747;0;-490.482178;3473.660645;751.656921;234.88916;3569.809326;690.096924;-117.615761;3292.199219;229.19104;58.971474;2898.647217;654.882935;-636.726135;2627.625244;397.359711;;;;;;
2748;0;-490.545654;3478.018555;751.626831;235.630417;3573.735352;689.878357;-117.309639;3296.336426;229.117737;59.041916;2902.77832;654.971802;-637.037842;2631.768799;397.516052;;;;;;
2749;0;-490.543182;3482.428711;751.632568;236.286392;3577.594238;689.713013;-117.046539;3300.50415;229.004868;59.164124;2906.851318;655.032898;-637.382324;2635.764404;397.72467;;;;;;
2750;0;-490.60141;3486.746582;751.595032;237.037079;3581.442383;689.58728;-116.875458;3304.555908;228.819122;59.248734;2910.906738;655.140442;-637.704224;2639.822021;397.962006;;;;;;
2751;0;-490.600464;3491.036865;751.616272;237.690887;3585.220703;689.4198;-116.590439;3308.615234;228.724915;59.306477;2914.851562;655.212952;-638.04425;2643.81543;398.221497;;;;;;
2752;0;-490.647552;3495.307373;751.625549;238.270462;3589.093994;689.342957;-116.372925;3312.584717;228.677689;59.419006;2918.837646;655.37915;-638.439331;2647.714355;398.510345;;;;;;
2753;0;-490.693115;3499.490234;751.633118;238.998825;3592.727783;689.28595;-116.221642;3316.432861;228.580475;59.541542;2922.713379;655.49353;-638.797241;2651.674316;398.880371;;;;;;
2754;0;-490.758667;3503.626953;751.639893;239.601364;3596.343262;689.242432;-116.02729;3320.344727;228.6091;59.639957;2926.537842;655.642517;-639.253784;2655.387939;399.189514;;;;;;
2755;0;-490.78067;3507.734131;751.69812;240.180786;3599.942139;689.254578;-115.804276;3324.118408;228.445328;59.733643;2930.262695;655.805725;-639.701233;2659.176514;399.625946;;;;;;
2756;0;-490.841248;3511.763672;751.765625;240.818756;3603.429932;689.321777;-115.63932;3327.83374;228.463074;59.825333;2933.938477;655.961853;-640.168091;2662.881348;400.11496;;;;;;
2757;0;-490.838287;3515.712646;751.812012;241.41243;3606.812988;689.380859;-115.511566;3331.453857;228.411545;59.906021;2937.479248;656.196838;-640.562073;2666.413818;400.554443;;;;;;
2758;0;-490.868042;3519.564209;751.892334;241.990952;3610.164062;689.531982;-115.28476;3335.130371;228.440613;60.012096;2940.962402;656.419006;-640.952271;2669.971436;401.125275;;;;;;
2759;0;-490.852448;3523.376221;751.999023;242.532349;3613.441406;689.710144;-115.200348;3338.61792;228.524536;60.130623;2944.300049;656.645447;-641.428772;2673.409424;401.674133;;;;;;
2760;0;-490.932953;3527.119385;752.122742;243.049744;3616.525879;689.940491;-115.035042;3341.983643;228.46138;60.253384;2947.554199;656.839722;-641.826172;2676.699219;402.233063;;;;;;
2761;0;-490.917877;3530.773682;752.304504;243.531326;3619.5896;690.228271;-114.967834;3345.356201;228.598648;60.447678;2950.675537;657.135864;-642.313171;2679.911377;402.901215;;;;;;
2762;0;-490.976471;3534.299072;752.454651;244.055374;3622.519043;690.527283;-114.740494;3348.669189;228.707336;60.532558;2953.764648;657.35437;-642.642029;2683.111816;403.513977;;;;;;
2763;0;-490.981537;3537.761475;752.615051;244.515305;3625.260498;690.873901;-114.710083;3351.722656;228.807709;60.723804;2956.694336;657.623047;-643.062256;2686.035889;404.181244;;;;;;
2764;0;-491.095856;3541.063232;752.750366;244.974869;3627.980713;691.252441;-114.603218;3354.831543;228.992691;60.828995;2959.437744;657.830627;-643.434265;2688.928955;404.797821;;;;;;
2765;0;-491.115906;3544.338623;752.984924;245.432571;3630.532471;691.649414;-114.454407;3357.682861;228.990875;61.006641;2962.14624;658.047913;-643.858337;2691.658447;405.469757;;;;;;
2766;0;-491.219177;3547.364258;753.154968;245.80864;3632.974365;692.113464;-114.376923;3360.440674;229.115921;61.10981;2964.756836;658.360901;-644.248901;2694.324463;406.158478;;;;;;
2767;0;-491.253357;3550.336914;753.364563;246.227844;3635.291992;692.632751;-114.299934;3363.115234;229.338715;61.249504;2967.151855;658.537598;-644.660156;2696.836182;406.819183;;;;;;
2768;0;-491.35376;3553.253174;753.656494;246.630493;3637.44873;693.13385;-114.311516;3365.630615;229.428192;61.413937;2969.469482;658.824768;-645.00946;2699.326416;407.557861;;;;;;
2769;0;-491.36731;3555.977783;753.887146;246.983109;3639.582275;693.717041;-114.266121;3368.07373;229.663925;61.572533;2971.735352;659.128479;-645.339233;2701.625977;408.221619;;;;;;
2770;0;-491.510498;3558.597168;754.174011;247.354065;3641.564697;694.321106;-114.17083;3370.407959;229.926743;61.706863;2973.750732;659.315369;-645.735168;2703.850342;408.991516;;;;;;
2771;0;-491.550507;3561.070801;754.466309;247.694611;3643.384521;694.931763;-114.224472;3372.462402;230.081833;61.886959;2975.748047;659.573486;-646.009644;2705.84668;409.630646;;;;;;
2772;0;-491.656281;3563.463867;754.702515;247.996429;3645.182861;695.62146;-114.255638;3374.529297;230.327393;62.058636;2977.611816;659.812256;-646.383179;2707.827148;410.370117;;;;;;
2773;0;-491.765015;3565.719238;755.036926;248.271194;3646.77417;696.256714;-114.179161;3376.446533;230.600677;62.191196;2979.284668;660.057434;-646.63324;2709.659424;411.06543;;;;;;
2774;0;-491.864594;3567.865234;755.347168;248.539032;3648.183838;696.984314;-114.220695;3378.264648;230.86615;62.374931;2980.929443;660.255249;-646.980408;2711.364014;411.805878;;;;;;
2775;0;-491.931396;3569.88623;755.661682;248.758438;3649.536865;697.703979;-114.336777;3379.910156;231.134384;62.552811;2982.406738;660.450317;-647.248596;2712.9375;412.53595;;;;;;
2776;0;-492.070557;3571.781006;755.930969;248.978149;3650.7771;698.444519;-114.43457;3381.429443;231.408737;62.688;2983.772217;660.740112;-647.549988;2714.407959;413.286163;;;;;;
2777;0;-492.191986;3573.527832;756.253723;249.208405;3651.893066;699.196838;-114.477531;3382.862549;231.715149;62.805599;2985;660.956604;-647.826172;2715.720215;414.007568;;;;;;
2778;0;-492.3703;3575.21167;756.569397;249.357193;3652.927246;699.950378;-114.627121;3384.112793;231.947113;63.035198;2986.154541;661.129272;-648.067993;2716.877197;414.677856;;;;;;
2779;0;-492.426941;3576.745605;756.897461;249.591309;3653.769043;700.734253;-114.740562;3385.228027;232.15976;63.222721;2987.131104;661.31665;-648.272949;2717.973877;415.466919;;;;;;
2780;0;-492.628204;3578.103516;757.200073;249.708298;3654.549561;701.536255;-114.80825;3386.298828;232.519577;63.429237;2987.97583;661.466125;-648.508911;2718.921875;416.216309;;;;;;
2781;0;-492.730408;3579.446289;757.544128;249.863495;3655.225342;702.323486;-114.920021;3387.235596;232.907135;63.599728;2988.752441;661.657532;-648.646362;2719.735596;416.945831;;;;;;
2782;0;-492.910858;3580.588867;757.831238;249.994339;3655.72583;703.079285;-115.114822;3388.037354;233.263565;63.760422;2989.405273;661.864563;-648.907349;2720.429932;417.627625;;;;;;
2783;0;-493.03537;3581.666016;758.205933;250.068695;3656.226318;703.86322;-115.307281;3388.597168;233.510452;63.956806;2989.928223;661.995544;-649.031799;2721.011719;418.354523;;;;;;
2784;0;-493.249512;3582.533203;758.467163;250.186737;3656.415527;704.642517;-115.480118;3389.147217;233.825684;64.116234;2990.359375;662.139099;-649.191956;2721.401611;419.056549;;;;;;
2785;0;-493.383301;3583.374268;758.801086;250.234421;3656.685791;705.365112;-115.647049;3389.539062;234.166748;64.352898;2990.66333;662.292053;-649.288025;2721.749023;419.734222;;;;;;
2786;0;-493.581116;3584.050781;759.131775;250.297729;3656.832031;706.140869;-115.913071;3389.822754;234.635406;64.530136;2990.83252;662.419495;-649.407288;2721.940674;420.417542;;;;;;
2787;0;-493.744781;3584.608887;759.437988;250.344635;3656.777588;706.859863;-116.171303;3390.047363;235.09198;64.735542;2990.931396;662.541992;-649.512024;2722.029541;421.120392;;;;;;
2788;0;-493.950897;3585.08374;759.755005;250.36142;3656.724121;707.569641;-116.435089;3390.12915;235.506485;64.911858;2990.94458;662.655823;-649.596497;2722.025635;421.822449;;;;;;
2789;0;-494.09549;3585.456299;760.096985;250.383438;3656.558594;708.322144;-116.725647;3390.12085;235.855087;65.070145;2990.802979;662.781555;-649.645996;2721.884521;422.528107;;;;;;
2790;0;-494.338867;3585.691895;760.36853;250.362305;3656.314697;708.99707;-116.966377;3390.019775;236.233841;65.281067;2990.602051;662.900574;-649.788513;2721.648193;423.134308;;;;;;
2791;0;-494.485748;3585.873535;760.722473;250.351334;3655.934082;709.654114;-117.339294;3389.770752;236.684265;65.471527;2990.297852;662.973267;-649.776367;2721.3125;423.7901;;;;;;
2792;0;-494.731323;3585.899414;761.00415;250.284698;3655.542236;710.326111;-117.603279;3389.491943;237.161209;65.671623;2989.917725;663.071472;-649.779236;2720.858398;424.362488;;;;;;
2793;0;-494.904327;3585.83667;761.314697;250.265427;3655.016357;710.966309;-117.803841;3389.133789;237.610886;65.870392;2989.415283;663.157288;-649.832642;2720.251465;424.973114;;;;;;
2794;0;-495.176208;3585.663818;761.60968;250.188675;3654.428223;711.592224;-118.030785;3388.736572;238.106949;66.064629;2988.849854;663.232544;-649.858765;2719.61792;425.570801;;;;;;
2795;0;-495.355316;3585.425049;761.91217;250.066284;3653.853271;712.212769;-118.337288;3388.177979;238.601501;66.230461;2988.197998;663.318542;-649.889526;2718.796875;426.11203;;;;;;
2796;0;-495.68042;3585.065186;762.195312;250.059509;3652.97876;712.778687;-118.656334;3387.525635;239.032211;66.429878;2987.468506;663.427673;-649.864014;2718.000977;426.630035;;;;;;
2797;0;-495.854889;3584.692383;762.558655;249.970306;3652.210449;713.392029;-118.871399;3386.785156;239.520386;66.614479;2986.718018;663.509216;-649.876709;2717.019287;427.22052;;;;;;
2798;0;-496.160828;3584.175293;762.846619;249.882065;3651.267334;713.948608;-119.133461;3386.010498;240.006958;66.827911;2985.785156;663.559998;-649.818542;2715.968262;427.701874;;;;;;
2799;0;-496.317841;3583.546875;763.117065;249.655548;3650.464355;714.518494;-119.358948;3385.168701;240.548843;67.011627;2984.85498;663.614075;-649.805298;2714.879883;428.264343;;;;;;
2800;0;-496.58316;3582.906738;763.434998;249.619507;3649.431885;715.03479;-119.655174;3384.162354;241.037521;67.20092;2983.815186;663.70752;-649.694458;2713.604492;428.666962;;;;;;
2801;0;-496.816528;3582.136475;763.748413;249.518417;3648.247803;715.443054;-119.835342;3383.144287;241.620056;67.366684;2982.749268;663.756287;-649.681396;2712.337646;429.117157;;;;;;
2802;0;-497.137268;3581.28125;764.018494;249.465714;3647.050049;715.875916;-120.128334;3382.07373;242.255478;67.517761;2981.602783;663.794739;-649.601013;2710.968994;429.56424;;;;;;
2803;0;-497.340851;3580.408691;764.312073;249.290039;3645.855469;716.333557;-120.381439;3380.935303;242.820099;67.70118;2980.329346;663.815979;-649.530457;2709.525635;429.938507;;;;;;
2804;0;-497.679657;3579.416016;764.578064;249.158081;3644.598389;716.695618;-120.585297;3379.74292;243.483261;67.886734;2979.077637;663.879395;-649.473755;2707.993896;430.33136;;;;;;
2805;0;-497.853912;3578.386719;764.888428;249.000305;3643.364502;717.134094;-120.797813;3378.4375;244.105453;68.07756;2977.785156;663.9375;-649.366821;2706.4021;430.667267;;;;;;
2806;0;-498.189514;3577.320312;765.175537;248.820816;3642.019043;717.475098;-121.056343;3377.085205;244.714935;68.23703;2976.381592;663.966919;-649.272827;2704.713867;431.06543;;;;;;
2807;0;-498.369965;3576.151855;765.443237;248.641235;3640.654785;717.809143;-121.255875;3375.684814;245.343521;68.430283;2974.95874;664.010925;-649.180298;2703.023193;431.404449;;;;;;
2808;0;-498.698578;3574.922607;765.707458;248.481369;3639.301025;718.175293;-121.362099;3374.222168;246.036514;68.593338;2973.487549;664.033447;-649.017456;2701.2854;431.769836;;;;;;
2809;0;-498.910614;3573.661621;765.997925;248.293686;3637.797363;718.478455;-121.531563;3372.798584;246.742828;68.747963;2972.012451;664.080139;-648.950806;2699.443848;432.061737;;;;;;
2810;0;-499.206848;3572.391846;766.281067;248.063507;3636.385742;718.723572;-121.708298;3371.217773;247.320297;68.920364;2970.440918;664.099304;-648.728149;2697.597412;432.351654;;;;;;
2811;0;-499.483154;3571.005859;766.514465;247.874008;3634.849365;719.007629;-121.761261;3369.597412;247.994324;69.07933;2968.897705;664.13031;-648.582153;2695.661133;432.632477;;;;;;
2812;0;-499.778564;3569.624756;766.756653;247.653229;3633.326904;719.175659;-121.828239;3367.916504;248.592041;69.246788;2967.296143;664.177856;-648.430359;2693.752197;432.945465;;;;;;
2813;0;-499.973145;3568.142822;766.97406;247.473328;3631.783203;719.368713;-122.000343;3366.202393;249.198517;69.367958;2965.661133;664.215881;-648.274841;2691.729492;433.157715;;;;;;
2814;0;-500.313446;3566.687256;767.190125;247.201202;3630.213867;719.523804;-122.086929;3364.378418;249.793518;69.484657;2964.007324;664.19873;-648.085266;2689.674561;433.325317;;;;;;
2815;0;-500.52179;3565.202393;767.454102;247.034393;3628.542725;719.639587;-122.049576;3362.54248;250.413589;69.626633;2962.251953;664.192017;-647.886902;2687.692383;433.553772;;;;;;
2816;0;-500.825592;3563.651123;767.654297;246.787292;3627.033203;719.776367;-122.071259;3360.655762;251.037949;69.771194;2960.566162;664.209778;-647.658752;2685.611084;433.745697;;;;;;
2817;0;-501.010834;3562.140869;767.879578;246.568787;3625.365723;719.873718;-122.128502;3358.751709;251.626038;69.956291;2958.84375;664.257629;-647.434021;2683.545166;433.972473;;;;;;
2818;0;-501.356232;3560.542969;768.062012;246.34758;3623.715332;719.941772;-122.080193;3356.785645;252.225037;70.059402;2957.095947;664.257263;-647.207214;2681.438721;434.155243;;;;;;
2819;0;-501.485596;3558.944824;768.243164;246.133804;3622.118896;719.972534;-121.997498;3354.825684;252.896042;70.200699;2955.391357;664.211487;-647.020569;2679.250732;434.308319;;;;;;
2820;0;-501.79715;3557.26001;768.390259;245.85817;3620.419922;720.002319;-121.934959;3352.837158;253.597641;70.281456;2953.57251;664.18512;-646.79187;2677.106201;434.452759;;;;;;
2821;0;-502.014038;3555.665283;768.562927;245.644028;3618.800537;720.002075;-121.932503;3350.763428;254.207962;70.400375;2951.813477;664.162659;-646.518127;2674.939209;434.605743;;;;;;
2822;0;-502.313019;3553.995361;768.699158;245.363052;3617.128418;719.938599;-121.750107;3348.705078;254.864304;70.561348;2950.04834;664.145874;-646.311707;2672.801025;434.80011;;;;;;
2823;0;-502.53183;3552.318604;768.819336;245.130722;3615.461182;719.87677;-121.569733;3346.598145;255.514496;70.644058;2948.280762;664.135864;-646.037781;2670.601562;434.988373;;;;;;
2824;0;-502.730194;3550.62207;768.913269;244.889542;3613.844238;719.794067;-121.486778;3344.501709;256.268127;70.720062;2946.517822;664.034119;-645.798157;2668.412598;435.160828;;;;;;
2825;0;-502.89209;3548.964355;769.013977;244.624542;3612.162354;719.640381;-121.368126;3342.317627;256.934937;70.798912;2944.709473;663.924255;-645.49469;2666.292725;435.322937;;;;;;
2826;0;-503.132294;3547.233643;769.115479;244.371613;3610.516602;719.483704;-121.150879;3340.09375;257.506989;70.906799;2942.937988;663.849976;-645.22522;2664.072021;435.530273;;;;;;
2827;0;-503.298706;3545.593994;769.167786;244.116791;3608.903076;719.304932;-120.963448;3337.958496;258.201416;71.013496;2941.178467;663.775024;-644.947937;2661.930176;435.722839;;;;;;
2828;0;-503.525269;3543.887939;769.182434;243.845612;3607.244385;719.129639;-120.706085;3335.716064;258.82016;71.075134;2939.429932;663.646606;-644.669128;2659.810059;435.934204;;;;;;
2829;0;-503.68042;3542.258545;769.234253;243.580719;3605.678467;718.88562;-120.512207;3333.519531;259.467651;71.119698;2937.685059;663.489807;-644.350647;2657.69751;436.140198;;;;;;
2830;0;-503.844604;3540.514648;769.166626;243.363022;3604.014648;718.642456;-120.327332;3331.121094;260.015808;71.209747;2935.936279;663.319092;-644.024597;2655.580811;436.324036;;;;;;
2831;0;-504.041687;3538.914062;769.177246;243.049805;3602.481689;718.358032;-119.938492;3329.03418;260.687103;71.24588;2934.255615;663.19165;-643.697571;2653.474609;436.494629;;;;;;
2832;0;-504.223114;3537.199951;769.072449;242.818573;3600.842773;718.036011;-119.765495;3326.704102;261.195129;71.278946;2932.520996;662.963562;-643.38031;2651.431152;436.703857;;;;;;
2833;0;-504.376709;3535.556152;769.002747;242.516434;3599.323486;717.71698;-119.363304;3324.470215;261.786407;71.316338;2930.862793;662.76947;-643.05481;2649.407227;436.894257;;;;;;
2834;0;-504.541107;3533.875244;768.890869;242.259979;3597.771484;717.385803;-118.973099;3322.319092;262.268585;71.338173;2929.196045;662.509827;-642.734741;2647.382324;437.044403;;;;;;
2835;0;-504.638916;3532.294922;768.800659;241.982162;3596.311523;716.975525;-118.673996;3320.098877;262.746704;71.394119;2927.563721;662.324829;-642.382202;2645.36499;437.208405;;;;;;
2836;0;-504.786743;3530.667969;768.664978;241.745316;3594.804688;716.612061;-118.224022;3317.904297;263.217834;71.438919;2925.910889;662.01001;-641.944458;2643.444092;437.377228;;;;;;
2837;0;-504.906342;3529.083496;768.492798;241.443375;3593.368652;716.150696;-117.888237;3315.662354;263.660522;71.406204;2924.246094;661.658386;-641.610352;2641.520508;437.576508;;;;;;
2838;0;-504.975372;3527.52002;768.282593;241.231171;3591.916504;715.711304;-117.497253;3313.416992;263.927979;71.399902;2922.713623;661.35022;-641.256836;2639.674072;437.732666;;;;;;
2839;0;-505.100891;3525.956299;768.038635;240.941391;3590.607178;715.204895;-117.09063;3311.19458;264.269196;71.46241;2921.1604;661.019531;-640.881958;2637.861816;437.862396;;;;;;
2840;0;-505.127197;3524.443604;767.751099;240.712692;3589.191162;714.689331;-116.643257;3308.985352;264.564911;71.455322;2919.601562;660.610168;-640.486572;2635.999023;437.910522;;;;;;
2841;0;-505.265778;3522.929199;767.468323;240.467697;3587.773438;714.132507;-116.217171;3306.753906;264.725677;71.483574;2918.106445;660.18335;-640.091675;2634.237793;437.956787;;;;;;
2842;0;-505.271729;3521.477539;767.149475;240.171539;3586.526855;713.573975;-115.779816;3304.598877;264.925293;71.41758;2916.618652;659.734497;-639.729553;2632.49585;438.052704;;;;;;
2843;0;-505.413483;3519.986572;766.762268;239.926483;3585.204102;712.968689;-115.389519;3302.390137;265.065735;71.393433;2915.163086;659.259399;-639.341553;2630.807373;438.105988;;;;;;
2844;0;-505.418549;3518.588379;766.405762;239.658707;3583.986572;712.373779;-114.849167;3300.236572;265.181854;71.366508;2913.727051;658.771973;-638.940491;2629.142334;438.11145;;;;;;
2845;0;-505.477203;3517.186768;766.035706;239.378967;3582.781738;711.726685;-114.444725;3298.130127;265.254303;71.328491;2912.345215;658.32373;-638.505005;2627.538574;438.127747;;;;;;
2846;0;-505.456146;3515.831299;765.600464;239.161209;3581.596924;711.029053;-113.959679;3295.990723;265.228302;71.322044;2910.955078;657.740723;-638.118835;2625.984863;438.025879;;;;;;
2847;0;-505.460785;3514.44873;765.098816;238.907181;3580.438721;710.366089;-113.461853;3293.955078;265.213959;71.259232;2909.651123;657.155457;-637.684814;2624.481445;438.029144;;;;;;
2848;0;-505.500977;3513.172607;764.614624;238.625153;3579.337402;709.620605;-112.972763;3291.851562;265.120209;71.199165;2908.335693;656.589294;-637.238159;2622.997314;438.013031;;;;;;
2849;0;-505.532928;3511.902344;764.070374;238.391205;3578.206543;708.860291;-112.536278;3289.887939;265.038513;71.14817;2907.002686;655.880005;-636.804321;2621.568848;437.838348;;;;;;
2850;0;-505.474854;3510.704834;763.522827;238.093674;3577.268799;708.098022;-112.015266;3287.850098;264.839172;71.097443;2905.809082;655.249207;-636.356323;2620.104004;437.703125;;;;;;
2851;0;-505.448639;3509.442383;762.902832;237.885162;3576.184082;707.304993;-111.556015;3285.925049;264.586365;70.97908;2904.603271;654.54657;-635.892456;2618.787842;437.56311;;;;;;
2852;0;-505.441437;3508.279785;762.260559;237.604813;3575.299561;706.404358;-111.070389;3283.892334;264.316772;70.917831;2903.406494;653.829956;-635.466309;2617.491211;437.42392;;;;;;
2853;0;-505.389282;3507.195068;761.627014;237.364029;3574.359863;705.558167;-110.559654;3282.060791;264.075989;70.875031;2902.266357;653.03186;-634.987366;2616.234863;437.232513;;;;;;
2854;0;-505.319885;3506.083008;760.865601;237.144287;3573.4375;704.591919;-110.17424;3280.09668;263.745331;70.793251;2901.084961;652.224854;-634.548645;2614.980957;436.928436;;;;;;
2855;0;-505.263641;3505.031982;760.169189;236.901108;3572.657227;703.683228;-109.565941;3278.288086;263.407196;70.689568;2900.043945;651.391541;-634.085449;2613.889404;436.690552;;;;;;
2856;0;-505.225067;3503.949463;759.358704;236.645615;3571.800049;702.68634;-109.115753;3276.510986;262.987671;70.649834;2899.007568;650.522949;-633.590759;2612.80249;436.413544;;;;;;
2857;0;-505.125519;3503.019043;758.568787;236.438843;3570.985596;701.68042;-108.682793;3274.668945;262.564362;70.531967;2898.005615;649.622742;-633.087463;2611.699219;436.103851;;;;;;
2858;0;-505.036285;3502.057129;757.696594;236.143311;3570.258545;700.646606;-108.132927;3272.962646;262.118073;70.409668;2897.02417;648.723022;-632.611023;2610.682373;435.731964;;;;;;
2859;0;-504.921844;3501.150879;756.797852;235.952362;3569.499756;699.587097;-107.656128;3271.186035;261.64328;70.291054;2896.04248;647.766052;-632.138184;2609.743896;435.399719;;;;;;
2860;0;-504.787201;3500.242432;755.884888;235.689453;3568.813965;698.456421;-107.203186;3269.589111;261.196533;70.203011;2895.137695;646.815308;-631.644592;2608.790039;435.014648;;;;;;
2861;0;-504.721344;3499.391602;754.903687;235.508484;3568.14209;697.354492;-106.785423;3267.936035;260.682281;70.06562;2894.204102;645.700745;-631.202148;2607.911377;434.623291;;;;;;
2862;0;-504.557007;3498.552002;753.89093;235.242325;3567.521973;696.165161;-106.23941;3266.327393;260.109589;69.964966;2893.352783;644.667358;-630.672791;2607.031494;434.110657;;;;;;
2863;0;-504.449005;3497.781738;752.865479;235.022583;3566.917236;695.000061;-105.858757;3264.723633;259.490845;69.837921;2892.481689;643.555786;-630.1875;2606.27002;433.68927;;;;;;
2864;0;-504.333496;3497.031006;751.764282;234.793289;3566.396484;693.774475;-105.437065;3263.180664;258.96521;69.698822;2891.759521;642.467651;-629.689636;2605.507324;433.164124;;;;;;
2865;0;-504.166779;3496.373291;750.661194;234.570755;3565.865234;692.51416;-104.935707;3261.749756;258.353302;69.61557;2891.024658;641.31543;-629.213013;2604.822754;432.633087;;;;;;
2866;0;-503.999481;3495.695801;749.528381;234.376358;3565.358887;691.241394;-104.50766;3260.273926;257.736786;69.501678;2890.252686;640.082825;-628.654175;2604.150635;432.077881;;;;;;
2867;0;-503.801453;3495.04541;748.288635;234.182632;3564.896729;689.902588;-104.068863;3258.941895;257.12674;69.358574;2889.557129;638.832397;-628.178406;2603.526855;431.477234;;;;;;
2868;0;-503.665558;3494.434326;747.071716;233.953903;3564.505615;688.556641;-103.713829;3257.503174;256.465179;69.1716;2888.931885;637.583984;-627.696228;2602.989258;430.881683;;;;;;
2869;0;-503.449097;3493.844727;745.729004;233.731735;3564.074951;687.169495;-103.203552;3256.186279;255.819626;69.048386;2888.262207;636.228394;-627.178711;2602.48999;430.232574;;;;;;
2870;0;-503.244171;3493.275635;744.46991;233.508652;3563.636963;685.79303;-102.86396;3254.937256;255.218323;68.905312;2887.676514;634.966431;-626.713989;2601.99585;429.548248;;;;;;
2871;0;-503.086578;3492.791504;743.099304;233.288712;3563.346436;684.355164;-102.518982;3253.644775;254.525574;68.785423;2887.091553;633.538025;-626.173035;2601.55249;428.782379;;;;;;
2872;0;-502.841644;3492.299805;741.701843;233.117432;3562.983643;682.921265;-102.076996;3252.463379;253.921387;68.627998;2886.554199;632.233765;-625.710754;2601.136719;428.065704;;;;;;
2873;0;-502.615204;3491.785156;740.244385;232.880722;3562.702637;681.44281;-101.761612;3251.255371;253.296249;68.484039;2885.976318;630.721008;-625.225098;2600.822021;427.346283;;;;;;
2874;0;-502.377167;3491.39917;738.771545;232.719437;3562.39502;679.948608;-101.44632;3250.114502;252.619827;68.341667;2885.457031;629.241516;-624.717468;2600.480469;426.490967;;;;;;
2875;0;-502.200958;3490.960449;737.238464;232.476624;3562.119385;678.364136;-101.13707;3249.092773;251.994186;68.203682;2885.018799;627.778748;-624.204163;2600.147705;425.630737;;;;;;
2876;0;-501.93219;3490.629395;735.731384;232.370972;3561.864746;676.823303;-100.818077;3248.016357;251.343613;68.042282;2884.568359;626.241516;-623.750061;2599.883545;424.809692;;;;;;
2877;0;-501.668335;3490.258301;734.119446;232.108734;3561.616699;675.159729;-100.520554;3247.0625;250.766998;67.825371;2884.163574;624.677551;-623.221191;2599.706299;423.864532;;;;;;
2878;0;-501.447906;3489.937012;732.462219;231.990265;3561.416504;673.566833;-100.243927;3246.124756;250.085205;67.728783;2883.786621;623.064941;-622.707886;2599.57373;422.983978;;;;;;
2879;0;-501.173187;3489.650879;730.786682;231.787689;3561.337646;671.870728;-100.010864;3245.197998;249.453003;67.513626;2883.394043;621.471375;-622.262695;2599.393311;421.96814;;;;;;
2880;0;-500.975311;3489.394287;729.084473;231.630783;3561.130371;670.178345;-99.760193;3244.387207;248.850113;67.367531;2882.995117;619.772339;-621.753662;2599.255127;420.941711;;;;;;
2881;0;-500.661438;3489.14917;727.379517;231.484344;3561.050049;668.40741;-99.466988;3243.508789;248.220078;67.234802;2882.695312;618.030884;-621.307129;2599.178467;419.91983;;;;;;
2882;0;-500.358704;3488.914551;725.561951;231.298904;3560.900635;666.651489;-99.268982;3242.789062;247.55574;67.067444;2882.421875;616.301208;-620.836975;2599.147705;418.812927;;;;;;
2883;0;-500.127014;3488.697266;723.745117;231.144028;3560.787354;664.847168;-99.121567;3242.085449;246.986969;66.88652;2882.119873;614.526062;-620.35614;2599.147949;417.756256;;;;;;
2884;0;-499.816254;3488.566162;721.932068;231.00325;3560.746338;663.03064;-98.903114;3241.383789;246.395645;66.746925;2881.860107;612.68512;-619.866272;2599.165283;416.582458;;;;;;
2885;0;-499.565796;3488.398193;720.009705;230.822189;3560.620361;661.157104;-98.702431;3240.858643;245.80722;66.563828;2881.650146;610.897461;-619.407349;2599.153076;415.444885;;;;;;
2886;0;-499.261444;3488.311035;718.137878;230.69902;3560.640625;659.281433;-98.5961;3240.238281;245.174835;66.419441;2881.427002;609.011963;-618.948608;2599.185791;414.232544;;;;;;
2887;0;-498.965942;3488.160645;716.133362;230.55983;3560.535889;657.353516;-98.461021;3239.692871;244.614258;66.272972;2881.20166;607.034119;-618.472107;2599.230713;413.049591;;;;;;
2888;0;-498.66333;3488.082275;714.163818;230.415192;3560.550293;655.403076;-98.350212;3239.208496;243.999634;66.065208;2880.994629;605.127014;-618.072754;2599.307861;411.814575;;;;;;
2889;0;-498.384857;3487.995605;712.152161;230.297501;3560.545654;653.397461;-98.266304;3238.777344;243.382446;65.88842;2880.820068;603.181091;-617.620178;2599.413574;410.509094;;;;;;
2890;0;-498.1008;3487.965332;710.10498;230.108139;3560.521729;651.366455;-98.190216;3238.358887;242.735214;65.764473;2880.668945;601.120178;-617.19873;2599.561768;409.240112;;;;;;
2891;0;-497.774109;3487.937988;707.992676;229.988617;3560.52417;649.369507;-98.164459;3237.997559;242.193451;65.561073;2880.494873;599.075562;-616.718628;2599.647461;407.927826;;;;;;
2892;0;-497.47644;3487.912109;705.843445;229.865448;3560.53125;647.210999;-98.11985;3237.658203;241.594208;65.392822;2880.365723;596.993774;-616.318237;2599.831787;406.593658;;;;;;
2893;0;-497.170959;3487.925049;703.664673;229.722168;3560.532959;645.107605;-98.107658;3237.448975;241.00296;65.261368;2880.261475;594.890503;-615.91626;2599.963135;405.170959;;;;;;
2894;0;-496.876404;3487.94043;701.441833;229.604141;3560.580078;642.94043;-98.12233;3237.187744;240.33873;65.096298;2880.148193;592.690613;-615.486023;2600.16626;403.850037;;;;;;
2895;0;-496.549866;3487.938477;699.191101;229.538544;3560.609863;640.78418;-98.070938;3236.990479;239.736008;64.917137;2880.080811;590.52179;-615.102905;2600.329346;402.387329;;;;;;
2896;0;-496.213806;3487.983398;696.90094;229.369766;3560.675781;638.550537;-98.13208;3236.893799;239.181961;64.751167;2880.010498;588.30719;-614.700073;2600.568604;400.984558;;;;;;
2897;0;-495.898468;3488.021729;694.575684;229.256561;3560.669189;636.311462;-98.201569;3236.635742;238.524185;64.627541;2879.927246;586.062683;-614.281494;2600.683838;399.491333;;;;;;
2898;0;-495.628479;3488.102539;692.22644;229.140076;3560.809082;634.051147;-98.275116;3236.614746;237.927567;64.411743;2879.889648;583.74408;-613.930054;2600.906738;398.020294;;;;;;
2899;0;-495.250916;3488.190674;689.817261;229.049484;3560.830078;631.746338;-98.366165;3236.632568;237.347;64.300011;2879.845215;581.42218;-613.539551;2601.147705;396.515045;;;;;;
2900;0;-494.980347;3488.255859;687.379456;228.920135;3560.905273;629.394897;-98.4627;3236.58667;236.734131;64.149429;2879.805176;579.088501;-613.242676;2601.321533;395.029388;;;;;;
2901;0;-494.620148;3488.337158;684.887268;228.851425;3560.958984;627.046326;-98.625038;3236.64502;236.062485;63.932022;2879.714844;576.678955;-612.860962;2601.562988;393.437714;;;;;;
2902;0;-494.278198;3488.410645;682.345947;228.722977;3561.00415;624.615234;-98.718803;3236.663818;235.466248;63.79501;2879.70166;574.261169;-612.533081;2601.788574;391.896271;;;;;;
2903;0;-493.956055;3488.566895;679.820984;228.643005;3561.075928;622.195679;-98.934441;3236.80957;234.893768;63.643589;2879.69165;571.82666;-612.20459;2601.942871;390.232117;;;;;;
2904;0;-493.619171;3488.674561;677.25824;228.539169;3561.153809;619.709229;-99.186134;3236.876465;234.208191;63.509232;2879.678223;569.369202;-611.874207;2602.144531;388.668213;;;;;;
2905;0;-493.313965;3488.765625;674.572876;228.453918;3561.218994;617.268555;-99.301193;3237.078613;233.663589;63.395813;2879.63501;566.807617;-611.586914;2602.352783;387.039551;;;;;;
2906;0;-492.936218;3488.89502;671.95636;228.350967;3561.32959;614.729736;-99.601143;3237.288818;233.007614;63.231125;2879.635986;564.280212;-611.319641;2602.580078;385.38382;;;;;;
2907;0;-492.622253;3489.027588;669.236938;228.295197;3561.378174;612.165649;-99.852158;3237.410156;232.314438;63.107224;2879.593018;561.694153;-611.040649;2602.819336;383.675415;;;;;;
2908;0;-492.311249;3489.147217;666.48407;228.177948;3561.507324;609.563965;-100.085014;3237.770264;231.71814;62.949844;2879.636475;559.114563;-610.747437;2603.019043;381.895996;;;;;;
2909;0;-491.961945;3489.293213;663.700745;228.125275;3561.519531;606.952454;-100.448021;3237.92627;231.016876;62.791801;2879.619141;556.451416;-610.506897;2603.187012;380.192841;;;;;;
2910;0;-491.650879;3489.393799;660.864685;227.99617;3561.605225;604.254517;-100.734703;3238.210938;230.295792;62.688412;2879.625977;553.763794;-610.280518;2603.427734;378.404022;;;;;;
2911;0;-491.357391;3489.576172;658.055664;227.942978;3561.685059;601.647522;-101.068718;3238.540283;229.632004;62.521389;2879.635498;551.0849;-610.022705;2603.624512;376.644775;;;;;;
2912;0;-491.019928;3489.707764;655.148621;227.824112;3561.75;598.891907;-101.44313;3238.830322;228.925385;62.416622;2879.62915;548.366089;-609.774536;2603.838379;374.830475;;;;;;
2913;0;-490.723694;3489.846191;652.255676;227.803833;3561.783691;596.18512;-101.766212;3239.206543;228.21048;62.262356;2879.675049;545.633423;-609.53302;2604.010498;373.0047;;;;;;
2914;0;-490.369629;3490.023926;649.319885;227.694641;3561.837158;593.415527;-102.152122;3239.531738;227.507095;62.129368;2879.706299;542.852051;-609.3302;2604.225586;371.224243;;;;;;
2915;0;-490.088898;3490.137939;646.288269;227.66098;3561.868652;590.64978;-102.551659;3239.893799;226.706436;62.019905;2879.716553;540.001831;-609.105774;2604.344971;369.264557;;;;;;
2916;0;-489.790802;3490.261963;643.24884;227.592468;3561.974121;587.863403;-103.048531;3240.232178;225.957092;61.906334;2879.696533;537.157715;-608.868591;2604.513672;367.419403;;;;;;
2917;0;-489.448456;3490.382324;640.220215;227.520584;3561.978516;585.017273;-103.398788;3240.701416;225.175903;61.76569;2879.728271;534.286499;-608.675293;2604.680176;365.522705;;;;;;
2918;0;-489.197479;3490.529053;637.097778;227.462585;3562.00293;582.166992;-103.915657;3241.091309;224.346451;61.686935;2879.766846;531.388062;-608.492004;2604.809082;363.653442;;;;;;
2919;0;-488.946106;3490.662842;633.960327;227.410812;3562.068359;579.334412;-104.349121;3241.506104;223.528564;61.572388;2879.769043;528.453735;-608.34845;2604.977295;361.748413;;;;;;
2920;0;-488.63974;3490.778564;630.780029;227.306396;3562.091309;576.42981;-104.842834;3241.971924;222.601562;61.441502;2879.791504;525.471436;-608.210815;2605.103516;359.778717;;;;;;
2921;0;-488.385162;3490.902588;627.541504;227.297546;3562.093506;573.493408;-105.363312;3242.341309;221.687363;61.384296;2879.795898;522.473022;-608.046753;2605.237061;357.828552;;;;;;
2922;0;-488.105408;3491.015137;624.288086;227.215805;3562.154053;570.565552;-105.954651;3242.591064;220.826141;61.278706;2879.838623;519.452576;-607.962769;2605.361328;355.901093;;;;;;
2923;0;-487.845428;3491.128662;620.939453;227.195908;3562.151367;567.558655;-106.410004;3243.057617;220.005127;61.155075;2879.836914;516.382874;-607.84198;2605.467529;353.937256;;;;;;
2924;0;-487.656128;3491.230957;617.5896;227.151123;3562.146729;564.536621;-106.90873;3243.566162;219.027756;61.083088;2879.904053;513.307617;-607.676697;2605.541504;351.935211;;;;;;
2925;0;-487.381561;3491.326904;614.198425;227.10199;3562.192139;561.485413;-107.525414;3243.955322;218.03093;61.009773;2879.912354;510.20874;-607.634399;2605.63623;350.003204;;;;;;
2926;0;-487.149139;3491.429688;610.767578;227.079391;3562.135742;558.430725;-108.051193;3244.389893;217.032578;60.902802;2879.915283;507.106354;-607.506958;2605.721436;348.000977;;;;;;
2927;0;-486.972626;3491.510986;607.294067;227.043869;3562.113281;555.291931;-108.641273;3244.907227;216.050583;60.835781;2879.962402;503.9487;-607.513977;2605.786865;345.934174;;;;;;
2928;0;-486.753784;3491.581055;603.821594;227.007523;3562.052246;552.119873;-109.314163;3245.268555;215.049133;60.770084;2879.966064;500.760864;-607.444214;2605.915527;343.97876;;;;;;
2929;0;-486.565796;3491.624512;600.261719;226.976074;3562.040527;548.920654;-109.841225;3245.659424;214.00708;60.697926;2879.984131;497.587799;-607.465637;2605.89624;341.992249;;;;;;
2930;0;-486.344269;3491.650879;596.670593;226.929504;3561.968506;545.683594;-110.515114;3246.097656;212.90802;60.610916;2880.039795;494.420319;-607.443481;2605.934082;339.924042;;;;;;
2931;0;-486.177429;3491.7146;593.098938;226.90744;3561.93042;542.478088;-110.936981;3246.640869;211.813644;60.535973;2880.075195;491.188202;-607.468323;2606.004395;337.949493;;;;;;
2932;0;-486.028442;3491.812744;589.434631;226.8591;3561.864014;539.175476;-111.839905;3246.802734;210.89827;60.497971;2880.102051;487.964996;-607.499084;2606.064209;335.919891;;;;;;
2933;0;-485.817841;3491.822266;585.723816;226.870224;3561.834473;535.887634;-112.578377;3247.151611;210.063522;60.454147;2880.105225;484.624939;-607.512451;2606.071777;333.867218;;;;;;
2934;0;-485.693848;3491.760986;581.991577;226.78566;3561.754883;532.560425;-113.231583;3247.417236;209.024734;60.40593;2880.12915;481.311768;-607.564453;2606.018555;331.797913;;;;;;
2935;0;-485.603485;3491.796875;578.241089;226.786026;3561.670898;529.170593;-113.901794;3247.632324;207.856995;60.36034;2880.112305;478.037811;-607.662231;2606.077881;329.78244;;;;;;
2936;0;-485.410797;3491.845947;574.469299;226.737015;3561.614502;525.754211;-114.508781;3247.98584;206.825333;60.33567;2880.199219;474.73111;-607.717957;2606.084229;327.711334;;;;;;
2937;0;-485.32724;3491.800293;570.611755;226.713745;3561.560791;522.308899;-115.048058;3248.379639;205.800034;60.280182;2880.197021;471.400452;-607.852356;2606.059814;325.603973;;;;;;
2938;0;-485.15274;3491.790039;566.774902;226.670883;3561.423828;518.839294;-115.978127;3248.445068;204.570221;60.245171;2880.171143;468.015686;-607.927246;2606.063721;323.476227;;;;;;
2939;0;-485.05246;3491.75;562.866577;226.659164;3561.273438;515.350647;-116.572609;3248.719238;203.438965;60.219902;2880.214111;464.615295;-608.071655;2605.983398;321.3927;;;;;;
2940;0;-484.944244;3491.69458;558.935791;226.660294;3561.197754;511.828125;-117.342545;3248.854004;202.426361;60.218315;2880.204834;461.167694;-608.237061;2605.928711;319.233612;;;;;;
2941;0;-484.839081;3491.65332;555.027161;226.604874;3561.059326;508.269958;-118.088974;3248.950684;201.240662;60.199238;2880.229004;457.737122;-608.334167;2605.908447;317.144775;;;;;;
2942;0;-484.816864;3491.564209;551.078857;226.591812;3560.927002;504.725464;-118.734695;3249.0625;200.142746;60.202255;2880.240723;454.335052;-608.490356;2605.838379;315.016815;;;;;;
2943;0;-484.670227;3491.504639;547.056824;226.615311;3560.81665;501.134521;-119.505157;3249.106689;199.096497;60.238243;2880.254395;450.861694;-608.669678;2605.72168;312.87735;;;;;;
2944;0;-484.628235;3491.398682;543.076294;226.509735;3560.630127;497.511597;-120.109093;3249.192139;198.070557;60.217083;2880.218018;447.378174;-608.875549;2605.613037;310.7771;;;;;;
2945;0;-484.565308;3491.371338;539.02655;226.526474;3560.527344;493.899261;-120.942657;3249.094482;196.865295;60.211185;2880.211182;443.851532;-609.089539;2605.482178;308.574585;;;;;;
2946;0;-484.518433;3491.224121;534.951965;226.508713;3560.359131;490.204834;-121.536018;3249.040283;195.790878;60.217365;2880.200439;440.377472;-609.31311;2605.36792;306.381226;;;;;;
2947;0;-484.483917;3491.083252;530.844971;226.493454;3560.217773;486.483337;-122.180374;3249.032715;194.745697;60.249882;2880.182861;436.845367;-609.562439;2605.23291;304.195862;;;;;;
2948;0;-484.43576;3490.958252;526.692688;226.508408;3560.040527;482.724304;-122.893112;3248.920898;193.632812;60.233379;2880.12207;433.235107;-609.779846;2605.084961;302.015289;;;;;;
2949;0;-484.430389;3490.84082;522.575867;226.453979;3559.903809;478.909271;-123.523758;3248.89209;192.572769;60.251099;2880.117188;429.624908;-609.977661;2604.938721;299.763916;;;;;;
2950;0;-484.356445;3490.726318;518.427551;226.4487;3559.706543;475.117615;-124.186485;3248.818115;191.419281;60.258511;2880.088867;426.056213;-610.205505;2604.77832;297.547211;;;;;;
2951;0;-484.394287;3490.50293;514.209045;226.417999;3559.567871;471.298309;-124.897987;3248.745361;190.312408;60.256565;2880.026367;422.482391;-610.401672;2604.550781;295.217102;;;;;;
2952;0;-484.372467;3490.346924;510.006561;226.433517;3559.372803;467.450012;-125.395638;3248.561523;189.188934;60.269844;2880.011719;418.846039;-610.672974;2604.369141;292.97464;;;;;;
2953;0;-484.363922;3490.158203;505.777252;226.406189;3559.219238;463.587036;-125.86145;3248.675049;188.375153;60.25563;2879.983643;415.242401;-610.945557;2604.249023;290.796387;;;;;;
2954;0;-484.380249;3489.959717;501.548126;226.431473;3558.999512;459.709442;-126.648918;3248.306152;187.262573;60.288254;2879.96875;411.584869;-611.199036;2604.072266;288.517822;;;;;;
2955;0;-484.376404;3489.712646;497.281372;226.389465;3558.868652;455.770203;-127.336502;3248.13208;186.266113;60.288372;2879.902832;407.962677;-611.476196;2603.798584;286.20047;;;;;;
2956;0;-484.433563;3489.467041;492.972412;226.401123;3558.598389;451.815979;-127.99057;3248.068359;185.190491;60.299881;2879.792236;404.214813;-611.666809;2603.589355;283.766144;;;;;;
2957;0;-484.404053;3489.221191;488.693115;226.324295;3558.45166;447.849152;-128.683426;3247.811279;184.117828;60.323914;2879.711182;400.530487;-611.935913;2603.42041;281.513977;;;;;;
2958;0;-484.490082;3488.919678;484.342224;226.363419;3558.234619;443.92804;-129.355621;3247.52002;183.226624;60.292824;2879.647949;396.853699;-612.194763;2603.207764;279.15564;;;;;;
2959;0;-484.512115;3488.694336;480.032837;226.311279;3558.070068;439.938385;-130.045029;3247.303955;182.20401;60.248287;2879.567627;393.153839;-612.490601;2603.057617;276.88916;;;;;;
2960;0;-484.579712;3488.38501;475.669769;226.351913;3557.899414;435.921722;-130.74823;3246.776123;181.162842;60.257732;2879.477783;389.373505;-612.773865;2602.83374;274.478271;;;;;;
2961;0;-484.668274;3488.099121;471.295837;226.303421;3557.695557;431.905304;-131.30397;3246.577881;180.218628;60.264328;2879.41748;385.652649;-613.004944;2602.56665;272.062378;;;;;;
2962;0;-484.730225;3487.788818;466.90741;226.359848;3557.510986;427.829559;-131.667999;3246.389648;179.722473;60.221703;2879.359131;381.89798;-613.234497;2602.341797;269.688324;;;;;;
2963;0;-484.808563;3487.444824;462.453186;226.330078;3557.363037;423.756744;-132.438156;3245.952393;178.247833;60.206337;2879.273682;378.106598;-613.450623;2602.138916;267.310669;;;;;;
2964;0;-484.874603;3487.102783;458.042389;226.324463;3557.156982;419.694733;-133.036697;3245.590332;177.399506;60.163181;2879.197998;374.363495;-613.749329;2601.864014;264.962311;;;;;;
2965;0;-485.028076;3486.780029;453.583984;226.338196;3556.979492;415.596893;-133.681107;3245.146484;176.360519;60.112717;2879.097412;370.573364;-614.006287;2601.672363;262.60611;;;;;;
2966;0;-485.185059;3486.39917;449.105194;226.291046;3556.844727;411.463379;-134.289215;3244.797852;175.310455;60.095661;2879.023193;366.812012;-614.248291;2601.419189;260.169922;;;;;;
2967;0;-485.337555;3485.991455;444.614746;226.30867;3556.590332;407.332092;-134.812622;3244.404541;174.268524;60.097309;2878.979492;362.988953;-614.548706;2601.184326;257.73938;;;;;;
2968;0;-485.478424;3485.61084;440.116394;226.332458;3556.469238;403.220886;-135.393036;3243.95874;173.095917;59.998936;2878.887451;359.200836;-614.799866;2600.947021;255.260498;;;;;;
2969;0;-485.658325;3485.16748;435.569122;226.325027;3556.243896;399.046631;-135.808762;3243.560059;172.026138;60.010891;2878.800537;355.355011;-615.032043;2600.718506;252.810837;;;;;;
2970;0;-485.816925;3484.730957;431.068756;226.355545;3556.055664;394.856354;-136.4944;3243.031738;170.769974;59.967369;2878.70874;351.569519;-615.297302;2600.495605;250.33226;;;;;;
2971;0;-486.021118;3484.29541;426.485352;226.367722;3555.92041;390.719849;-136.893463;3242.636475;169.674988;59.880486;2878.645996;347.815277;-615.57251;2600.276855;247.849091;;;;;;
2972;0;-486.246826;3483.849121;421.974182;226.319412;3555.761475;386.546509;-137.364883;3242.233398;168.50885;59.849506;2878.563232;343.991058;-615.863342;2600.084717;245.476532;;;;;;
2973;0;-486.389709;3483.375488;417.429199;226.365982;3555.581299;382.387024;-137.938507;3241.71582;167.176239;59.773167;2878.481445;340.160522;-616.144348;2599.883301;243.00972;;;;;;
2974;0;-486.661133;3482.900391;412.847229;226.375137;3555.450195;378.230896;-138.333389;3241.366699;166.089981;59.726135;2878.412354;336.427673;-616.374573;2599.681641;240.545395;;;;;;
2975;0;-486.872589;3482.369629;408.272125;226.345322;3555.309814;374.057892;-138.825653;3240.851318;164.804138;59.693741;2878.359863;332.649048;-616.640259;2599.397949;238.070572;;;;;;
2976;0;-487.117157;3481.843262;403.651367;226.409012;3555.088135;369.874756;-139.20787;3240.371582;163.471741;59.553253;2878.244141;328.78891;-616.93866;2599.227051;235.672638;;;;;;
2977;0;-487.362;3481.325684;399.050903;226.379562;3554.987061;365.656891;-139.647476;3239.962646;162.186508;59.49313;2878.185547;325.07666;-617.238647;2599.002197;233.254791;;;;;;
2978;0;-487.698975;3480.75415;394.414673;226.421997;3554.827148;361.460571;-140.00975;3239.442871;160.788452;59.421452;2878.162109;321.267883;-617.440735;2598.839844;230.830627;;;;;;
2979;0;-487.908142;3480.219238;389.863007;226.433731;3554.700684;357.347473;-140.481049;3239.034668;159.51622;59.295315;2878.077148;317.469788;-617.702087;2598.680664;228.4422;;;;;;
2980;0;-488.222137;3479.604492;385.221039;226.46254;3554.577148;353.218628;-140.817154;3238.633301;158.152939;59.24802;2878.036865;313.716156;-617.988159;2598.466553;226.072632;;;;;;
2981;0;-488.500916;3479.022705;380.624634;226.520676;3554.383789;349.063202;-141.217194;3238.249756;156.794174;59.124565;2877.998291;309.960114;-618.237915;2598.283936;223.735229;;;;;;
2982;0;-488.857025;3478.393555;376.028137;226.522202;3554.284668;344.978638;-141.571579;3237.87085;155.468491;59.067585;2877.966064;306.167511;-618.504333;2598.169678;221.304916;;;;;;
2983;0;-489.145538;3477.8125;371.443665;226.59877;3554.131104;340.857727;-141.987244;3237.40918;154.077271;59.018814;2877.945801;302.462463;-618.81134;2598.011475;219.001633;;;;;;
2984;0;-489.505005;3477.179932;366.883148;226.626648;3553.958252;336.771667;-142.263229;3236.987305;152.676956;58.839226;2877.916504;298.711273;-619.119507;2597.893066;216.65712;;;;;;
2985;0;-489.831116;3476.530273;362.264496;226.599258;3553.885986;332.702026;-142.62088;3236.619629;151.386475;58.761959;2877.891846;294.930511;-619.385376;2597.779541;214.31192;;;;;;
2986;0;-490.22699;3475.889404;357.689392;226.676788;3553.696045;328.625671;-142.940826;3236.180176;149.959915;58.648323;2877.875244;291.152649;-619.610352;2597.662354;211.969147;;;;;;
2987;0;-490.509552;3475.199463;353.10791;226.69043;3553.580566;324.615692;-143.13623;3235.75293;148.706314;58.516323;2877.867188;287.472412;-619.881348;2597.556641;209.614746;;;;;;
2988;0;-490.944366;3474.481689;348.507385;226.704346;3553.499268;320.559998;-143.2715;3235.334961;147.376282;58.408207;2877.926514;283.773407;-620.167908;2597.490723;207.203415;;;;;;
2989;0;-491.232025;3473.819336;343.876099;226.728256;3553.37793;316.564026;-143.552505;3234.995361;146.319199;58.296329;2877.914551;280.029633;-620.490051;2597.453857;204.939316;;;;;;
2990;0;-491.606445;3473.117676;339.311127;226.767929;3553.273682;312.558685;-143.600342;3234.486084;144.961655;58.165401;2877.907959;276.317444;-620.824463;2597.417236;202.647598;;;;;;
2991;0;-491.963898;3472.463379;334.794739;226.819443;3553.209961;308.591217;-143.703354;3234.167969;143.851593;58.086166;2878.016846;272.686707;-621.06189;2597.345947;200.254395;;;;;;
2992;0;-492.383911;3471.732422;330.156891;226.849594;3553.081299;304.618591;-143.804489;3233.768311;142.733719;57.930805;2878.087891;269.066589;-621.382751;2597.348389;197.943802;;;;;;
2993;0;-492.68985;3471.047852;325.614136;226.847031;3552.997559;300.672241;-143.852646;3233.420166;141.566071;57.780899;2878.075684;265.371704;-621.69989;2597.35376;195.647308;;;;;;
2994;0;-493.095093;3470.348145;321.042236;226.952545;3552.921631;296.733368;-143.943146;3233.027832;140.412964;57.62421;2878.117676;261.691223;-622.0354;2597.373291;193.322495;;;;;;
2995;0;-493.447998;3469.682373;316.51886;226.954239;3552.790283;292.834259;-143.915802;3232.691406;139.315796;57.515507;2878.213135;258.123444;-622.367493;2597.335449;190.967072;;;;;;
2996;0;-493.810516;3469.0354;312.008942;227.004532;3552.715332;288.902863;-144.049255;3232.38916;138.231186;57.373901;2878.301025;254.493149;-622.676331;2597.416748;188.635193;;;;;;
2997;0;-494.199097;3468.33374;307.501465;227.056717;3552.659912;285.028839;-144.027603;3232.11084;137.159607;57.20504;2878.382324;250.818695;-623.037231;2597.458496;186.390396;;;;;;
2998;0;-494.560333;3467.679688;302.999725;227.072662;3552.527344;281.157074;-144.126709;3231.872314;136.0802;57.07872;2878.54834;247.245712;-623.366089;2597.563477;184.115753;;;;;;
2999;0;-494.976562;3466.997803;298.555389;227.125885;3552.430664;277.298126;-144.086716;3231.678711;134.96167;56.929276;2878.592041;243.655563;-623.743103;2597.574951;181.729645;;;;;;
3000;0;-495.262482;3466.394287;294.065796;227.23465;3552.359863;273.437653;-144.110596;3231.564453;133.854507;56.866665;2878.706543;240.170197;-624.011292;2597.651123;179.411987;;;;;;
3001;0;-495.666229;3465.764404;289.600098;227.279907;3552.275391;269.607269;-144.102829;3231.355957;132.746262;56.76767;2878.803467;236.540817;-624.391235;2597.842773;177.202164;;;;;;
3002;0;-495.978699;3465.055176;285.189789;227.338089;3552.203613;265.780884;-144.1026;3231.226074;131.554138;56.615158;2878.909668;232.975464;-624.794983;2598.009766;175.007324;;;;;;
3003;0;-496.325623;3464.481934;280.736694;227.440079;3552.14502;262.009644;-144.104935;3230.977295;130.392502;56.515598;2878.953613;229.369751;-625.159485;2598.054932;172.601318;;;;;;
3004;0;-496.651337;3463.850098;276.290375;227.445602;3552.064697;258.18277;-144.060455;3230.878906;129.26088;56.392849;2879.057373;225.823242;-625.595337;2598.240479;170.358978;;;;;;
3005;0;-496.960175;3463.21875;271.856812;227.537766;3551.998535;254.422165;-144.035934;3230.757324;128.056458;56.23941;2879.163818;222.30426;-625.950378;2598.457764;168.186417;;;;;;
3006;0;-497.466095;3462.601318;267.465759;227.591919;3551.968994;250.655884;-144.057526;3230.600586;126.821594;56.110062;2879.274658;218.786438;-626.338257;2598.624756;165.904053;;;;;;
3007;0;-497.684235;3462.008789;263.090179;227.657089;3551.89624;246.9133;-144.031693;3230.546143;125.642288;55.967052;2879.364258;215.209076;-626.650635;2598.860596;163.547928;;;;;;
3008;0;-498.014496;3461.435547;258.769653;227.746201;3551.845703;243.199875;-144.029709;3230.471191;124.500992;55.889774;2879.431396;211.709641;-627.041626;2599.07373;161.296432;;;;;;
3009;0;-498.267212;3460.806152;254.352982;227.844727;3551.796875;239.490875;-144.038101;3230.330322;123.343025;55.755711;2879.471924;208.169739;-627.544495;2599.337891;159.165588;;;;;;
3010;0;-498.661469;3460.245117;250.060318;227.932266;3551.692139;235.811234;-144.013824;3230.239014;122.114357;55.631706;2879.592529;204.657379;-627.923584;2599.52002;156.794327;;;;;;
3011;0;-498.995056;3459.670898;245.658051;227.993622;3551.64917;232.17894;-144.11467;3230.140137;120.98822;55.483837;2879.63623;201.209549;-628.291809;2599.721924;154.418335;;;;;;
3012;0;-499.224579;3459.174316;241.336426;228.071304;3551.659424;228.595947;-144.096298;3230.250977;119.885483;55.29808;2879.712158;197.716064;-628.677612;2600.061035;152.311813;;;;;;
3013;0;-499.53714;3458.553223;236.962296;228.195145;3551.600098;225.076431;-144.181046;3230.337891;118.838089;55.12875;2879.755859;194.227585;-629.085815;2600.338623;150.072708;;;;;;
3014;0;-499.750183;3458.11499;232.649216;228.252319;3551.579102;221.474976;-144.031219;3230.661621;117.84919;54.963596;2879.77417;190.647232;-629.456787;2600.556885;147.710495;;;;;;
3015;0;-500.102875;3457.528076;228.266281;228.346771;3551.55957;217.952332;-143.987808;3230.904053;116.902138;54.781429;2879.751465;187.094604;-629.811951;2600.808594;145.472351;;;;;;
3016;0;-500.307434;3457.116455;223.919296;228.464752;3551.486328;214.451202;-143.955505;3231.161621;115.859726;54.705315;2879.806885;183.594498;-630.219788;2601.073242;143.242126;;;;;;
3017;0;-500.511047;3456.597412;219.471466;228.578003;3551.438721;210.961594;-143.775757;3231.474121;114.854034;54.532253;2879.763184;180.083054;-630.523743;2601.303711;140.966171;;;;;;
3018;0;-500.738678;3456.181396;215.167709;228.661423;3551.473145;207.562851;-143.693176;3231.862305;114.062798;54.407848;2879.764404;176.596558;-630.885437;2601.516113;138.680695;;;;;;
3019;0;-500.960052;3455.858643;210.914978;228.795837;3551.446533;204.234314;-143.567902;3232.250732;113.139969;54.224762;2879.774902;173.09491;-631.313599;2601.839844;136.6828;;;;;;
3020;0;-501.188385;3455.512695;206.56308;228.859924;3551.400635;200.895004;-143.460327;3232.603516;112.274025;53.997902;2879.834961;169.610733;-631.707458;2602.077148;134.528946;;;;;;
3021;0;-501.311432;3455.092529;202.289658;228.93988;3551.416504;197.551132;-143.362091;3232.994141;111.456528;53.847431;2879.801025;166.197128;-632.014038;2602.290527;132.240601;;;;;;
3022;0;-501.420868;3454.754639;198.00676;229.068634;3551.415771;194.306091;-143.292435;3233.421875;110.804108;53.627399;2879.799805;162.757156;-632.380981;2602.582764;130.189163;;;;;;
3023;0;-501.575165;3454.491943;193.793884;229.181686;3551.359375;191.041702;-143.207031;3233.826904;110.153976;53.440269;2879.727783;159.301636;-632.777405;2602.773193;128.086777;;;;;;
3024;0;-501.67041;3454.221191;189.582001;229.313278;3551.447998;187.843079;-143.095383;3234.249268;109.577774;53.261078;2879.625244;155.948273;-633.109863;2602.968994;125.956696;;;;;;
3025;0;-501.723114;3453.834229;185.41037;229.406937;3551.418945;184.690338;-142.97496;3234.682373;109.09581;53.035942;2879.59082;152.582916;-633.481689;2603.182373;123.910599;;;;;;
3026;0;-501.709686;3453.536133;181.18985;229.507858;3551.42749;181.603668;-142.83934;3235.147949;108.656303;52.842148;2879.520508;149.26593;-633.797668;2603.47583;121.946922;;;;;;
3027;0;-501.745941;3453.298584;177.082947;229.624359;3551.439941;178.533569;-142.638168;3235.458496;108.195618;52.600903;2879.450439;146.038864;-634.100342;2603.673828;119.978386;;;;;;
3028;0;-501.757446;3453.050293;172.985886;229.694321;3551.486084;175.470886;-142.440369;3235.891602;107.707512;52.377037;2879.358887;142.790054;-634.429993;2603.898438;118.112442;;;;;;
3029;0;-501.680542;3452.779297;168.865509;229.834915;3551.461182;172.469681;-142.204803;3236.263916;107.396347;52.174427;2879.314453;139.536484;-634.691528;2604.02002;116.175858;;;;;;
3030;0;-501.484863;3452.502441;164.769363;229.915298;3551.443848;169.475784;-141.950409;3236.73999;107.031662;51.973656;2879.206299;136.377075;-634.933533;2604.245361;114.430717;;;;;;
3031;0;-501.416382;3452.3125;160.762726;229.989777;3551.470459;166.501022;-141.627167;3237.116455;106.599197;51.660557;2879.109375;133.166382;-635.263672;2604.411377;112.634262;;;;;;
3032;0;-501.278748;3452.05957;156.721558;230.104996;3551.497803;163.566055;-141.26413;3237.648193;106.315292;51.383389;2879.025879;130.046204;-635.464417;2604.646484;110.915405;;;;;;
3033;0;-501.072418;3451.828125;152.753769;230.213165;3551.412842;160.611313;-140.914551;3238.032959;106.016907;51.125015;2878.879395;126.960159;-635.796753;2604.818604;109.309669;;;;;;
3034;0;-500.926666;3451.615723;148.782394;230.265213;3551.376465;157.713638;-140.472305;3238.483154;105.708412;50.83577;2878.79126;123.832008;-635.971497;2604.935791;107.700714;;;;;;
3035;0;-500.687531;3451.337402;144.836349;230.387619;3551.38623;154.914688;-140.032547;3238.900879;105.313828;50.56097;2878.717773;120.716492;-636.269409;2605.078369;106.22039;;;;;;
3036;0;-500.295654;3451.12207;140.947815;230.44873;3551.295898;152.077393;-139.58638;3239.393555;105.000069;50.216587;2878.616211;117.651222;-636.402832;2605.186768;104.654968;;;;;;
3037;0;-500.038513;3450.904053;137.14473;230.557159;3551.223633;149.280762;-139.000366;3239.889404;104.734123;49.983372;2878.529053;114.636871;-636.677856;2605.294434;103.455292;;;;;;
3038;0;-499.670105;3450.649658;133.46376;230.658417;3551.210693;146.597198;-138.422821;3240.453125;104.306282;49.710987;2878.466797;111.75145;-636.737122;2605.392334;102.05555;;;;;;
3039;0;-499.195709;3450.373779;129.734177;230.735092;3551.108154;143.840698;-137.910736;3240.821533;103.809082;49.503014;2878.32959;108.804932;-636.911255;2605.460205;100.8004;;;;;;
3040;0;-498.847382;3450.114746;126.17588;230.827515;3551.060547;141.273804;-137.413467;3241.211182;103.359489;49.223988;2878.339111;105.92215;-637.05896;2605.605469;99.694435;;;;;;
3041;0;-498.42337;3449.808838;122.614037;230.892792;3550.944824;138.662979;-136.780396;3241.695312;102.958595;48.918236;2878.229736;103.11261;-637.139648;2605.631592;98.50692;;;;;;
3042;0;-497.99762;3449.51001;119.103844;230.965576;3550.818848;136.036957;-136.187668;3241.994873;102.421013;48.687294;2878.188477;100.30896;-637.256897;2605.655762;97.427048;;;;;;
3043;0;-497.498169;3449.153076;115.697914;231.079086;3550.753418;133.487244;-135.615021;3242.409424;102.004112;48.356293;2878.215088;97.563148;-637.326233;2605.707764;96.363586;;;;;;
3044;0;-497.028442;3448.832031;112.394379;231.121017;3550.645264;130.949875;-135.048462;3242.704346;101.593185;48.095551;2878.099854;94.885406;-637.440918;2605.644043;95.317223;;;;;;
3045;0;-496.533752;3448.542236;109.19101;231.15181;3550.51001;128.574615;-134.459656;3243.110352;101.295624;47.839821;2878.132812;92.273018;-637.534241;2605.695068;94.471817;;;;;;
3046;0;-496.021912;3448.174805;106.030037;231.205765;3550.350342;126.192688;-133.81897;3243.481689;100.963326;47.527077;2878.055176;89.706566;-637.535828;2605.660645;93.546379;;;;;;
3047;0;-495.428802;3447.815918;103.028633;231.327332;3550.192139;123.863297;-133.09761;3243.76416;100.672249;47.281914;2877.999512;87.277817;-637.58197;2605.585205;92.719589;;;;;;
3048;0;-494.914886;3447.439941;100.074593;231.386215;3549.981201;121.486252;-132.524353;3244.188477;100.402695;47.027599;2878.024902;84.931213;-637.584961;2605.512695;91.818741;;;;;;
3049;0;-494.396759;3447.049072;97.176392;231.434448;3549.898193;119.249161;-131.896744;3244.520752;100.068062;46.698143;2878.037598;82.706192;-637.622803;2605.479004;91.235466;;;;;;
3050;0;-493.824951;3446.634277;94.356392;231.488327;3549.649658;117.049103;-131.221024;3245.018799;99.833954;46.412403;2877.965332;80.451195;-637.583679;2605.378418;90.499634;;;;;;
3051;0;-493.198914;3446.304688;91.723946;231.517044;3549.473145;114.912491;-130.556549;3245.378662;99.555817;46.127472;2877.876709;78.374657;-637.578979;2605.24585;89.723717;;;;;;
3052;0;-492.701294;3445.908203;89.089088;231.529236;3549.300293;112.732788;-129.924088;3245.823242;99.251198;45.855728;2877.943115;76.461243;-637.553711;2605.150146;89.154312;;;;;;
3053;0;-492.071655;3445.474365;86.601143;231.589188;3549.023193;110.603142;-129.259598;3246.152588;98.823639;45.560345;2877.840576;74.50798;-637.50238;2605.029541;88.63681;;;;;;
3054;0;-491.459686;3445.106689;84.234749;231.62648;3548.800781;108.603188;-128.517273;3246.643799;98.530762;45.302059;2877.746582;72.767288;-637.448914;2604.857666;88.071922;;;;;;
3055;0;-490.90274;3444.658936;81.849129;231.546387;3548.623779;106.658493;-128.017944;3247.005859;98.131973;45.143803;2877.770508;71.101776;-637.414551;2604.672119;87.551697;;;;;;
3056;0;-490.294861;3444.200684;79.670441;231.604813;3548.397949;104.682068;-127.399605;3247.41748;97.591133;44.796722;2877.665771;69.579384;-637.329407;2604.534668;87.124672;;;;;;
3057;0;-489.709076;3443.799561;77.684837;231.580643;3548.087891;102.815346;-126.719925;3247.939697;97.184433;44.594002;2877.66748;68.1903;-637.229309;2604.306885;86.629257;;;;;;
3058;0;-489.152954;3443.296143;75.729828;231.560013;3547.85376;100.95649;-126.051109;3248.372559;96.738533;44.389259;2877.601807;66.949585;-637.127869;2604.148682;86.265274;;;;;;
3059;0;-488.598511;3442.702637;73.759583;231.554062;3547.640625;99.205582;-125.519844;3248.740967;96.300713;44.149647;2877.552979;65.776863;-636.974365;2604.004639;85.988823;;;;;;
3060;0;-488.066101;3442.273193;72.179337;231.577255;3547.282471;97.395317;-124.797585;3249.127441;95.887299;43.940296;2877.52002;64.733116;-636.891663;2603.838135;85.743416;;;;;;
3061;0;-487.625336;3441.716553;70.509972;231.534454;3547.023438;95.728065;-124.112434;3249.565918;95.466972;43.711266;2877.393555;63.720493;-636.743103;2603.642334;85.3974;;;;;;
3062;0;-487.049896;3441.131592;69.032959;231.503784;3546.739746;94.034668;-123.396233;3249.922852;94.983315;43.472618;2877.374512;62.880733;-636.5979;2603.408691;85.056686;;;;;;
3063;0;-486.631989;3440.592041;67.628716;231.50177;3546.379883;92.535576;-122.777893;3250.361084;94.640968;43.301937;2877.302002;62.023991;-636.467957;2603.256348;84.77533;;;;;;
3064;0;-486.134613;3439.984619;66.393593;231.465637;3546.113525;90.994446;-122.070953;3250.689697;94.196487;43.119957;2877.21167;61.392269;-636.320007;2603.075195;84.463303;;;;;;
3065;0;-485.724854;3439.446289;65.272896;231.425476;3545.822754;89.538277;-121.40435;3251.074707;93.84671;42.884483;2877.186035;60.850273;-636.138733;2602.882812;84.204094;;;;;;
3066;0;-485.240234;3438.881836;64.310936;231.460785;3545.420166;88.169502;-120.660904;3251.59668;93.604744;42.748878;2877.123535;60.315651;-635.968811;2602.719238;83.973457;;;;;;
3067;0;-484.810333;3438.288818;63.317879;231.328995;3545.15332;86.822998;-119.994942;3252.070801;93.359917;42.617893;2877.097168;59.948059;-635.730896;2602.599121;83.73571;;;;;;
3068;0;-484.375305;3437.749268;62.544449;231.34343;3544.827881;85.508293;-119.255241;3252.596436;93.163979;42.49271;2877.086914;59.698811;-635.552185;2602.458252;83.477974;;;;;;
3069;0;-484.028107;3437.143555;61.792728;231.274902;3544.445801;84.306862;-118.318268;3253.068604;93.037743;42.417816;2877.110107;59.486458;-635.385437;2602.270752;83.308517;;;;;;
3070;0;-483.651031;3436.539062;61.156769;231.227432;3544.15918;83.128716;-117.755806;3253.449707;92.616745;42.325974;2877.098877;59.324188;-635.142761;2602.166748;83.110649;;;;;;
3071;0;-483.243378;3435.947998;60.513233;231.090683;3543.847656;82.089401;-117.054482;3253.831787;92.405479;42.259972;2877.07959;59.297947;-634.945068;2601.962891;82.792953;;;;;;
3072;0;-482.915558;3435.406982;60.066029;231.005646;3543.447754;81.088104;-116.419952;3254.184814;92.16011;42.194572;2877.089355;59.3312;-634.707031;2601.747314;82.50177;;;;;;
3073;0;-482.5289;3434.871094;59.6441;230.952454;3543.12793;80.074493;-115.677261;3254.538574;91.955811;42.144016;2877.111328;59.488976;-634.526917;2601.590088;82.330925;;;;;;
3074;0;-482.208496;3434.325684;59.274731;230.891098;3542.730957;79.12043;-115.035698;3254.88916;91.908653;42.149979;2877.103027;59.589588;-634.326843;2601.395996;82.051468;;;;;;
3075;0;-481.853058;3433.827393;59.044292;230.797119;3542.472412;78.334099;-114.288597;3255.23291;91.777054;42.172539;2877.10791;59.810177;-634.101318;2601.218506;81.888863;;;;;;
3076;0;-481.579956;3433.242432;58.75692;230.728577;3542.063477;77.476768;-113.596405;3255.549072;91.66098;42.206577;2877.161377;60.007664;-633.92926;2601;81.662941;;;;;;
3077;0;-481.212402;3432.75293;58.669361;230.639771;3541.678955;76.798416;-112.920532;3255.777832;91.561096;42.245251;2877.158691;60.250061;-633.680359;2600.872314;81.51059;;;;;;
3078;0;-480.954742;3432.217529;58.524487;230.516785;3541.418701;76.133461;-112.142029;3256.018066;91.619499;42.301514;2877.185547;60.461338;-633.534302;2600.680908;81.353157;;;;;;
3079;0;-480.651581;3431.738037;58.54715;230.413895;3540.988281;75.433769;-111.322601;3256.325195;91.660896;42.35339;2877.334473;60.77029;-633.345276;2600.483887;81.089035;;;;;;
3080;0;-480.356201;3431.32373;58.513981;230.325256;3540.627686;74.771904;-110.568764;3256.52124;91.765228;42.465256;2877.499756;61.003139;-633.144775;2600.294678;80.887634;;;;;;
3081;0;-480.061951;3430.838867;58.54583;230.209442;3540.296387;74.250412;-109.850845;3256.718018;91.833397;42.529915;2877.586182;61.248348;-632.931824;2600.092529;80.645386;;;;;;
3082;0;-479.764435;3430.387451;58.637211;230.082001;3539.898926;73.709549;-109.15168;3257.026611;91.816673;42.645065;2877.748291;61.496307;-632.761292;2599.866211;80.369827;;;;;;
3083;0;-479.435333;3429.946289;58.749359;229.960251;3539.57666;73.150063;-108.389229;3257.234619;91.76387;42.727032;2877.863281;61.635674;-632.606262;2599.714111;80.115585;;;;;;
3084;0;-479.223785;3429.486572;58.836063;229.845016;3539.123779;72.609352;-107.702499;3257.499756;91.835403;42.856819;2877.980713;61.840954;-632.429443;2599.553955;79.900131;;;;;;
3085;0;-478.888794;3429.068359;59.049255;229.68779;3538.714111;72.229836;-106.951782;3257.652588;91.891014;43.015038;2878.104736;61.98764;-632.263367;2599.376709;79.607414;;;;;;
3086;0;-478.662384;3428.663818;59.247902;229.575394;3538.301758;71.812813;-106.205391;3257.983398;91.940697;43.15596;2878.188965;62.147514;-632.116821;2599.250488;79.421959;;;;;;
3087;0;-478.458893;3428.307617;59.431156;229.407944;3537.922363;71.401306;-105.544373;3258.089355;91.857124;43.345402;2878.331299;62.222744;-631.944092;2599.081055;79.205986;;;;;;
3088;0;-478.192993;3427.902344;59.686172;229.252731;3537.528564;71.009796;-104.798782;3258.314209;91.764015;43.542152;2878.483154;62.29459;-631.801331;2598.927979;78.959625;;;;;;
3089;0;-478.015717;3427.518555;59.861191;229.159592;3537.103516;70.614967;-104.093231;3258.460449;91.726341;43.76461;2878.606201;62.306057;-631.65979;2598.718506;78.607529;;;;;;
3090;0;-477.778503;3427.120361;59.999088;229.016617;3536.650879;70.191307;-103.337158;3258.7229;91.584908;43.955528;2878.729736;62.263439;-631.513184;2598.508301;78.347031;;;;;;
3091;0;-477.598083;3426.699463;60.274326;228.899017;3536.165283;69.894966;-102.636368;3258.844971;91.323967;44.169647;2878.89624;62.230553;-631.384521;2598.303711;78.055542;;;;;;
3092;0;-477.408875;3426.327148;60.371113;228.698273;3535.817139;69.56736;-101.980087;3259.171875;91.202477;44.381432;2879.028809;62.152229;-631.325317;2598.164062;77.806915;;;;;;
3093;0;-477.219727;3425.975098;60.501232;228.560379;3535.337891;69.280777;-101.223152;3259.420166;91.093422;44.627209;2879.239014;62.049213;-631.153503;2597.987305;77.436798;;;;;;
3094;0;-477.09729;3425.632324;60.662453;228.404282;3535.009766;68.968048;-100.38102;3259.823486;90.940048;44.869698;2879.423584;61.894852;-631.033875;2597.883057;77.177277;;;;;;
3095;0;-476.920746;3425.326416;60.82333;228.25383;3534.538818;68.702858;-99.697906;3260.01123;90.683777;45.143188;2879.643066;61.778671;-630.961182;2597.777832;76.953766;;;;;;
3096;0;-476.746399;3424.946533;60.838989;228.086288;3534.16333;68.395798;-98.951752;3260.380615;90.467567;45.418816;2879.8396;61.629719;-630.879211;2597.663574;76.683212;;;;;;
3097;0;-476.686737;3424.59668;60.934063;227.980865;3533.663818;68.129524;-98.147781;3260.704346;90.31131;45.736561;2879.98877;61.431568;-630.80481;2597.56543;76.492302;;;;;;
3098;0;-476.618958;3424.250977;60.925869;227.810272;3533.293457;67.77993;-97.382019;3261.126221;90.124252;46.06255;2880.083496;61.120888;-630.730103;2597.416992;76.240303;;;;;;
3099;0;-476.539612;3423.924316;60.984962;227.661835;3532.811768;67.533928;-96.630455;3261.374512;89.895706;46.399284;2880.267822;60.80904;-630.648743;2597.285889;75.961044;;;;;;
3100;0;-476.514404;3423.632812;60.98156;227.487595;3532.408936;67.261322;-95.867432;3261.669434;89.750389;46.695;2880.455078;60.525196;-630.586792;2597.15918;75.717293;;;;;;
3101;0;-476.472504;3423.317139;60.969955;227.363953;3531.928711;66.990318;-95.073029;3262.087891;89.688217;47.053993;2880.602051;60.082851;-630.55481;2597.059814;75.550331;;;;;;
3102;0;-476.443024;3423.060547;60.938946;227.193771;3531.470947;66.706421;-94.358368;3262.31543;89.545036;47.400455;2880.704346;59.653767;-630.556519;2596.988525;75.415047;;;;;;
3103;0;-476.390442;3422.775879;60.925568;227.089752;3531.002686;66.454292;-93.616982;3262.743408;89.473854;47.745403;2880.82373;59.216316;-630.534729;2596.818604;75.217018;;;;;;
3104;0;-476.369568;3422.538818;60.798626;226.886322;3530.586182;66.20369;-92.718391;3263.23999;89.266075;48.144993;2880.967773;58.779022;-630.585449;2596.837158;75.129166;;;;;;
3105;0;-476.383148;3422.30542;60.677116;226.81665;3530.140137;65.890968;-92.088234;3263.680176;89.126167;48.502647;2881.118408;58.352364;-630.519653;2596.710449;74.96241;;;;;;
3106;0;-476.373108;3422.049805;60.55241;226.685333;3529.769287;65.612251;-91.28685;3264.17041;88.94471;48.925316;2881.227539;57.876762;-630.546692;2596.692627;74.900261;;;;;;
3107;0;-476.378479;3421.937988;60.453461;226.608276;3529.365967;65.264496;-90.584686;3264.628418;88.755974;49.272419;2881.343506;57.435383;-630.596863;2596.608887;74.731262;;;;;;
3108;0;-476.421021;3421.692871;60.269672;226.49379;3529.008789;64.860458;-89.772194;3265.223145;88.494736;49.718536;2881.45459;56.828381;-630.573181;2596.61377;74.540573;;;;;;
3109;0;-476.509155;3421.548828;60.008652;226.368073;3528.619385;64.494965;-89.160408;3265.630371;88.193474;50.069126;2881.584473;56.180107;-630.666016;2596.556152;74.258904;;;;;;
3110;0;-476.511017;3421.42334;59.906265;226.220215;3528.300293;63.981339;-88.333229;3266.155273;87.813545;50.518986;2881.73291;55.392197;-630.69043;2596.532227;73.767693;;;;;;
3111;0;-476.639435;3421.314941;59.719219;226.120316;3527.938721;63.37674;-87.675652;3266.632812;87.400513;50.893177;2881.927979;54.442932;-630.779907;2596.435791;73.022194;;;;;;
3112;0;-476.706177;3421.209961;59.492111;225.954803;3527.580078;62.613583;-86.993553;3267.08667;86.75956;51.259846;2882.01123;53.300468;-630.836365;2596.379883;72.196037;;;;;;
3113;0;-476.853271;3421.123535;59.128235;225.828476;3527.251221;61.664474;-86.291862;3267.671875;85.979172;51.595356;2882.209961;52.012791;-630.893311;2596.387207;71.162994;;;;;;
3114;0;-476.969543;3421.004395;58.531654;225.662079;3526.90918;60.443661;-85.614464;3268.18335;84.885353;51.958698;2882.352539;50.384308;-631.019226;2596.348389;69.707466;;;;;;
3115;0;-477.048676;3420.940186;57.88279;225.500076;3526.585205;59.012962;-84.926132;3268.684082;83.546295;52.503227;2882.417969;49.713604;-630.987915;2596.333008;68.048668;;;;;;
3116;0;-477.181702;3420.86084;56.922871;225.375092;3526.289551;57.263393;-84.296303;3269.263916;81.987885;52.746647;2882.412354;50.236855;-631.052612;2596.145996;65.922668;;;;;;
3117;0;-477.28717;3420.847412;55.810165;225.187683;3525.974121;55.177284;-83.627968;3269.792725;80.100563;53.028515;2882.496338;50.413822;-631.135437;2596.09668;63.695908;;;;;;
3118;0;-477.396362;3420.85083;54.407177;225.052368;3525.705566;52.886417;-82.965668;3270.349121;77.878059;53.277256;2882.530029;50.266171;-631.206848;2596.016846;61.066494;;;;;;
3119;0;-477.533752;3420.800537;52.825642;225.257523;3524.873535;50.881882;-82.403534;3270.892334;75.338127;53.556454;2882.58374;49.937962;-631.264709;2595.929199;58.126926;;;;;;
3120;0;-477.41333;3420.523682;51.429489;225.06778;3524.35376;49.819672;-81.760834;3271.4646;72.492241;53.852661;2882.664795;49.589199;-631.348938;2595.779541;54.663269;;;;;;
3121;0;-477.439178;3420.691406;51.556499;224.908508;3524.040283;50.033699;-81.160393;3272.009766;69.270424;53.949005;2882.783936;49.656971;-631.283142;2596.317383;51.945766;;;;;;
3122;0;-477.468353;3420.72876;51.770676;224.789459;3523.767334;49.932156;-80.572037;3272.646484;65.760704;54.044189;2882.86377;49.628494;-631.430786;2596.427734;51.759785;;;;;;
3123;0;-477.431183;3420.801514;51.619991;224.669907;3523.530518;49.971119;-79.866234;3273.281494;61.723583;54.071018;2882.90625;49.591133;-631.453308;2596.464844;52.109409;;;;;;
3124;0;-477.481598;3420.775879;51.446007;224.581177;3523.373535;49.914948;-79.240517;3273.949707;57.421432;54.071579;2882.895996;49.599804;-631.458923;2596.479736;52.081646;;;;;;
3125;0;-477.603882;3420.619873;51.533932;224.557343;3523.301514;49.964142;-78.545433;3274.471436;52.830696;54.03867;2882.884277;49.618244;-631.531189;2596.508057;51.683472;;;;;;
3126;0;-477.696869;3420.54541;51.483265;224.568573;3523.27002;49.92725;-78.018692;3274.384521;50.960941;54.059525;2882.898193;49.63316;-631.638977;2596.417725;51.482162;;;;;;
3127;0;-477.739136;3420.491455;51.486263;224.550903;3523.23877;49.943626;-77.788185;3274.64209;52.114044;54.028507;2882.898193;49.646931;-631.650146;2596.378174;51.570415;;;;;;
3128;0;-477.781525;3420.443848;51.478817;224.527374;3523.236328;49.956707;-77.54364;3274.930908;52.655834;54.029179;2882.889648;49.659492;-631.607483;2596.365967;51.502766;;;;;;
3129;0;-477.816528;3420.400391;51.444603;224.555939;3523.251465;49.91489;-77.365189;3275.224609;52.84198;54.027542;2882.889404;49.617363;-631.652954;2596.337646;51.537468;;;;;;
3130;0;-477.817749;3420.373535;51.532715;224.572968;3523.265137;49.939251;-77.190079;3275.52417;52.550304;54.057205;2882.87915;49.621712;-631.639709;2596.330322;51.480518;;;;;;
3131;0;-477.800018;3420.398682;51.491039;224.560623;3523.253418;49.912582;-77.014816;3275.774902;51.85376;54.026558;2882.878418;49.6366;-631.626526;2596.341309;51.489426;;;;;;
3132;0;-477.795807;3420.398926;51.489101;224.560974;3523.243652;49.919052;-77.17482;3275.725342;51.177658;54.053299;2882.880615;49.630051;-631.624695;2596.300293;51.427757;;;;;;
3133;0;-477.778595;3420.401611;51.489742;224.554626;3523.243896;49.922424;-77.007454;3275.96875;51.154018;54.052956;2882.86499;49.602528;-631.630554;2596.337158;51.495434;;;;;;
3134;0;-477.783752;3420.405273;51.498821;224.54451;3523.259033;49.931297;-76.916672;3276.221924;51.331524;54.011772;2882.914795;49.636124;-631.595337;2596.36499;51.508709;;;;;;
3135;0;-477.799896;3420.402832;51.488899;224.556442;3523.294678;49.940292;-76.86396;3276.301514;51.153751;54.037796;2882.898193;49.626762;-631.643433;2596.331299;51.484867;;;;;;
3136;0;-477.798523;3420.365967;51.44199;224.555878;3523.272217;49.899342;-76.945847;3276.173828;51.142612;54.058483;2882.89917;49.59761;-631.659241;2596.356445;51.46405;;;;;;
3137;0;-477.784363;3420.397949;51.466743;224.558334;3523.258545;49.90094;-77.050797;3276.13623;51.186737;54.076424;2882.903809;49.61607;-631.640503;2596.313721;51.440048;;;;;;
3138;0;-477.788544;3420.375244;51.459335;224.58017;3523.249268;49.868431;-77.101723;3276.048828;51.110119;54.031631;2882.889648;49.621628;-631.654236;2596.318359;51.425816;;;;;;
3139;0;-477.801422;3420.387207;51.46648;224.554291;3523.259521;49.910709;-77.05645;3276.114502;51.236465;54.070805;2882.875977;49.597313;-631.615662;2596.353516;51.479958;;;;;;
3140;0;-477.812347;3420.381348;51.47049;224.521332;3523.241699;49.957439;-77.061874;3276.102783;51.180248;54.012764;2882.90918;49.677479;-631.610168;2596.357666;51.520302;;;;;;
3141;0;-477.816254;3420.372559;51.515759;224.547684;3523.236572;49.928455;-77.098946;3276.074707;51.18729;54.040833;2882.887939;49.676003;-631.64386;2596.353027;51.54694;;;;;;
3142;0;-477.833893;3420.386963;51.51849;224.550781;3523.234863;49.932117;-77.067192;3276.125244;51.26796;53.998684;2882.891846;49.659855;-631.673035;2596.310547;51.480236;;;;;;
3143;0;-477.807739;3420.378906;51.490082;224.545792;3523.250244;49.937775;-77.05703;3276.125977;51.237843;54.032127;2882.900635;49.634476;-631.625793;2596.376465;51.506393;;;;;;
3144;0;-477.789368;3420.388672;51.43615;224.531586;3523.251953;49.926525;-77.047394;3276.115479;51.209026;54.011608;2882.873291;49.62043;-631.63092;2596.355957;51.481506;;;;;;
3145;0;-477.813812;3420.381592;51.488441;224.579147;3523.265625;49.865181;-77.043266;3276.107178;51.188099;54.03989;2882.890869;49.600967;-631.635559;2596.320312;51.445908;;;;;;
3146;0;-477.802185;3420.366943;51.438404;224.573349;3523.27832;49.888493;-77.043129;3276.088379;51.128277;54.068245;2882.914795;49.612507;-631.592041;2596.363525;51.475094;;;;;;
3147;0;-477.803528;3420.394287;51.45879;224.559677;3523.283447;49.924164;-77.024765;3276.114258;51.157196;54.035606;2882.919189;49.627281;-631.666809;2596.340088;51.463326;;;;;;
3148;0;-477.830109;3420.39502;51.477543;224.57663;3523.293457;49.897141;-77.040581;3276.166748;51.22868;54.051029;2882.929688;49.631714;-631.632019;2596.380371;51.489822;;;;;;
3149;0;-477.787018;3420.380127;51.467678;224.564072;3523.275879;49.888718;-77.09877;3276.110596;51.165054;54.051762;2882.882812;49.584393;-631.583069;2596.383301;51.506638;;;;;;
3150;0;-477.797363;3420.387939;51.485249;224.560226;3523.255615;49.895363;-77.058319;3276.121094;51.16502;54.055317;2882.915771;49.60881;-631.630005;2596.322266;51.456757;;;;;;
3151;0;-477.79715;3420.395508;51.515804;224.552383;3523.247803;49.904537;-77.052139;3276.112061;51.172283;54.0499;2882.910156;49.623142;-631.655518;2596.327393;51.48325;;;;;;
3152;0;-477.808167;3420.387939;51.449226;224.551651;3523.253418;49.921349;-77.078293;3276.068604;51.135334;54.048409;2882.891602;49.618313;-631.639221;2596.312012;51.494743;;;;;;
3153;0;-477.827637;3420.373779;51.478291;224.543976;3523.25;49.94128;-77.085693;3276.108398;51.227425;54.024998;2882.873779;49.614914;-631.661743;2596.310059;51.520138;;;;;;
3154;0;-477.812042;3420.366211;51.500866;224.531708;3523.225586;49.959816;-77.069984;3276.08667;51.165798;54.028893;2882.891846;49.654884;-631.623657;2596.372559;51.504158;;;;;;
3155;0;-477.828308;3420.370117;51.48735;224.562393;3523.240967;49.893559;-77.087273;3276.07959;51.179001;54.02422;2882.879395;49.622513;-631.638306;2596.336914;51.487446;;;;;;
3156;0;-477.823914;3420.385254;51.459305;224.566147;3523.240967;49.890514;-77.058365;3276.088135;51.145832;54.026489;2882.874512;49.626591;-631.659546;2596.341309;51.458694;;;;;;
3157;0;-477.788696;3420.389893;51.431847;224.575775;3523.255371;49.866364;-77.041702;3276.096924;51.163078;54.051289;2882.915283;49.625412;-631.670532;2596.32666;51.456341;;;;;;
3158;0;-477.792938;3420.375;51.454426;224.551224;3523.280029;49.923534;-77.048119;3276.10083;51.141964;54.060005;2882.881348;49.591141;-631.650085;2596.321533;51.473011;;;;;;
3159;0;-477.815155;3420.400635;51.440422;224.543274;3523.264893;49.929813;-77.062553;3276.108643;51.141621;54.035114;2882.918945;49.634933;-631.656128;2596.346924;51.475067;;;;;;
3160;0;-477.779297;3420.400635;51.446144;224.55806;3523.270996;49.908981;-77.082588;3276.084473;51.111019;54.043625;2882.879639;49.585865;-631.589844;2596.345947;51.435883;;;;;;
3161;0;-477.811737;3420.391602;51.467636;224.569168;3523.259277;49.891376;-77.060173;3276.118896;51.172184;54.053623;2882.909912;49.602989;-631.658752;2596.380371;51.500484;;;;;;
3162;0;-477.819824;3420.385742;51.488197;224.563095;3523.255371;49.894756;-77.037445;3276.135742;51.174023;54.045246;2882.904053;49.654507;-631.654175;2596.359131;51.461304;;;;;;
3163;0;-477.801666;3420.399902;51.416325;224.598541;3523.260498;49.857399;-77.080215;3276.091553;51.143715;54.055084;2882.89624;49.588722;-631.672485;2596.332275;51.433125;;;;;;
3164;0;-477.799316;3420.388428;51.451427;224.560822;3523.249268;49.904396;-77.079643;3276.104736;51.163574;54.043755;2882.916016;49.63343;-631.649048;2596.330811;51.483856;;;;;;
3165;0;-477.797363;3420.371338;51.481865;224.563766;3523.253174;49.905994;-77.001015;3276.120361;51.158398;54.022331;2882.900879;49.606068;-631.601562;2596.352783;51.491386;;;;;;
3166;0;-477.795288;3420.344238;51.488064;224.57254;3523.240234;49.912785;-77.055969;3276.096924;51.144463;54.03038;2882.884277;49.625965;-631.619385;2596.318604;51.454777;;;;;;
3167;0;-477.795105;3420.373535;51.492241;224.540451;3523.228516;49.9734;-77.072433;3276.066162;51.131584;54.03231;2882.892334;49.671509;-631.622375;2596.331543;51.492729;;;;;;
3168;0;-477.840515;3420.380859;51.520809;224.548141;3523.239502;49.963287;-77.070892;3276.09375;51.212681;54.0331;2882.880859;49.645557;-631.679565;2596.341797;51.524029;;;;;;
3169;0;-477.833923;3420.400146;51.459938;224.55484;3523.278076;49.935814;-77.084343;3276.114258;51.174446;54.026379;2882.893066;49.636471;-631.63092;2596.351074;51.495747;;;;;;
3170;0;-477.78302;3420.393799;51.473774;224.577667;3523.229736;49.884972;-77.068581;3276.100586;51.179554;54.050129;2882.883545;49.653652;-631.663635;2596.30835;51.481743;;;;;;
3171;0;-477.792816;3420.383301;51.463219;224.576874;3523.251953;49.86446;-77.048447;3276.126709;51.153896;54.04668;2882.894043;49.591724;-631.654907;2596.324951;51.454411;;;;;;
3172;0;-477.797272;3420.396729;51.449696;224.577103;3523.28833;49.89616;-77.047638;3276.088867;51.120647;54.023193;2882.901367;49.616173;-631.665161;2596.325684;51.449699;;;;;;
3173;0;-477.807434;3420.394531;51.440365;224.556946;3523.255615;49.912701;-77.070717;3276.103516;51.139324;54.058098;2882.896973;49.599369;-631.653442;2596.324951;51.457375;;;;;;
3174;0;-477.817352;3420.385498;51.485561;224.583008;3523.261475;49.886261;-77.024963;3276.15918;51.254303;54.060726;2882.90625;49.610504;-631.611023;2596.3125;51.464588;;;;;;
3175;0;-477.828766;3420.396729;51.463993;224.564713;3523.267822;49.902309;-77.054771;3276.137695;51.171524;54.031311;2882.911377;49.60907;-631.604309;2596.344727;51.461132;;;;;;
3176;0;-477.792969;3420.370361;51.453213;224.57515;3523.269531;49.92049;-77.039131;3276.131104;51.188461;54.060127;2882.895264;49.602665;-631.663208;2596.328369;51.468105;;;;;;
3177;0;-477.793549;3420.395508;51.46423;224.584732;3523.280029;49.907555;-77.07933;3276.123047;51.206139;54.054798;2882.903809;49.648617;-631.634766;2596.344482;51.472797;;;;;;
3178;0;-477.789368;3420.379883;51.458027;224.566635;3523.244141;49.905014;-77.039703;3276.099121;51.207294;54.047932;2882.882568;49.591358;-631.637695;2596.32373;51.451447;;;;;;
3179;0;-477.794647;3420.358643;51.461403;224.556213;3523.247559;49.941475;-77.038925;3276.089355;51.192677;54.031948;2882.867188;49.605213;-631.63385;2596.306641;51.463055;;;;;;
3180;0;-477.803986;3420.373047;51.497601;224.56813;3523.223145;49.914169;-77.043213;3276.10083;51.204861;54.023666;2882.870117;49.658539;-631.644043;2596.314941;51.513435;;;;;;
3181;0;-477.796936;3420.377441;51.478481;224.552475;3523.241943;49.907539;-77.05999;3276.12085;51.189335;54.032665;2882.873291;49.61512;-631.656128;2596.341797;51.47541;;;;;;
3182;0;-477.8078;3420.38208;51.470406;224.555298;3523.264404;49.919563;-77.043266;3276.12085;51.216255;54.042301;2882.893066;49.606682;-631.598328;2596.373779;51.508862;;;;;;
3183;0;-477.819153;3420.408691;51.47374;224.565826;3523.246338;49.920509;-77.067345;3276.121338;51.195091;54.03651;2882.908936;49.612114;-631.641052;2596.359375;51.460072;;;;;;
3184;0;-477.802551;3420.364746;51.46307;224.564987;3523.257812;49.895748;-77.074478;3276.111572;51.155182;54.052204;2882.897461;49.597954;-631.622925;2596.344482;51.440033;;;;;;
3185;0;-477.825592;3420.389404;51.483616;224.585373;3523.24585;49.858482;-77.063164;3276.099365;51.134121;54.030216;2882.89209;49.59594;-631.614929;2596.300293;51.429333;;;;;;
3186;0;-477.785706;3420.419678;51.424316;224.563507;3523.262207;49.905186;-77.079086;3276.11084;51.190502;54.037521;2882.914062;49.609512;-631.62677;2596.349609;51.44965;;;;;;
3187;0;-477.819061;3420.392578;51.487888;224.548904;3523.272461;49.902775;-77.054886;3276.120361;51.175964;54.053654;2882.898438;49.579506;-631.646301;2596.372314;51.49015;;;;;;
3188;0;-477.790649;3420.376221;51.474335;224.54335;3523.258789;49.937263;-77.054321;3276.087402;51.137932;54.032085;2882.898926;49.634506;-631.639404;2596.366699;51.529835;;;;;;
3189;0;-477.793182;3420.395996;51.489674;224.5858;3523.258545;49.869541;-77.08567;3276.116211;51.190208;54.042645;2882.900146;49.628162;-631.637085;2596.342773;51.476398;;;;;;
3190;0;-477.824493;3420.37207;51.449959;224.574615;3523.247314;49.863564;-77.069305;3276.093018;51.151432;54.05241;2882.891602;49.636894;-631.655273;2596.328613;51.496258;;;;;;
3191;0;-477.785492;3420.373779;51.486687;224.573883;3523.253418;49.890465;-77.081978;3276.088867;51.186199;54.061283;2882.880127;49.616547;-631.648193;2596.338867;51.493721;;;;;;
3192;0;-477.825439;3420.383789;51.477283;224.555588;3523.244385;49.895634;-77.042725;3276.081299;51.147575;54.076126;2882.890625;49.611546;-631.626465;2596.317627;51.473511;;;;;;
3193;0;-477.791016;3420.386475;51.467209;224.559586;3523.264404;49.961124;-77.028877;3276.080322;51.169579;54.024853;2882.868164;49.617233;-631.655457;2596.306885;51.464348;;;;;;
3194;0;-477.795227;3420.388916;51.520687;224.578018;3523.260986;49.919338;-77.085648;3276.075928;51.15749;54.040157;2882.869385;49.642902;-631.65271;2596.318115;51.480835;;;;;;
3195;0;-477.778595;3420.375977;51.481876;224.540421;3523.253418;49.966152;-77.038216;3276.120605;51.189205;54.056015;2882.912109;49.653893;-631.63623;2596.32251;51.480717;;;;;;
3196;0;-477.828308;3420.384766;51.471344;224.554535;3523.261719;49.919861;-77.062988;3276.088867;51.15575;54.032925;2882.906738;49.613285;-631.614746;2596.345459;51.477764;;;;;;
3197;0;-477.784851;3420.384277;51.486095;224.581177;3523.260986;49.904118;-77.04113;3276.12793;51.15834;54.05711;2882.893066;49.612309;-631.615723;2596.340576;51.461285;;;;;;
3198;0;-477.788513;3420.375977;51.426659;224.600418;3523.275391;49.84935;-77.06337;3276.108643;51.134041;54.070553;2882.922607;49.608253;-631.616638;2596.297852;51.375614;;;;;;
3199;0;-477.820557;3420.384277;51.454136;224.576736;3523.262451;49.880684;-77.036697;3276.138184;51.184475;54.045502;2882.888428;49.586403;-631.66748;2596.359131;51.503143;;;;;;
3200;0;-477.785461;3420.381836;51.436081;224.551025;3523.278809;49.9226;-77.040405;3276.087891;51.158752;54.035255;2882.90918;49.606636;-631.611816;2596.329346;51.444218;;;;;;
3201;0;-477.811096;3420.381836;51.450962;224.569107;3523.271973;49.885002;-77.086243;3276.100098;51.150387;54.041912;2882.886963;49.607395;-631.664185;2596.344971;51.491219;;;;;;
3202;0;-477.809753;3420.360352;51.510101;224.549744;3523.262939;49.937477;-77.06353;3276.125244;51.213318;54.033375;2882.914307;49.620914;-631.655334;2596.305176;51.47908;;;;;;
3203;0;-477.820435;3420.400391;51.453068;224.55896;3523.280518;49.908596;-77.070427;3276.135498;51.243797;54.047077;2882.906738;49.63829;-631.63562;2596.347656;51.476532;;;;;;
3204;0;-477.792175;3420.362061;51.460941;224.569183;3523.241455;49.933403;-77.054581;3276.106934;51.206432;54.041088;2882.894043;49.6362;-631.637634;2596.331543;51.488468;;;;;;
3205;0;-477.826202;3420.388916;51.464485;224.559418;3523.238037;49.908249;-77.06192;3276.071777;51.137772;54.06432;2882.887695;49.618374;-631.646118;2596.31958;51.493046;;;;;;
3206;0;-477.79068;3420.381348;51.500786;224.579208;3523.235596;49.932739;-77.079521;3276.063721;51.168674;54.059925;2882.885498;49.627819;-631.648621;2596.297119;51.476433;;;;;;
3207;0;-477.806641;3420.371338;51.425728;224.573593;3523.251709;49.884792;-77.04599;3276.078125;51.140854;54.026161;2882.877441;49.627838;-631.639587;2596.312256;51.473537;;;;;;
3208;0;-477.795502;3420.352051;51.505291;224.541122;3523.245117;49.941639;-77.047829;3276.117432;51.186821;54.025299;2882.895508;49.639229;-631.643616;2596.354492;51.492855;;;;;;
3209;0;-477.82193;3420.396729;51.462433;224.555588;3523.256104;49.909298;-77.025978;3276.141602;51.210114;54.038612;2882.924072;49.620384;-631.644226;2596.320068;51.449383;;;;;;
3210;0;-477.797943;3420.4104;51.491035;224.577988;3523.261719;49.846634;-77.100662;3276.102295;51.163944;54.05574;2882.911377;49.64978;-631.630737;2596.31958;51.475574;;;;;;
3211;0;-477.790466;3420.389893;51.457176;224.575821;3523.266602;49.857445;-77.04734;3276.116211;51.15699;54.059139;2882.896973;49.595673;-631.606262;2596.353027;51.479233;;;;;;
3212;0;-477.764893;3420.379639;51.43182;224.586594;3523.281982;49.863186;-77.034271;3276.12793;51.170403;54.056068;2882.905273;49.59531;-631.618469;2596.348877;51.469093;;;;;;
3213;0;-477.788971;3420.395752;51.459995;224.578598;3523.264893;49.88554;-77.078796;3276.088623;51.121712;54.059837;2882.901123;49.619438;-631.60791;2596.293701;51.462212;;;;;;
3214;0;-477.801331;3420.379395;51.465694;224.573318;3523.271973;49.886536;-77.030434;3276.117432;51.161228;54.031849;2882.884766;49.597023;-631.650085;2596.343262;51.47448;;;;;;
3215;0;-477.799622;3420.412842;51.469204;224.563324;3523.277588;49.910706;-77.036064;3276.105713;51.173306;54.035336;2882.900391;49.633118;-631.689575;2596.346191;51.463902;;;;;;
3216;0;-477.814789;3420.374756;51.465569;224.563614;3523.263672;49.881607;-77.0718;3276.143799;51.240047;54.029823;2882.904785;49.647846;-631.652405;2596.337402;51.485058;;;;;;
3217;0;-477.809113;3420.394287;51.458839;224.551041;3523.249268;49.937366;-77.02861;3276.116943;51.184799;54.043308;2882.902832;49.629414;-631.637329;2596.356445;51.514858;;;;;;
3218;0;-477.79538;3420.366455;51.477123;224.578064;3523.231445;49.897537;-77.049202;3276.102051;51.199272;54.040081;2882.890869;49.620052;-631.634216;2596.317871;51.464546;;;;;;
3219;0;-477.78006;3420.393311;51.461456;224.563904;3523.213379;49.900291;-77.058548;3276.069824;51.150169;54.048454;2882.885498;49.637291;-631.612793;2596.336426;51.496788;;;;;;
3220;0;-477.834259;3420.364014;51.479382;224.558853;3523.248779;49.907066;-77.043205;3276.099121;51.195168;54.040005;2882.85791;49.614006;-631.659607;2596.29541;51.444107;;;;;;
3221;0;-477.807312;3420.39209;51.493999;224.552765;3523.245605;49.925243;-77.052559;3276.088623;51.152134;54.056396;2882.886719;49.622303;-631.663208;2596.318604;51.453583;;;;;;
3222;0;-477.809021;3420.384277;51.426807;224.566391;3523.275879;49.899994;-77.083618;3276.088135;51.184338;54.034935;2882.906494;49.647224;-631.638306;2596.353516;51.498615;;;;;;
3223;0;-477.786774;3420.390137;51.507317;224.562088;3523.268799;49.912785;-77.056427;3276.098633;51.164749;54.038876;2882.907471;49.623917;-631.646423;2596.352783;51.507298;;;;;;
3224;0;-477.785889;3420.376953;51.420422;224.571991;3523.268799;49.899628;-77.061211;3276.105957;51.143005;54.068684;2882.903564;49.585423;-631.640747;2596.311035;51.464767;;;;;;
3225;0;-477.780701;3420.38208;51.433315;224.582687;3523.289307;49.889576;-77.039978;3276.073975;51.128265;54.06337;2882.891113;49.601673;-631.629028;2596.332764;51.477959;;;;;;
3226;0;-477.778625;3420.383301;51.414631;224.576904;3523.26001;49.874275;-77.02343;3276.125488;51.167355;54.05331;2882.894775;49.569386;-631.60968;2596.332275;51.455994;;;;;;
3227;0;-477.815704;3420.377197;51.4823;224.564499;3523.268311;49.89357;-77.057976;3276.127441;51.14706;54.060535;2882.914795;49.595158;-631.66803;2596.339844;51.439018;;;;;;
3228;0;-477.790131;3420.395752;51.451122;224.562027;3523.257812;49.87719;-77.096321;3276.09375;51.150452;54.051838;2882.873779;49.59277;-631.633118;2596.330566;51.448036;;;;;;
3229;0;-477.799225;3420.390625;51.494793;224.554382;3523.27002;49.91301;-77.030144;3276.139648;51.185287;54.045383;2882.903809;49.626095;-631.654175;2596.347656;51.498692;;;;;;
3230;0;-477.80957;3420.386963;51.435551;224.546478;3523.2771;49.933846;-77.071129;3276.106934;51.167664;54.034153;2882.896973;49.606728;-631.671265;2596.319824;51.478294;;;;;;
3231;0;-477.7901;3420.375732;51.464245;224.557846;3523.227051;49.87785;-77.074211;3276.077637;51.164501;54.057224;2882.875732;49.611401;-631.637024;2596.334961;51.466141;;;;;;
3232;0;-477.795624;3420.37207;51.458202;224.562012;3523.266113;49.913036;-77.038101;3276.128662;51.226479;54.049255;2882.879395;49.598049;-631.651611;2596.315918;51.468578;;;;;;
3233;0;-477.793854;3420.383057;51.454662;224.555527;3523.239258;49.924873;-77.069283;3276.086182;51.171169;54.050125;2882.883789;49.629765;-631.641052;2596.335205;51.518585;;;;;;
3234;0;-477.775787;3420.367188;51.502319;224.586456;3523.247314;49.921997;-77.050285;3276.074463;51.145222;54.05056;2882.85498;49.617859;-631.630798;2596.290771;51.46788;;;;;;
3235;0;-477.799713;3420.377197;51.471836;224.548462;3523.254395;49.909649;-77.063599;3276.089355;51.145035;54.069141;2882.885254;49.59956;-631.656616;2596.332031;51.5061;;;;;;
3236;0;-477.781403;3420.375977;51.457623;224.552261;3523.246094;49.915035;-77.081268;3276.103271;51.14624;54.042824;2882.90625;49.632195;-631.627197;2596.381104;51.493095;;;;;;
3237;0;-477.794189;3420.415283;51.453716;224.569962;3523.280273;49.890915;-77.080208;3276.109619;51.169746;54.046116;2882.903076;49.60865;-631.677612;2596.326172;51.452419;;;;;;
3238;0;-477.797028;3420.396484;51.458241;224.581238;3523.26123;49.857189;-77.068665;3276.081787;51.111851;54.050678;2882.892578;49.580338;-631.629517;2596.365234;51.475521;;;;;;
3239;0;-477.804077;3420.390381;51.434898;224.574631;3523.257324;49.875488;-77.038017;3276.132324;51.161201;54.058849;2882.872559;49.577072;-631.657349;2596.325928;51.463562;;;;;;
3240;0;-477.815582;3420.398682;51.462986;224.574539;3523.249023;49.877781;-77.043182;3276.11499;51.16906;54.057613;2882.89502;49.591763;-631.657837;2596.343262;51.456989;;;;;;
3241;0;-477.816895;3420.404297;51.475449;224.577362;3523.25293;49.889397;-77.033531;3276.137207;51.196625;54.064037;2882.891846;49.604652;-631.669617;2596.345215;51.438595;;;;;;
3242;0;-477.768066;3420.381348;51.437134;224.565979;3523.251465;49.902382;-77.04393;3276.104248;51.173573;54.036636;2882.88916;49.618893;-631.640503;2596.359863;51.499432;;;;;;
3243;0;-477.768127;3420.377197;51.441845;224.57608;3523.230957;49.88266;-77.071213;3276.09668;51.15123;54.049015;2882.891113;49.629372;-631.61322;2596.338135;51.468197;;;;;;
3244;0;-477.815826;3420.391846;51.463078;224.567169;3523.254883;49.9133;-77.060715;3276.097656;51.177868;54.056957;2882.873047;49.589993;-631.647339;2596.310303;51.466522;;;;;;
3245;0;-477.804626;3420.403076;51.50563;224.579178;3523.22876;49.879608;-77.048714;3276.112793;51.211452;54.054413;2882.861816;49.619297;-631.669739;2596.322266;51.46262;;;;;;
3246;0;-477.802338;3420.386719;51.485142;224.549667;3523.249268;49.907024;-77.059486;3276.133545;51.219826;54.053314;2882.891357;49.6306;-631.647583;2596.307129;51.45359;;;;;;
3247;0;-477.796173;3420.371094;51.463383;224.549301;3523.23999;49.940144;-77.071411;3276.106201;51.215736;54.041393;2882.875488;49.603123;-631.63501;2596.361328;51.472454;;;;;;
3248;0;-477.819031;3420.378418;51.48661;224.54335;3523.249023;49.912704;-77.046867;3276.097168;51.153217;54.054985;2882.882568;49.623085;-631.621155;2596.344971;51.487057;;;;;;
3249;0;-477.811188;3420.370605;51.470181;224.564453;3523.261719;49.917492;-77.076706;3276.109619;51.211342;54.049255;2882.887939;49.630344;-631.645752;2596.342285;51.451218;;;;;;
3250;0;-477.795349;3420.380371;51.46674;224.585861;3523.251465;49.878613;-77.081787;3276.108887;51.147526;54.032738;2882.88916;49.622402;-631.620361;2596.369385;51.490959;;;;;;
3251;0;-477.786377;3420.397705;51.488068;224.559219;3523.263428;49.909397;-77.041641;3276.108643;51.165524;54.052883;2882.879395;49.592999;-631.659607;2596.347168;51.495853;;;;;;
3252;0;-477.774384;3420.373779;51.409573;224.570831;3523.23999;49.902088;-77.04866;3276.100098;51.144054;54.052013;2882.888428;49.608143;-631.628174;2596.322266;51.479221;;;;;;
3253;0;-477.756531;3420.390137;51.465954;224.573715;3523.257812;49.876637;-77.041687;3276.095947;51.1619;54.044899;2882.888184;49.62006;-631.627869;2596.367188;51.512394;;;;;;
3254;0;-477.826508;3420.397461;51.501987;224.569168;3523.266846;49.897335;-77.050285;3276.106201;51.167896;54.029163;2882.891846;49.630451;-631.628723;2596.35498;51.466251;;;;;;
3255;0;-477.814514;3420.414062;51.512852;224.550934;3523.278076;49.924297;-77.078529;3276.087891;51.16111;54.035645;2882.879883;49.615852;-631.647949;2596.362793;51.494358;;;;;;
3256;0;-477.806976;3420.415039;51.465263;224.579987;3523.290771;49.858677;-77.051216;3276.13623;51.209049;54.025394;2882.908447;49.610809;-631.651855;2596.344971;51.45401;;;;;;
3257;0;-477.786499;3420.403076;51.453205;224.554489;3523.265137;49.912888;-77.056633;3276.133545;51.188702;54.0415;2882.90625;49.609703;-631.64032;2596.326416;51.431671;;;;;;
3258;0;-477.81076;3420.406006;51.461281;224.604187;3523.258057;49.853153;-77.054237;3276.097168;51.130798;54.047394;2882.877197;49.599758;-631.644043;2596.341064;51.461788;;;;;;
3259;0;-477.796509;3420.385742;51.460102;224.608734;3523.249268;49.838463;-77.06263;3276.12085;51.19841;54.048141;2882.888672;49.595558;-631.644226;2596.343262;51.460598;;;;;;
3260;0;-477.799896;3420.369141;51.446236;224.581131;3523.233643;49.897507;-77.029648;3276.11377;51.165157;54.068226;2882.876953;49.621998;-631.603882;2596.314209;51.477482;;;;;;
3261;0;-477.774597;3420.389893;51.451542;224.554749;3523.231445;49.943882;-77.04599;3276.09375;51.149761;54.053776;2882.873535;49.631138;-631.583923;2596.336182;51.472721;;;;;;
3262;0;-477.798279;3420.406982;51.471317;224.54953;3523.240723;49.945042;-77.059662;3276.087891;51.153946;54.030743;2882.888184;49.628208;-631.660034;2596.315186;51.536209;;;;;;
3263;0;-477.790771;3420.404053;51.458073;224.56105;3523.260986;49.907883;-77.054794;3276.099365;51.191933;54.020084;2882.882568;49.622829;-631.652954;2596.312988;51.458843;;;;;;
3264;0;-477.818298;3420.39624;51.530155;224.544662;3523.248291;49.914368;-77.055054;3276.100342;51.125008;54.040367;2882.885986;49.602669;-631.645813;2596.341309;51.471462;;;;;;
3265;0;-477.81369;3420.411865;51.483089;224.572235;3523.237793;49.88501;-77.064774;3276.125244;51.213512;54.048641;2882.893066;49.593655;-631.621277;2596.312988;51.443302;;;;;;
3266;0;-477.803467;3420.40625;51.473217;224.558029;3523.263184;49.926697;-77.036064;3276.109863;51.185818;54.041103;2882.875488;49.608028;-631.624207;2596.343018;51.427998;;;;;;
3267;0;-477.79715;3420.38916;51.439106;224.57019;3523.286621;49.866516;-77.058037;3276.082031;51.117622;54.040512;2882.89209;49.634369;-631.633301;2596.330811;51.476734;;;;;;
3268;0;-477.795074;3420.376221;51.4813;224.576035;3523.277344;49.899128;-77.073975;3276.088135;51.124809;54.066765;2882.876953;49.590294;-631.590759;2596.332031;51.475067;;;;;;
3269;0;-477.801636;3420.391602;51.451595;224.562241;3523.266846;49.917458;-77.051437;3276.121094;51.184669;54.035915;2882.874756;49.622589;-631.649536;2596.338867;51.478161;;;;;;
3270;0;-477.807983;3420.412842;51.506752;224.572601;3523.260986;49.888805;-77.053177;3276.126953;51.21722;54.070961;2882.905762;49.601986;-631.635254;2596.346924;51.490376;;;;;;
3271;0;-477.771851;3420.39209;51.459045;224.560898;3523.269287;49.897232;-77.056725;3276.110352;51.153908;54.037144;2882.90918;49.629704;-631.610168;2596.349854;51.467278;;;;;;
3272;0;-477.801086;3420.395752;51.467896;224.569748;3523.258301;49.895039;-77.057747;3276.088379;51.14526;54.0602;2882.875977;49.618767;-631.627625;2596.319824;51.45356;;;;;;
3273;0;-477.797821;3420.373291;51.493801;224.565582;3523.230225;49.877529;-77.058258;3276.083008;51.153919;54.047272;2882.875732;49.61932;-631.642578;2596.294189;51.441761;;;;;;
3274;0;-477.829681;3420.378906;51.473763;224.552567;3523.241943;49.906605;-77.062759;3276.098633;51.209778;54.065857;2882.882568;49.600033;-631.652466;2596.338135;51.483013;;;;;;
3275;0;-477.811584;3420.36377;51.487793;224.551758;3523.256104;49.930702;-77.090469;3276.113281;51.177998;54.028305;2882.883789;49.627434;-631.643433;2596.343018;51.489159;;;;;;
3276;0;-477.833069;3420.408203;51.485725;224.538452;3523.250244;49.912735;-77.043388;3276.127686;51.199913;54.029858;2882.892822;49.620163;-631.636414;2596.309082;51.454674;;;;;;
3277;0;-477.788208;3420.390137;51.455112;224.566742;3523.268799;49.904346;-77.071205;3276.119873;51.175758;54.057243;2882.919922;49.624954;-631.643433;2596.347656;51.480701;;;;;;
3278;0;-477.773804;3420.383057;51.446381;224.571945;3523.253418;49.888012;-77.080757;3276.109863;51.156685;54.055435;2882.888672;49.617371;-631.644836;2596.354492;51.473591;;;;;;
3279;0;-477.781647;3420.388916;51.462772;224.581329;3523.268799;49.895363;-77.031502;3276.104248;51.128105;54.066956;2882.912109;49.611092;-631.606995;2596.343262;51.477406;;;;;;
3280;0;-477.794464;3420.395752;51.482304;224.594589;3523.267578;49.884277;-77.038788;3276.094482;51.131996;54.041618;2882.886475;49.635166;-631.628479;2596.328369;51.460957;;;;;;
3281;0;-477.771301;3420.390381;51.452801;224.555038;3523.273682;49.913712;-77.077194;3276.096191;51.176552;54.052673;2882.898193;49.630383;-631.607544;2596.328613;51.481247;;;;;;
3282;0;-477.795349;3420.427002;51.509617;224.553329;3523.274414;49.933224;-77.038277;3276.116699;51.191166;54.041187;2882.908691;49.61562;-631.638489;2596.328369;51.479786;;;;;;
3283;0;-477.777191;3420.385254;51.467674;224.555969;3523.265137;49.905006;-77.070183;3276.121826;51.23645;54.036655;2882.905029;49.636604;-631.657776;2596.3479;51.482491;;;;;;
3284;0;-477.855438;3420.404053;51.475845;224.577118;3523.264893;49.855431;-77.062447;3276.104492;51.158855;54.029232;2882.92334;49.617451;-631.679932;2596.305664;51.432842;;;;;;
3285;0;-477.80896;3420.382324;51.481319;224.580536;3523.260498;49.864769;-77.03923;3276.127197;51.180092;54.028;2882.880127;49.615147;-631.675354;2596.336914;51.470306;;;;;;
3286;0;-477.783905;3420.355713;51.420734;224.557312;3523.245361;49.901871;-77.040291;3276.11084;51.188377;54.052025;2882.869873;49.592186;-631.638733;2596.30957;51.460808;;;;;;
3287;0;-477.799469;3420.392822;51.466045;224.583206;3523.259277;49.885979;-77.025696;3276.119141;51.22121;54.061787;2882.894043;49.604004;-631.645569;2596.349365;51.506626;;;;;;
3288;0;-477.747131;3420.37085;51.462502;224.57663;3523.272949;49.915203;-77.074371;3276.088623;51.154015;54.052254;2882.888428;49.62923;-631.668152;2596.327148;51.469772;;;;;;
3289;0;-477.795868;3420.412842;51.517036;224.584335;3523.255615;49.90202;-77.060173;3276.125732;51.230621;54.037014;2882.901611;49.63287;-631.650574;2596.328613;51.494061;;;;;;
3290;0;-477.787598;3420.39209;51.498894;224.563095;3523.258545;49.880386;-77.057518;3276.149902;51.238297;54.080135;2882.891846;49.570717;-631.635376;2596.335205;51.480106;;;;;;
3291;0;-477.80603;3420.384277;51.452232;224.591919;3523.248779;49.877094;-77.038223;3276.111084;51.15168;54.041466;2882.87915;49.609676;-631.621155;2596.346191;51.453579;;;;;;
3292;0;-477.764954;3420.390869;51.477871;224.551117;3523.258789;49.905949;-77.052902;3276.08667;51.142319;54.056461;2882.888672;49.60141;-631.649048;2596.302734;51.441895;;;;;;
3293;0;-477.808594;3420.381348;51.489414;224.577972;3523.243896;49.873684;-77.08152;3276.061035;51.148891;54.036228;2882.887695;49.655018;-631.659241;2596.302002;51.432144;;;;;;
3294;0;-477.801819;3420.366943;51.474812;224.554855;3523.235596;49.923698;-77.068283;3276.085205;51.147011;54.043022;2882.874268;49.62178;-631.643066;2596.317383;51.488514;;;;;;
3295;0;-477.809387;3420.407227;51.482399;224.559418;3523.255127;49.916553;-77.04686;3276.148438;51.23745;54.038742;2882.922363;49.638622;-631.629272;2596.353027;51.512959;;;;;;
3296;0;-477.807831;3420.391113;51.480835;224.581451;3523.275391;49.893715;-77.10289;3276.124756;51.214306;54.035023;2882.879639;49.608578;-631.657471;2596.359131;51.472328;;;;;;
3297;0;-477.801025;3420.401855;51.456139;224.585098;3523.27124;49.885696;-77.018562;3276.124268;51.170677;54.037125;2882.898193;49.619652;-631.65448;2596.306641;51.440098;;;;;;
3298;0;-477.799927;3420.372803;51.408276;224.565643;3523.270508;49.856647;-77.065964;3276.095703;51.145443;54.048771;2882.908203;49.638309;-631.615601;2596.326172;51.455662;;;;;;
3299;0;-477.782745;3420.399414;51.456493;224.600449;3523.282715;49.858265;-77.043144;3276.10791;51.141075;54.074352;2882.89624;49.592709;-631.654358;2596.323975;51.477612;;;;;;
3300;0;-477.797089;3420.405029;51.486134;224.557571;3523.283691;49.922001;-77.040253;3276.098633;51.146976;54.04023;2882.90918;49.604885;-631.636169;2596.314941;51.458527;;;;;;
3301;0;-477.804108;3420.383057;51.496681;224.573792;3523.218506;49.877899;-77.047943;3276.137451;51.231804;54.044441;2882.91626;49.653122;-631.637634;2596.354248;51.491592;;;;;;
3302;0;-477.777069;3420.422363;51.480953;224.567169;3523.276123;49.902534;-77.033394;3276.140869;51.210194;54.052265;2882.894775;49.591015;-631.637756;2596.375732;51.516228;;;;;;
3303;0;-477.789795;3420.408691;51.466988;224.559952;3523.249268;49.922153;-77.061714;3276.090088;51.138367;54.035034;2882.904541;49.605194;-631.650085;2596.315186;51.43465;;;;;;
3304;0;-477.78479;3420.383301;51.420204;224.603516;3523.262207;49.837467;-77.092506;3276.096924;51.145412;54.050274;2882.893066;49.583389;-631.611877;2596.344971;51.480335;;;;;;
3305;0;-477.821655;3420.383545;51.44788;224.55722;3523.240234;49.876469;-77.059677;3276.090088;51.159866;54.053177;2882.868164;49.578392;-631.621765;2596.300781;51.474464;;;;;;
3306;0;-477.817383;3420.360107;51.514519;224.545181;3523.23584;49.922115;-77.078133;3276.093018;51.183868;54.033909;2882.880859;49.590809;-631.652771;2596.294922;51.46228;;;;;;
3307;0;-477.809052;3420.394531;51.489918;224.567871;3523.255859;49.861568;-77.086647;3276.085693;51.172066;54.050343;2882.880127;49.62635;-631.631836;2596.325195;51.476215;;;;;;
3308;0;-477.800262;3420.400391;51.500347;224.569061;3523.261963;49.918575;-77.031746;3276.122803;51.231365;54.046143;2882.876709;49.665039;-631.648804;2596.300781;51.461731;;;;;;
3309;0;-477.809814;3420.39502;51.481903;224.550247;3523.264893;49.956528;-77.038979;3276.142578;51.238022;54.035427;2882.893066;49.638451;-631.637817;2596.336914;51.499207;;;;;;
3310;0;-477.810669;3420.397705;51.461094;224.578156;3523.278076;49.883743;-77.056297;3276.122559;51.184746;54.050659;2882.889648;49.591003;-631.647034;2596.335938;51.479439;;;;;;
3311;0;-477.775665;3420.385498;51.445423;224.56633;3523.261963;49.86488;-77.050446;3276.128662;51.138809;54.055679;2882.896484;49.599316;-631.64679;2596.333252;51.460064;;;;;;
3312;0;-477.80423;3420.378418;51.416634;224.563965;3523.255371;49.865299;-77.091263;3276.104736;51.126053;54.046593;2882.901367;49.558273;-631.656555;2596.319092;51.470119;;;;;;
3313;0;-477.810883;3420.406494;51.438217;224.561844;3523.269287;49.863869;-77.060684;3276.101074;51.154343;54.047962;2882.892822;49.573875;-631.644043;2596.34082;51.442654;;;;;;
3314;0;-477.795013;3420.393799;51.466755;224.587997;3523.281738;49.867393;-77.063446;3276.105225;51.200142;54.059757;2882.912598;49.621975;-631.634583;2596.340332;51.495338;;;;;;
3315;0;-477.802216;3420.401611;51.469231;224.57135;3523.230957;49.906582;-77.044632;3276.104492;51.160007;54.035912;2882.894043;49.632141;-631.647827;2596.327148;51.47858;;;;;;
3316;0;-477.789581;3420.390869;51.468079;224.557327;3523.242432;49.918289;-77.059265;3276.130615;51.209679;54.053223;2882.897217;49.630299;-631.633789;2596.331787;51.460968;;;;;;
3317;0;-477.818542;3420.400635;51.486595;224.559906;3523.255127;49.914165;-77.079506;3276.091553;51.174515;54.027393;2882.875732;49.626953;-631.621826;2596.351074;51.493332;;;;;;
3318;0;-477.788727;3420.367432;51.477989;224.565826;3523.241699;49.897053;-77.076424;3276.080566;51.15678;54.054478;2882.868408;49.609104;-631.656616;2596.335205;51.493671;;;;;;
3319;0;-477.792969;3420.402588;51.480331;224.560181;3523.267334;49.906849;-77.047264;3276.090088;51.155926;54.061653;2882.896729;49.635582;-631.642944;2596.337646;51.481071;;;;;;
3320;0;-477.795898;3420.388672;51.47504;224.584442;3523.233643;49.862179;-77.085808;3276.105957;51.220848;54.042458;2882.874756;49.606915;-631.631287;2596.32959;51.506218;;;;;;
3321;0;-477.787598;3420.386719;51.464783;224.580109;3523.24292;49.903065;-77.049843;3276.108887;51.19976;54.028423;2882.891113;49.629826;-631.611084;2596.356445;51.503456;;;;;;
3322;0;-477.811127;3420.371338;51.429024;224.566284;3523.261475;49.903194;-77.032883;3276.112793;51.159008;54.056038;2882.909912;49.624153;-631.635437;2596.315674;51.454189;;;;;;
3323;0;-477.82135;3420.400146;51.435894;224.57045;3523.264648;49.884769;-77.014389;3276.125732;51.165268;54.045464;2882.917236;49.608593;-631.652527;2596.333008;51.442226;;;;;;
3324;0;-477.832031;3420.412842;51.454021;224.568756;3523.261719;49.853474;-77.079613;3276.107178;51.141525;54.050209;2882.901367;49.587673;-631.664124;2596.330078;51.425926;;;;;;
3325;0;-477.84082;3420.405518;51.478085;224.546631;3523.266113;49.88929;-77.073082;3276.100098;51.133804;54.068382;2882.909424;49.601147;-631.65625;2596.372314;51.487862;;;;;;
3326;0;-477.803162;3420.397705;51.449799;224.574432;3523.26001;49.893856;-77.02758;3276.122314;51.22646;54.053082;2882.88501;49.600395;-631.61261;2596.312744;51.428345;;;;;;
3327;0;-477.806366;3420.385254;51.448059;224.5849;3523.26001;49.839596;-77.072121;3276.115723;51.176815;54.052704;2882.887451;49.616932;-631.651611;2596.349609;51.493153;;;;;;
3328;0;-477.800537;3420.381836;51.456284;224.570114;3523.249268;49.882442;-77.056099;3276.117432;51.186016;54.044296;2882.882568;49.597565;-631.661133;2596.325684;51.467358;;;;;;
3329;0;-477.759674;3420.394775;51.449341;224.580292;3523.246582;49.860077;-77.05954;3276.087402;51.179443;54.059368;2882.876709;49.623749;-631.637939;2596.36377;51.501469;;;;;;
3330;0;-477.765533;3420.398438;51.448479;224.560974;3523.267334;49.894665;-77.071823;3276.104248;51.154903;54.024769;2882.904541;49.616035;-631.649231;2596.322021;51.473892;;;;;;
3331;0;-477.794525;3420.408203;51.45369;224.551636;3523.258545;49.902649;-77.061096;3276.092041;51.135452;54.067703;2882.888672;49.583691;-631.666626;2596.340332;51.456642;;;;;;
3332;0;-477.793915;3420.39502;51.484917;224.552292;3523.255127;49.922741;-77.083511;3276.071777;51.127953;54.046391;2882.881104;49.609196;-631.645813;2596.332031;51.4655;;;;;;
3333;0;-477.799042;3420.397949;51.460098;224.536499;3523.253418;49.935341;-77.06015;3276.099854;51.192429;54.041489;2882.883545;49.614254;-631.657837;2596.34082;51.4641;;;;;;
3334;0;-477.783875;3420.388672;51.495522;224.544327;3523.274658;49.950619;-77.065628;3276.106445;51.192741;54.029564;2882.866455;49.620197;-631.643127;2596.344971;51.486717;;;;;;
3335;0;-477.826721;3420.407959;51.480289;224.574738;3523.262939;49.891647;-77.072922;3276.099854;51.211319;54.054188;2882.890869;49.615166;-631.655762;2596.335205;51.459137;;;;;;
3336;0;-477.805878;3420.411377;51.484123;224.57515;3523.273193;49.916306;-77.041687;3276.12793;51.201916;54.041451;2882.886475;49.583839;-631.641357;2596.376221;51.481331;;;;;;
3337;0;-477.785919;3420.401855;51.448383;224.553375;3523.281494;49.896606;-77.046013;3276.169434;51.258888;54.063316;2882.906982;49.622509;-631.635437;2596.337891;51.475983;;;;;;
3338;0;-477.788605;3420.397949;51.431229;224.57251;3523.275146;49.87154;-77.039665;3276.140137;51.220333;54.068691;2882.892334;49.583885;-631.631104;2596.350342;51.478214;;;;;;
3339;0;-477.791626;3420.402832;51.437202;224.571976;3523.26416;49.879436;-77.029884;3276.109131;51.181305;54.07233;2882.878906;49.574467;-631.626587;2596.297607;51.430931;;;;;;
3340;0;-477.823334;3420.407227;51.437332;224.574265;3523.259766;49.882412;-77.053978;3276.116699;51.199196;54.056358;2882.895752;49.593887;-631.620178;2596.367188;51.490559;;;;;;
3341;0;-477.796997;3420.379639;51.442787;224.563354;3523.260986;49.885273;-77.065269;3276.117432;51.204762;54.02359;2882.897461;49.635849;-631.638672;2596.352539;51.471554;;;;;;
3342;0;-477.797211;3420.394287;51.48312;224.546631;3523.258545;49.906315;-77.049713;3276.108887;51.185974;54.049187;2882.902344;49.610023;-631.63208;2596.35498;51.475613;;;;;;
3343;0;-477.791809;3420.415771;51.469276;224.570602;3523.268066;49.909298;-77.03981;3276.12915;51.231731;54.03672;2882.886719;49.615753;-631.640015;2596.354248;51.47678;;;;;;
3344;0;-477.802917;3420.400391;51.477211;224.562393;3523.29834;49.912327;-77.072716;3276.11084;51.22403;54.04747;2882.890381;49.620258;-631.644531;2596.320312;51.438305;;;;;;
3345;0;-477.790375;3420.392578;51.477261;224.570145;3523.257568;49.886116;-77.064789;3276.111572;51.18713;54.046799;2882.886475;49.585957;-631.635254;2596.362549;51.496937;;;;;;
3346;0;-477.774689;3420.374268;51.482967;224.555161;3523.238525;49.9118;-77.059151;3276.096191;51.190357;54.056061;2882.873047;49.604645;-631.632019;2596.314453;51.452694;;;;;;
3347;0;-477.810669;3420.386963;51.454994;224.57402;3523.239258;49.906063;-77.015228;3276.089844;51.183659;54.045044;2882.887695;49.672897;-631.623657;2596.287109;51.465351;;;;;;
3348;0;-477.805817;3420.397461;51.51408;224.534378;3523.270752;49.939114;-77.034515;3276.132568;51.210999;54.038811;2882.890625;49.639336;-631.652527;2596.355957;51.493378;;;;;;
3349;0;-477.818054;3420.408936;51.474522;224.573502;3523.26123;49.881737;-77.0513;3276.135742;51.202381;54.042397;2882.882568;49.633549;-631.625671;2596.352783;51.513042;;;;;;
3350;0;-477.806915;3420.375;51.425293;224.567093;3523.254395;49.909161;-77.098869;3276.104492;51.164097;54.030914;2882.901123;49.622444;-631.630737;2596.352295;51.467953;;;;;;
3351;0;-477.775391;3420.402344;51.419704;224.576965;3523.278076;49.834511;-77.037964;3276.120117;51.139076;54.055195;2882.901855;49.572357;-631.643738;2596.33252;51.438519;;;;;;
3352;0;-477.819397;3420.398682;51.426983;224.568054;3523.275146;49.864704;-77.042946;3276.111572;51.121391;54.042736;2882.905518;49.585617;-631.646545;2596.373779;51.466209;;;;;;
3353;0;-477.775482;3420.390137;51.445049;224.558777;3523.267822;49.873772;-77.086662;3276.105957;51.139408;54.068039;2882.909912;49.623203;-631.643372;2596.342529;51.46339;;;;;;
3354;0;-477.789703;3420.389648;51.440598;224.584473;3523.271729;49.87632;-77.078949;3276.098633;51.157932;54.036446;2882.898193;49.648346;-631.594788;2596.38501;51.476639;;;;;;
3355;0;-477.831696;3420.388916;51.497715;224.54216;3523.273438;49.927483;-77.046494;3276.140869;51.237236;54.040375;2882.902832;49.624462;-631.665344;2596.345703;51.510918;;;;;;
3356;0;-477.807953;3420.405029;51.482391;224.586288;3523.248047;49.880421;-77.048126;3276.098389;51.172523;54.049255;2882.871826;49.626835;-631.65155;2596.334229;51.487457;;;;;;
3357;0;-477.806122;3420.396484;51.497284;224.574493;3523.266113;49.901749;-77.050797;3276.119385;51.18808;54.062855;2882.882812;49.604427;-631.646301;2596.354492;51.480133;;;;;;
3358;0;-477.779175;3420.379395;51.447502;224.578217;3523.232422;49.891788;-77.049133;3276.088135;51.143299;54.054428;2882.91748;49.611668;-631.608521;2596.338867;51.468384;;;;;;
3359;0;-477.797791;3420.373047;51.462406;224.570496;3523.252197;49.889141;-77.044449;3276.081055;51.14579;54.063511;2882.893066;49.617794;-631.634583;2596.335938;51.423553;;;;;;
3360;0;-477.790375;3420.390625;51.493633;224.580719;3523.243408;49.908916;-77.032921;3276.10083;51.133305;54.043713;2882.874268;49.625744;-631.595215;2596.329346;51.474751;;;;;;
3361;0;-477.794098;3420.39502;51.499447;224.570496;3523.260254;49.89756;-77.07354;3276.128662;51.220867;54.039429;2882.887939;49.624554;-631.665649;2596.344482;51.496445;;;;;;
3362;0;-477.80835;3420.409424;51.461773;224.56488;3523.259521;49.871628;-77.051651;3276.132812;51.214252;54.031715;2882.913086;49.625526;-631.630737;2596.364746;51.477062;;;;;;
3363;0;-477.802032;3420.388916;51.45504;224.552765;3523.262451;49.892273;-77.069786;3276.118164;51.144249;54.030975;2882.876953;49.613312;-631.663391;2596.374268;51.507782;;;;;;
3364;0;-477.800079;3420.387695;51.421879;224.572128;3523.273682;49.858559;-77.072777;3276.111572;51.143208;54.024879;2882.888672;49.557938;-631.632263;2596.35083;51.435879;;;;;;
3365;0;-477.777924;3420.392334;51.400833;224.579239;3523.289062;49.845551;-77.038994;3276.109131;51.133877;54.070881;2882.916748;49.613285;-631.643677;2596.339355;51.434105;;;;;;
3366;0;-477.782471;3420.394043;51.456036;224.563202;3523.267578;49.907646;-77.05793;3276.120117;51.161758;54.064323;2882.908691;49.597427;-631.606323;2596.344482;51.461285;;;;;;
3367;0;-477.781494;3420.396973;51.446545;224.571274;3523.250488;49.877117;-77.034729;3276.121094;51.154186;54.050346;2882.907471;49.635193;-631.632874;2596.356934;51.508163;;;;;;
3368;0;-477.808746;3420.401123;51.48893;224.589722;3523.246582;49.868053;-77.029335;3276.110596;51.181576;54.045635;2882.89624;49.614906;-631.620239;2596.337891;51.485733;;;;;;
3369;0;-477.804291;3420.380371;51.47366;224.560226;3523.249512;49.909374;-77.039833;3276.112793;51.216469;54.034405;2882.904297;49.626583;-631.649475;2596.344971;51.501232;;;;;;
3370;0;-477.807404;3420.385742;51.498852;224.57312;3523.240234;49.909824;-77.002747;3276.132568;51.200428;54.037888;2882.885986;49.601807;-631.640564;2596.332031;51.489643;;;;;;
3371;0;-477.776093;3420.413086;51.483788;224.55484;3523.242676;49.908337;-77.088249;3276.109375;51.21011;54.032906;2882.883301;49.629002;-631.658691;2596.316162;51.473446;;;;;;
3372;0;-477.799744;3420.368408;51.496464;224.552368;3523.232422;49.903767;-77.050636;3276.100098;51.204735;54.03651;2882.881836;49.630772;-631.642334;2596.331787;51.470978;;;;;;
3373;0;-477.770752;3420.372803;51.472782;224.552017;3523.243164;49.922138;-77.069138;3276.0896;51.218033;54.008438;2882.876953;49.650639;-631.654785;2596.331299;51.484394;;;;;;
3374;0;-477.816101;3420.375244;51.467026;224.570862;3523.255615;49.904381;-77.076996;3276.093506;51.159256;54.049969;2882.889404;49.610241;-631.632935;2596.359863;51.500942;;;;;;
3375;0;-477.802124;3420.374756;51.449432;224.559753;3523.261475;49.899403;-77.08744;3276.098145;51.153961;54.052174;2882.883789;49.619446;-631.649414;2596.340332;51.483337;;;;;;
3376;0;-477.800903;3420.425293;51.454144;224.575363;3523.2771;49.865902;-77.077568;3276.103516;51.131416;54.071922;2882.932617;49.587864;-631.647034;2596.334717;51.462727;;;;;;
3377;0;-477.794189;3420.404053;51.4552;224.585068;3523.277588;49.844009;-77.064766;3276.116699;51.129097;54.046513;2882.93335;49.610996;-631.639404;2596.349121;51.476192;;;;;;
3378;0;-477.793335;3420.413818;51.455673;224.572845;3523.294922;49.897026;-77.034172;3276.151123;51.199364;54.065155;2882.915039;49.577362;-631.617981;2596.35376;51.414902;;;;;;
3379;0;-477.806;3420.406494;51.475307;224.588562;3523.249512;49.857792;-77.059814;3276.115234;51.12513;54.049343;2882.886475;49.582966;-631.632202;2596.3396;51.450809;;;;;;
3380;0;-477.788788;3420.39502;51.420929;224.575333;3523.258301;49.842003;-77.052803;3276.095459;51.122185;54.043232;2882.881592;49.598816;-631.644165;2596.329102;51.439362;;;;;;
3381;0;-477.789764;3420.385742;51.462029;224.572662;3523.266113;49.885815;-77.041519;3276.128418;51.225941;54.05521;2882.925049;49.645794;-631.575928;2596.36792;51.521198;;;;;;
3382;0;-477.812744;3420.386719;51.472061;224.56517;3523.272949;49.903404;-77.073723;3276.108887;51.205711;54.021805;2882.88501;49.642811;-631.65094;2596.330078;51.457447;;;;;;
3383;0;-477.803436;3420.390381;51.472744;224.570358;3523.259277;49.903694;-77.053276;3276.117432;51.204185;54.062454;2882.869385;49.606194;-631.645081;2596.356201;51.50029;;;;;;
3384;0;-477.81076;3420.38208;51.477512;224.579941;3523.250244;49.889648;-77.054955;3276.089355;51.163429;54.052071;2882.901367;49.607117;-631.605286;2596.332764;51.436684;;;;;;
3385;0;-477.773926;3420.365234;51.443245;224.565628;3523.216064;49.902248;-77.056412;3276.088867;51.180126;54.037102;2882.888916;49.617161;-631.641418;2596.331055;51.464718;;;;;;
3386;0;-477.801025;3420.387451;51.454823;224.563568;3523.250732;49.933788;-77.059601;3276.082764;51.138676;54.044846;2882.880127;49.629093;-631.640442;2596.293701;51.478069;;;;;;
3387;0;-477.784973;3420.370361;51.473362;224.560013;3523.260498;49.912449;-77.040581;3276.090332;51.155823;54.043346;2882.87793;49.593735;-631.632324;2596.321533;51.476208;;;;;;
3388;0;-477.79834;3420.405273;51.479065;224.571121;3523.273438;49.878117;-77.077393;3276.119385;51.222675;54.042229;2882.881348;49.589649;-631.599365;2596.373535;51.460121;;;;;;
3389;0;-477.805145;3420.408691;51.483509;224.558044;3523.284912;49.906326;-77.065613;3276.10791;51.135601;54.043518;2882.91333;49.605942;-631.662903;2596.339111;51.481812;;;;;;
3390;0;-477.758453;3420.422363;51.419975;224.58522;3523.281494;49.856068;-77.056648;3276.148926;51.232258;54.063431;2882.879639;49.583858;-631.628418;2596.32666;51.46981;;;;;;
3391;0;-477.795654;3420.42627;51.476063;224.588531;3523.276367;49.839985;-77.054817;3276.134033;51.122608;54.047901;2882.941406;49.592976;-631.633911;2596.367676;51.466381;;;;;;
3392;0;-477.809784;3420.381836;51.427711;224.574936;3523.286377;49.840851;-77.055046;3276.127441;51.145729;54.0485;2882.914795;49.586975;-631.632751;2596.319824;51.433037;;;;;;
3393;0;-477.781799;3420.392822;51.445213;224.5578;3523.237793;49.874645;-77.05658;3276.0896;51.138023;54.033485;2882.883789;49.588764;-631.633362;2596.304932;51.442524;;;;;;
3394;0;-477.799835;3420.368896;51.430569;224.592773;3523.256592;49.859825;-77.06543;3276.119385;51.172718;54.036552;2882.894287;49.62035;-631.614929;2596.326904;51.482613;;;;;;
3395;0;-477.799622;3420.387939;51.502739;224.546921;3523.244141;49.940765;-77.046387;3276.088623;51.164196;54.022976;2882.887451;49.647911;-631.624023;2596.331543;51.477707;;;;;;
3396;0;-477.798462;3420.375488;51.452179;224.566833;3523.257568;49.916065;-77.02639;3276.110352;51.184464;54.052124;2882.903076;49.649086;-631.639954;2596.349365;51.495426;;;;;;
3397;0;-477.804199;3420.400879;51.531418;224.580368;3523.261475;49.900795;-77.054207;3276.135742;51.233788;54.037323;2882.900635;49.632973;-631.62677;2596.355469;51.491219;;;;;;
3398;0;-477.815369;3420.370361;51.480175;224.577911;3523.236816;49.859779;-77.044144;3276.137939;51.238857;54.02927;2882.892578;49.626274;-631.654358;2596.342773;51.487877;;;;;;
3399;0;-477.807068;3420.375977;51.470238;224.579041;3523.248291;49.868614;-77.048836;3276.075439;51.170036;54.053276;2882.88623;49.621799;-631.646301;2596.309814;51.428036;;;;;;
3400;0;-477.810272;3420.405762;51.467968;224.560745;3523.266846;49.893669;-77.044128;3276.111572;51.143105;54.053223;2882.909668;49.611561;-631.646851;2596.3125;51.440514;;;;;;
3401;0;-477.788177;3420.414062;51.468674;224.568512;3523.272461;49.889412;-77.04995;3276.108887;51.170948;54.044739;2882.895264;49.606628;-631.66156;2596.349121;51.498863;;;;;;
3402;0;-477.797821;3420.37915;51.467201;224.58226;3523.268799;49.900173;-77.056931;3276.094482;51.131935;54.040104;2882.890869;49.6138;-631.612976;2596.346436;51.509724;;;;;;
3403;0;-477.803894;3420.389404;51.457748;224.572571;3523.27417;49.885269;-77.044579;3276.122803;51.176594;54.052986;2882.907959;49.613789;-631.635742;2596.326904;51.438374;;;;;;
3404;0;-477.753418;3420.408203;51.404602;224.594055;3523.276855;49.858089;-77.064606;3276.109131;51.108372;54.05088;2882.932373;49.601734;-631.619873;2596.35498;51.465031;;;;;;
3405;0;-477.805542;3420.386963;51.427933;224.559235;3523.279785;49.893478;-77.070419;3276.123047;51.189713;54.042519;2882.881348;49.602974;-631.628052;2596.340576;51.45689;;;;;;
3406;0;-477.83139;3420.391113;51.449329;224.561127;3523.267822;49.885288;-77.046364;3276.111084;51.153534;54.050365;2882.888184;49.585182;-631.605591;2596.321533;51.429989;;;;;;
3407;0;-477.800415;3420.397705;51.498142;224.5625;3523.253906;49.932728;-77.045471;3276.152344;51.277664;54.04615;2882.895508;49.639709;-631.662537;2596.324219;51.480019;;;;;;
3408;0;-477.824829;3420.385498;51.49181;224.550232;3523.250977;49.925056;-77.049889;3276.126221;51.224537;54.03141;2882.876953;49.652042;-631.621887;2596.317627;51.456421;;;;;;
3409;0;-477.775757;3420.391357;51.452961;224.559631;3523.247314;49.929482;-77.039818;3276.097168;51.206379;54.026878;2882.898926;49.636436;-631.669556;2596.334229;51.488258;;;;;;
3410;0;-477.814148;3420.405029;51.517288;224.556442;3523.256348;49.921528;-77.050636;3276.115967;51.204712;54.027412;2882.891113;49.618599;-631.659607;2596.324707;51.491753;;;;;;
3411;0;-477.80481;3420.4021;51.453167;224.562057;3523.254883;49.880348;-77.06353;3276.10498;51.186291;54.042534;2882.897705;49.624683;-631.66333;2596.34375;51.491909;;;;;;
3412;0;-477.781464;3420.378418;51.455612;224.576691;3523.250977;49.886482;-77.054276;3276.140137;51.195232;54.043186;2882.868408;49.57201;-631.654358;2596.287109;51.438076;;;;;;
3413;0;-477.769409;3420.401123;51.438961;224.554214;3523.26416;49.922085;-77.034531;3276.109863;51.212196;54.053814;2882.88208;49.603592;-631.644836;2596.324951;51.457512;;;;;;
3414;0;-477.819153;3420.398682;51.496281;224.55806;3523.258301;49.907906;-77.071884;3276.128662;51.201157;54.043343;2882.892822;49.598637;-631.63208;2596.336182;51.491791;;;;;;
3415;0;-477.78183;3420.4021;51.464935;224.579178;3523.28833;49.91766;-77.026443;3276.126465;51.168491;54.05426;2882.896484;49.6367;-631.600891;2596.363525;51.49091;;;;;;
3416;0;-477.787689;3420.410889;51.459217;224.594177;3523.275879;49.886753;-77.052376;3276.087646;51.150494;54.055691;2882.91626;49.600487;-631.651611;2596.340332;51.470589;;;;;;
3417;0;-477.789581;3420.415771;51.440369;224.59874;3523.267334;49.872559;-77.040085;3276.116211;51.154552;54.056091;2882.908447;49.612488;-631.635315;2596.342285;51.478909;;;;;;
3418;0;-477.789795;3420.414307;51.424206;224.595062;3523.295166;49.836403;-77.059868;3276.108887;51.133858;54.088512;2882.921631;49.584003;-631.654175;2596.300537;51.411007;;;;;;
3419;0;-477.819214;3420.376709;51.439796;224.58139;3523.247559;49.858742;-77.054039;3276.095947;51.146439;54.081558;2882.877441;49.570034;-631.617859;2596.363037;51.491993;;;;;;
3420;0;-477.785309;3420.385498;51.420845;224.555771;3523.250488;49.890518;-77.039658;3276.115234;51.160194;54.029129;2882.892578;49.607811;-631.648132;2596.344971;51.501663;;;;;;
3421;0;-477.816376;3420.393799;51.473988;224.553497;3523.231445;49.919098;-77.035576;3276.105713;51.178299;54.02293;2882.89502;49.670021;-631.650513;2596.32373;51.456612;;;;;;
3422;0;-477.799713;3420.376709;51.466103;224.532455;3523.237061;49.951626;-77.085144;3276.089355;51.178814;54.00502;2882.884766;49.646923;-631.682434;2596.348877;51.493698;;;;;;
3423;0;-477.783569;3420.376953;51.467457;224.556259;3523.262207;49.946114;-77.043587;3276.118652;51.218777;54.038128;2882.885498;49.634949;-631.641541;2596.323242;51.45018;;;;;;
3424;0;-477.795624;3420.35498;51.444042;224.586807;3523.23999;49.898788;-77.055595;3276.072021;51.141445;54.049202;2882.901123;49.604279;-631.645996;2596.328369;51.495472;;;;;;
3425;0;-477.791504;3420.395264;51.465683;224.571594;3523.249512;49.895382;-77.047531;3276.120605;51.213032;54.071186;2882.897949;49.60025;-631.624146;2596.342285;51.487328;;;;;;
3426;0;-477.812164;3420.412354;51.483971;224.575531;3523.258789;49.86306;-77.051598;3276.105957;51.135757;54.070477;2882.899902;49.591263;-631.634583;2596.363281;51.476425;;;;;;
3427;0;-477.798798;3420.406494;51.463837;224.585846;3523.277344;49.858189;-77.078957;3276.112549;51.133736;54.056305;2882.914551;49.596252;-631.633789;2596.336426;51.454067;;;;;;
3428;0;-477.784668;3420.407715;51.449242;224.57341;3523.272217;49.884426;-77.06427;3276.102295;51.113739;54.049683;2882.92041;49.607994;-631.638489;2596.351562;51.472805;;;;;;
3429;0;-477.80188;3420.406738;51.464973;224.574738;3523.279785;49.866722;-77.077896;3276.124023;51.172535;54.056881;2882.907471;49.593464;-631.628845;2596.356934;51.43626;;;;;;
3430;0;-477.784363;3420.390137;51.448578;224.569077;3523.266846;49.843815;-77.068153;3276.114258;51.134007;54.060699;2882.927246;49.598297;-631.644409;2596.359131;51.454937;;;;;;
3431;0;-477.798431;3420.413818;51.424908;224.578979;3523.279297;49.872871;-77.031593;3276.138184;51.177876;54.03326;2882.906006;49.610493;-631.648804;2596.35083;51.475166;;;;;;
3432;0;-477.822235;3420.381836;51.473705;224.565186;3523.244873;49.896889;-77.057358;3276.112549;51.191601;54.050838;2882.88501;49.605186;-631.60376;2596.344971;51.486687;;;;;;
3433;0;-477.780823;3420.372803;51.465816;224.55806;3523.235352;49.897144;-77.054024;3276.081543;51.14389;54.05127;2882.867432;49.613281;-631.645325;2596.283447;51.491501;;;;;;
3434;0;-477.804108;3420.355713;51.446625;224.562729;3523.247803;49.944748;-77.056679;3276.08667;51.191517;54.030769;2882.879395;49.650639;-631.648132;2596.290527;51.460087;;;;;;
3435;0;-477.786163;3420.352539;51.45652;224.553131;3523.233398;49.944893;-77.017548;3276.095947;51.185253;54.010777;2882.851318;49.640793;-631.649475;2596.322021;51.494614;;;;;;
3436;0;-477.830109;3420.38623;51.497757;224.569687;3523.251709;49.910423;-77.084732;3276.069824;51.164509;54.043118;2882.875977;49.647888;-631.638245;2596.331299;51.493893;;;;;;
3437;0;-477.775696;3420.404297;51.472343;224.568573;3523.253418;49.905689;-77.068665;3276.132568;51.226051;54.036606;2882.876221;49.627186;-631.651001;2596.30542;51.48288;;;;;;
3438;0;-477.789459;3420.396729;51.453606;224.574036;3523.283691;49.872253;-77.07177;3276.084473;51.13065;54.068058;2882.908203;49.586983;-631.63446;2596.350098;51.468803;;;;;;
3439;0;-477.786835;3420.433105;51.466278;224.59343;3523.2771;49.855637;-77.074104;3276.139893;51.177273;54.065887;2882.900635;49.59708;-631.642395;2596.325928;51.44186;;;;;;
3440;0;-477.776855;3420.378174;51.423065;224.565842;3523.273926;49.85968;-77.079071;3276.077148;51.119671;54.063663;2882.907715;49.608696;-631.61377;2596.325684;51.429226;;;;;;
3441;0;-477.772461;3420.361328;51.438519;224.569733;3523.280762;49.901535;-77.048111;3276.127441;51.176384;54.065014;2882.88501;49.571705;-631.630493;2596.359375;51.487156;;;;;;
3442;0;-477.76828;3420.412354;51.448902;224.577271;3523.265381;49.875904;-77.040909;3276.124756;51.210873;54.053333;2882.874756;49.58683;-631.641357;2596.323975;51.431355;;;;;;
3443;0;-477.799835;3420.372803;51.440849;224.578918;3523.268799;49.871571;-77.064621;3276.100342;51.141472;54.048676;2882.882812;49.614616;-631.623291;2596.350342;51.437519;;;;;;
3444;0;-477.83255;3420.401123;51.477406;224.564804;3523.258057;49.903393;-77.081139;3276.098877;51.133102;54.050228;2882.908447;49.605934;-631.671692;2596.341309;51.468887;;;;;;
3445;0;-477.77597;3420.381836;51.457794;224.555969;3523.257812;49.947182;-77.091583;3276.09082;51.168682;54.046497;2882.897705;49.63438;-631.645264;2596.328613;51.502876;;;;;;
3446;0;-477.800598;3420.411377;51.504471;224.574799;3523.23584;49.899292;-77.041588;3276.116455;51.225105;54.051357;2882.886963;49.635696;-631.660583;2596.334961;51.499512;;;;;;
3447;0;-477.82785;3420.354248;51.494362;224.550644;3523.247559;49.931953;-77.038704;3276.101807;51.152538;54.031021;2882.881348;49.642132;-631.635986;2596.333252;51.502407;;;;;;
3448;0;-477.811676;3420.356445;51.47739;224.565796;3523.241699;49.935928;-77.063446;3276.072998;51.153763;54.016861;2882.871094;49.629017;-631.626587;2596.328369;51.483444;;;;;;
3449;0;-477.78244;3420.38208;51.445107;224.5495;3523.257812;49.922771;-77.04129;3276.106445;51.182823;54.048634;2882.882324;49.641846;-631.625244;2596.366455;51.488186;;;;;;
3450;0;-477.81308;3420.39502;51.472919;224.574692;3523.262451;49.89537;-77.069557;3276.131104;51.191666;54.034149;2882.914795;49.620163;-631.649292;2596.32373;51.468842;;;;;;
3451;0;-477.812958;3420.409668;51.442501;224.595108;3523.281738;49.846287;-77.083435;3276.113525;51.150543;54.037285;2882.885254;49.587837;-631.655762;2596.338623;51.453102;;;;;;
3452;0;-477.76059;3420.393311;51.429276;224.584686;3523.284912;49.855808;-77.070183;3276.116699;51.143574;54.076923;2882.89209;49.592999;-631.639526;2596.322266;51.441532;;;;;;
3453;0;-477.774139;3420.409424;51.477531;224.567307;3523.276855;49.907639;-77.035995;3276.091553;51.151176;54.050243;2882.905029;49.624317;-631.633057;2596.348389;51.448963;;;;;;
3454;0;-477.792755;3420.389893;51.474155;224.573868;3523.263428;49.899853;-77.040916;3276.084961;51.151848;54.053169;2882.876953;49.623089;-631.647705;2596.338379;51.490288;;;;;;
3455;0;-477.766052;3420.371582;51.445652;224.582382;3523.251953;49.861195;-77.045677;3276.136719;51.2388;54.05545;2882.882568;49.587055;-631.605713;2596.354736;51.515865;;;;;;
3456;0;-477.782379;3420.391357;51.449757;224.553635;3523.299316;49.926659;-77.046272;3276.13208;51.177391;54.035038;2882.911133;49.662827;-631.637817;2596.345459;51.504898;;;;;;
3457;0;-477.813843;3420.414795;51.525455;224.567993;3523.257812;49.902882;-77.049736;3276.143799;51.212376;54.047829;2882.894775;49.620041;-631.651062;2596.345703;51.470181;;;;;;
3458;0;-477.819183;3420.388428;51.467941;224.55896;3523.263184;49.898323;-77.060562;3276.13501;51.247833;54.041481;2882.887695;49.602455;-631.64386;2596.346436;51.489765;;;;;;
3459;0;-477.82254;3420.375732;51.488354;224.565994;3523.267334;49.906384;-77.07782;3276.103027;51.157097;54.039223;2882.904053;49.617397;-631.647949;2596.333496;51.46714;;;;;;
3460;0;-477.803131;3420.385986;51.45565;224.561935;3523.248535;49.922134;-77.042419;3276.097656;51.180805;54.029366;2882.875;49.623978;-631.670227;2596.328857;51.487019;;;;;;
3461;0;-477.774506;3420.366455;51.474628;224.590363;3523.241211;49.878506;-77.059364;3276.080566;51.154984;54.039368;2882.864258;49.625576;-631.645569;2596.286133;51.415569;;;;;;
3462;0;-477.806274;3420.38916;51.484104;224.560516;3523.25293;49.941608;-77.04245;3276.098877;51.193031;54.071846;2882.876221;49.642754;-631.61731;2596.321533;51.48457;;;;;;
3463;0;-477.774841;3420.402344;51.442043;224.572784;3523.254883;49.900623;-77.07608;3276.094727;51.140244;54.050766;2882.899902;49.62064;-631.645996;2596.357178;51.512707;;;;;;
3464;0;-477.792114;3420.406006;51.47023;224.573944;3523.289307;49.891003;-77.044975;3276.128418;51.148533;54.039288;2882.88208;49.630527;-631.603394;2596.358643;51.496346;;;;;;
3465;0;-477.79599;3420.384521;51.460232;224.576782;3523.2854;49.876602;-77.087814;3276.100586;51.148678;54.027637;2882.905762;49.613453;-631.651489;2596.327148;51.479759;;;;;;
3466;0;-477.820343;3420.395264;51.445358;224.552582;3523.284912;49.896488;-77.073898;3276.092285;51.152298;54.051277;2882.90625;49.598457;-631.629639;2596.325439;51.456932;;;;;;
3467;0;-477.781281;3420.386963;51.413136;224.574158;3523.262451;49.856247;-77.088081;3276.085938;51.120152;54.051701;2882.880615;49.599186;-631.642029;2596.340088;51.485809;;;;;;
3468;0;-477.787537;3420.38916;51.436752;224.566086;3523.255127;49.89489;-77.061066;3276.106445;51.14843;54.041725;2882.881348;49.613766;-631.664062;2596.333252;51.462852;;;;;;
3469;0;-477.794891;3420.395508;51.439751;224.557617;3523.279297;49.903992;-77.08297;3276.101074;51.135109;54.034874;2882.904541;49.630283;-631.659363;2596.350098;51.436882;;;;;;
3470;0;-477.784454;3420.405029;51.49115;224.574326;3523.260742;49.89254;-77.037804;3276.092041;51.147793;54.033669;2882.891846;49.632706;-631.650452;2596.337402;51.507591;;;;;;
3471;0;-477.786835;3420.407715;51.445572;224.566498;3523.274414;49.909515;-77.036163;3276.109863;51.184784;54.044666;2882.890869;49.622509;-631.634644;2596.338135;51.468693;;;;;;
3472;0;-477.797638;3420.378418;51.444511;224.559052;3523.246582;49.920387;-77.056396;3276.098633;51.155014;54.050369;2882.870605;49.621601;-631.656311;2596.305908;51.456028;;;;;;
3473;0;-477.814026;3420.368652;51.493443;224.582809;3523.240479;49.900887;-77.060455;3276.121094;51.235512;54.059746;2882.879639;49.614899;-631.629883;2596.334473;51.489639;;;;;;
3474;0;-477.809692;3420.403564;51.491806;224.583466;3523.246094;49.878387;-77.051636;3276.078857;51.161842;54.032093;2882.873535;49.683788;-631.651855;2596.306885;51.4935;;;;;;
3475;0;-477.807617;3420.385986;51.507023;224.549423;3523.267822;49.96521;-77.09507;3276.089844;51.154724;54.054039;2882.888672;49.647408;-631.666443;2596.355225;51.492443;;;;;;
3476;0;-477.818634;3420.407471;51.45071;224.593307;3523.268311;49.860527;-77.047523;3276.149902;51.201641;54.032761;2882.876465;49.61953;-631.60907;2596.344971;51.484383;;;;;;
3477;0;-477.781097;3420.395752;51.467354;224.550262;3523.262451;49.902664;-77.053543;3276.124268;51.154453;54.037193;2882.892822;49.602825;-631.641479;2596.339111;51.46402;;;;;;
3478;0;-477.755951;3420.392334;51.415279;224.585419;3523.28833;49.851181;-77.040108;3276.10791;51.116215;54.05648;2882.894531;49.597385;-631.618835;2596.328613;51.416206;;;;;;
3479;0;-477.817932;3420.400391;51.425995;224.569244;3523.287598;49.8564;-77.076996;3276.089111;51.118931;54.064423;2882.915283;49.596088;-631.637085;2596.354248;51.455017;;;;;;
3480;0;-477.771271;3420.412354;51.438477;224.560608;3523.270264;49.913635;-77.088409;3276.115967;51.137173;54.04641;2882.900879;49.581978;-631.638794;2596.347656;51.448238;;;;;;
3481;0;-477.807739;3420.4021;51.46368;224.562912;3523.275879;49.908127;-77.045883;3276.124756;51.177216;54.053879;2882.901123;49.621326;-631.649902;2596.383545;51.494545;;;;;;
3482;0;-477.81488;3420.39624;51.501827;224.583435;3523.272949;49.881851;-77.056656;3276.109863;51.170998;54.052002;2882.875977;49.619797;-631.647278;2596.30542;51.480324;;;;;;
3483;0;-477.801941;3420.388428;51.4618;224.575134;3523.255615;49.881527;-77.092613;3276.107178;51.174641;54.05859;2882.879395;49.616913;-631.615051;2596.330322;51.471058;;;;;;
3484;0;-477.824463;3420.389404;51.497318;224.558838;3523.269531;49.925964;-77.06263;3276.122559;51.161907;54.042095;2882.904785;49.631233;-631.651489;2596.335449;51.490688;;;;;;
3485;0;-477.775452;3420.378418;51.431896;224.55896;3523.270752;49.913677;-77.060562;3276.102539;51.158478;54.041634;2882.87915;49.618176;-631.652283;2596.31543;51.498199;;;;;;
3486;0;-477.811279;3420.399902;51.493736;224.574203;3523.261475;49.886318;-77.046051;3276.092529;51.160763;54.067951;2882.884033;49.622871;-631.663269;2596.329102;51.469723;;;;;;
3487;0;-477.793457;3420.387451;51.484154;224.564941;3523.25415;49.909992;-77.059021;3276.092773;51.191013;54.021812;2882.866943;49.610455;-631.673767;2596.318848;51.486916;;;;;;
3488;0;-477.785919;3420.38916;51.456539;224.579895;3523.256836;49.888706;-77.082985;3276.092529;51.190845;54.049454;2882.882324;49.616066;-631.638977;2596.337891;51.440186;;;;;;
3489;0;-477.794098;3420.400635;51.477364;224.564011;3523.265869;49.934044;-77.071136;3276.059326;51.130337;54.025204;2882.873047;49.61179;-631.633118;2596.330811;51.486481;;;;;;
3490;0;-477.814758;3420.393799;51.471336;224.560593;3523.255615;49.891933;-77.057495;3276.143311;51.223675;54.046703;2882.897217;49.602982;-631.648071;2596.352539;51.48745;;;;;;
3491;0;-477.777496;3420.405762;51.482151;224.580109;3523.266357;49.882965;-77.058289;3276.118652;51.19524;54.031811;2882.867188;49.609734;-631.638489;2596.325684;51.466709;;;;;;
3492;0;-477.812439;3420.386963;51.455166;224.559372;3523.27832;49.90453;-77.052422;3276.08252;51.150486;54.067387;2882.882324;49.581795;-631.626587;2596.34375;51.509048;;;;;;
3493;0;-477.815277;3420.408691;51.473484;224.566193;3523.262451;49.899246;-77.064156;3276.126709;51.199059;54.026821;2882.884766;49.602837;-631.644592;2596.345459;51.471142;;;;;;
3494;0;-477.783997;3420.393066;51.455582;224.589401;3523.282471;49.867126;-77.060493;3276.133545;51.17485;54.046417;2882.892578;49.610374;-631.674194;2596.338379;51.502613;;;;;;
3495;0;-477.800201;3420.407227;51.44125;224.593628;3523.272949;49.855732;-77.049316;3276.095459;51.146507;54.046555;2882.887207;49.591644;-631.611877;2596.310547;51.420063;;;;;;
3496;0;-477.819916;3420.37915;51.45145;224.582184;3523.263672;49.88308;-77.059067;3276.132812;51.153183;54.047733;2882.887207;49.609982;-631.635559;2596.301514;51.430435;;;;;;
3497;0;-477.789368;3420.392822;51.446056;224.578857;3523.260498;49.871178;-77.053413;3276.113037;51.158337;54.030815;2882.868652;49.602795;-631.670349;2596.336914;51.462643;;;;;;
3498;0;-477.787781;3420.386475;51.453426;224.576355;3523.273926;49.896084;-77.064766;3276.099121;51.155441;54.05814;2882.87915;49.623276;-631.658142;2596.333984;51.506348;;;;;;
3499;0;-477.803711;3420.381836;51.502728;224.545624;3523.259033;49.931728;-77.068298;3276.104736;51.158745;54.023354;2882.883301;49.646305;-631.643188;2596.354492;51.501167;;;;;;
3500;0;-477.757965;3420.359863;51.447315;224.546097;3523.261963;49.942165;-77.05658;3276.093262;51.184246;54.037193;2882.886475;49.648094;-631.618225;2596.333496;51.474918;;;;;;
3501;0;-477.786774;3420.341309;51.497475;224.579422;3523.242676;49.913284;-77.094498;3276.047607;51.142174;54.034054;2882.879395;49.63102;-631.635376;2596.265869;51.415985;;;;;;
3502;0;-477.824341;3420.38208;51.474785;224.559204;3523.251465;49.947807;-77.040283;3276.117676;51.227303;54.037792;2882.873535;49.608242;-631.639465;2596.310791;51.492928;;;;;;
3503;0;-477.765442;3420.389404;51.472809;224.568466;3523.250488;49.868439;-77.070747;3276.11499;51.167023;54.029732;2882.875488;49.599594;-631.629639;2596.335449;51.469013;;;;;;
3504;0;-477.797577;3420.396973;51.470093;224.581543;3523.290283;49.877598;-77.027229;3276.128662;51.182171;54.064587;2882.879395;49.596867;-631.632629;2596.320068;51.473335;;;;;;
3505;0;-477.796753;3420.419922;51.456612;224.551483;3523.267578;49.907673;-77.023689;3276.118652;51.162136;54.065315;2882.890869;49.587502;-631.624756;2596.342285;51.466267;;;;;;
3506;0;-477.793427;3420.383057;51.445152;224.571167;3523.294922;49.889511;-77.055954;3276.12085;51.14024;54.019993;2882.89917;49.620121;-631.642029;2596.32666;51.475925;;;;;;
3507;0;-477.777466;3420.404297;51.427425;224.581375;3523.272461;49.853741;-77.081207;3276.097656;51.135147;54.047913;2882.894775;49.581154;-631.62854;2596.325439;51.451454;;;;;;
3508;0;-477.794556;3420.407715;51.463604;224.57077;3523.269287;49.882107;-77.065468;3276.113037;51.144547;54.061409;2882.9104;49.621731;-631.684326;2596.3125;51.443115;;;;;;
3509;0;-477.803528;3420.386719;51.444912;224.569016;3523.265625;49.887188;-77.026207;3276.118164;51.185291;54.02784;2882.888916;49.5993;-631.643127;2596.346924;51.463524;;;;;;
3510;0;-477.790039;3420.411865;51.493233;224.556366;3523.253906;49.949425;-77.054916;3276.100342;51.188229;54.055771;2882.867432;49.593105;-631.624084;2596.303467;51.47847;;;;;;
3511;0;-477.803284;3420.385254;51.487942;224.568817;3523.255859;49.899204;-77.062195;3276.124756;51.228764;54.020771;2882.889404;49.653915;-631.641968;2596.332275;51.480362;;;;;;
3512;0;-477.798828;3420.356689;51.465668;224.566193;3523.271973;49.921371;-77.081497;3276.073242;51.134857;54.046078;2882.892822;49.637913;-631.649902;2596.330811;51.480194;;;;;;
3513;0;-477.78595;3420.391113;51.480309;224.575226;3523.249023;49.917233;-77.059158;3276.099121;51.179646;54.041241;2882.882812;49.603027;-631.627136;2596.350586;51.496899;;;;;;
3514;0;-477.81073;3420.354736;51.466179;224.566193;3523.26123;49.922432;-77.04982;3276.085938;51.156796;54.067303;2882.846191;49.602692;-631.608521;2596.323975;51.44128;;;;;;
3515;0;-477.792999;3420.365723;51.484673;224.568085;3523.267578;49.882675;-77.054901;3276.095459;51.13961;54.031395;2882.871094;49.613548;-631.667542;2596.332764;51.473801;;;;;;
3516;0;-477.799225;3420.383789;51.461411;224.56369;3523.270996;49.901695;-77.080643;3276.079346;51.139854;54.039745;2882.874023;49.59465;-631.649841;2596.304688;51.436642;;;;;;
3517;0;-477.802795;3420.401123;51.476421;224.585693;3523.235596;49.863846;-77.07238;3276.106689;51.152218;54.031639;2882.91626;49.617714;-631.666199;2596.349121;51.485317;;;;;;
3518;0;-477.803986;3420.380127;51.456577;224.545471;3523.270996;49.920387;-77.047607;3276.151611;51.220524;54.050041;2882.902588;49.597179;-631.650391;2596.327393;51.497456;;;;;;
3519;0;-477.778778;3420.401367;51.4683;224.576111;3523.281494;49.905636;-77.055122;3276.092773;51.134148;54.047752;2882.904785;49.625301;-631.619324;2596.345215;51.484825;;;;;;
3520;0;-477.781708;3420.400146;51.421715;224.592438;3523.281494;49.882366;-77.007721;3276.149658;51.227543;54.044445;2882.912842;49.656017;-631.641541;2596.351807;51.476181;;;;;;
3521;0;-477.797638;3420.38501;51.488464;224.5867;3523.255615;49.850414;-77.048058;3276.10083;51.173595;54.062286;2882.877197;49.597546;-631.63385;2596.331299;51.468914;;;;;;
3522;0;-477.793457;3420.372803;51.41832;224.561646;3523.2771;49.892227;-77.039764;3276.114746;51.161404;54.028522;2882.879395;49.605167;-631.648621;2596.332764;51.469009;;;;;;
3523;0;-477.79483;3420.40332;51.462093;224.574234;3523.261475;49.875481;-77.052849;3276.113525;51.147541;54.059753;2882.886719;49.594349;-631.635803;2596.355713;51.51157;;;;;;
3524;0;-477.787415;3420.386963;51.465256;224.549515;3523.259521;49.942364;-77.061142;3276.108887;51.144836;54.04369;2882.896484;49.617626;-631.643555;2596.346924;51.496349;;;;;;
3525;0;-477.801788;3420.376953;51.48592;224.57695;3523.277344;49.892548;-77.096718;3276.078125;51.166252;54.027737;2882.888672;49.617775;-631.665771;2596.342773;51.471443;;;;;;
3526;0;-477.7995;3420.374023;51.448521;224.570694;3523.276855;49.901451;-77.03112;3276.11499;51.186676;54.032879;2882.86377;49.597706;-631.677124;2596.316406;51.45652;;;;;;
3527;0;-477.806274;3420.396729;51.512348;224.548157;3523.271973;49.933426;-77.076698;3276.081055;51.164875;54.017902;2882.900146;49.65535;-631.652954;2596.339844;51.509907;;;;;;
3528;0;-477.78894;3420.385254;51.446518;224.584839;3523.251465;49.85503;-77.036697;3276.109375;51.177223;54.066139;2882.872559;49.630093;-631.642822;2596.312256;51.47681;;;;;;
3529;0;-477.784546;3420.380859;51.446674;224.564255;3523.274414;49.905212;-77.051872;3276.140625;51.232292;54.065636;2882.874512;49.586693;-631.625366;2596.350342;51.491837;;;;;;
3530;0;-477.810272;3420.407227;51.515739;224.575638;3523.275879;49.907082;-77.08802;3276.099121;51.179848;54.035114;2882.873047;49.637474;-631.638184;2596.317139;51.451576;;;;;;
3531;0;-477.782196;3420.359619;51.468262;224.551041;3523.247803;49.926437;-77.053017;3276.123047;51.20647;54.068985;2882.870605;49.60994;-631.641479;2596.324707;51.45295;;;;;;
3532;0;-477.817078;3420.399902;51.473946;224.56752;3523.278076;49.88316;-77.078987;3276.078125;51.111614;54.03783;2882.895264;49.624779;-631.639771;2596.312256;51.472507;;;;;;
3533;0;-477.801544;3420.379883;51.441257;224.561691;3523.262939;49.907558;-77.025772;3276.160645;51.198498;54.036911;2882.884521;49.604465;-631.617065;2596.340332;51.440151;;;;;;
3534;0;-477.782257;3420.374268;51.440201;224.583847;3523.273926;49.865849;-77.041466;3276.141113;51.199142;54.05875;2882.884521;49.589821;-631.648804;2596.362793;51.465668;;;;;;
3535;0;-477.805084;3420.382324;51.469799;224.606354;3523.270996;49.848282;-77.093216;3276.087646;51.143612;54.060062;2882.887451;49.580891;-631.636292;2596.318359;51.456989;;;;;;
3536;0;-477.814026;3420.391602;51.471241;224.569641;3523.261475;49.872128;-77.071716;3276.095215;51.122971;54.045322;2882.898926;49.636513;-631.656433;2596.304443;51.457157;;;;;;
3537;0;-477.80899;3420.39209;51.480549;224.563538;3523.258789;49.896606;-77.095703;3276.091553;51.150906;54.045322;2882.882324;49.618904;-631.680115;2596.313232;51.459785;;;;;;
3538;0;-477.807343;3420.37915;51.450626;224.588867;3523.262451;49.888546;-77.046997;3276.110352;51.188454;54.046684;2882.888672;49.605125;-631.637817;2596.325684;51.486149;;;;;;
3539;0;-477.790436;3420.39209;51.482052;224.563705;3523.253662;49.904324;-77.08744;3276.07666;51.16214;54.040688;2882.885742;49.65218;-631.621216;2596.310059;51.446125;;;;;;
3540;0;-477.792328;3420.405029;51.491745;224.566254;3523.269531;49.924572;-77.077507;3276.10376;51.157303;54.041279;2882.879395;49.622326;-631.63562;2596.316406;51.448002;;;;;;
3541;0;-477.792084;3420.382568;51.472736;224.555756;3523.276855;49.895641;-77.074928;3276.099365;51.148602;54.056847;2882.882568;49.634563;-631.6521;2596.344727;51.486847;;;;;;
3542;0;-477.796387;3420.375488;51.44371;224.566727;3523.259766;49.868149;-77.053169;3276.132324;51.202374;54.054161;2882.886963;49.60334;-631.618713;2596.318359;51.459339;;;;;;
3543;0;-477.797791;3420.38208;51.489075;224.563919;3523.266357;49.896057;-77.100143;3276.07959;51.109367;54.049538;2882.884277;49.599426;-631.615479;2596.357178;51.489582;;;;;;
3544;0;-477.805603;3420.372559;51.443523;224.587143;3523.253174;49.845219;-77.037445;3276.138672;51.220646;54.033352;2882.895264;49.615746;-631.623169;2596.327637;51.445995;;;;;;
3545;0;-477.793884;3420.371338;51.44014;224.564713;3523.246582;49.877361;-77.109322;3276.109863;51.193768;54.019051;2882.890625;49.612148;-631.649902;2596.354736;51.517536;;;;;;
3546;0;-477.781006;3420.406738;51.48394;224.569702;3523.270264;49.90094;-77.058907;3276.103027;51.142929;54.024185;2882.876221;49.61726;-631.660339;2596.338379;51.435692;;;;;;
3547;0;-477.81076;3420.391602;51.47002;224.583878;3523.271973;49.886795;-77.051422;3276.082764;51.143257;54.053986;2882.918701;49.652275;-631.630554;2596.334229;51.489681;;;;;;
3548;0;-477.786835;3420.384766;51.499706;224.566864;3523.26123;49.885883;-77.040199;3276.135254;51.22752;54.048664;2882.881592;49.612324;-631.656311;2596.360596;51.521637;;;;;;
3549;0;-477.793854;3420.395264;51.466572;224.576935;3523.273193;49.894493;-77.042084;3276.096924;51.169178;54.052536;2882.874268;49.593662;-631.627014;2596.345215;51.475075;;;;;;
3550;0;-477.831604;3420.375;51.454094;224.588394;3523.241455;49.888535;-77.065216;3276.103027;51.182644;54.067677;2882.870117;49.61224;-631.636292;2596.322754;51.458149;;;;;;
3551;0;-477.801056;3420.402588;51.485867;224.554932;3523.270996;49.910122;-77.06546;3276.107178;51.176086;54.023232;2882.878906;49.635311;-631.666992;2596.300537;51.479549;;;;;;
3552;0;-477.822693;3420.401611;51.479511;224.57663;3523.246582;49.876793;-77.086967;3276.114014;51.175385;54.035347;2882.896484;49.611683;-631.657837;2596.334717;51.479397;;;;;;
3553;0;-477.821747;3420.414551;51.471989;224.559753;3523.279053;49.896202;-77.080864;3276.099609;51.166145;54.028782;2882.905273;49.637466;-631.650696;2596.348145;51.499111;;;;;;
3554;0;-477.803894;3420.385498;51.459545;224.568192;3523.253174;49.887802;-77.044594;3276.105957;51.183208;54.062363;2882.886963;49.617695;-631.633972;2596.371582;51.517735;;;;;;
3555;0;-477.786072;3420.390137;51.445099;224.564255;3523.265869;49.912373;-77.037949;3276.098389;51.139431;54.04945;2882.892578;49.6157;-631.615662;2596.332031;51.452118;;;;;;
3556;0;-477.815125;3420.390869;51.487839;224.558014;3523.268311;49.927059;-77.055023;3276.087646;51.133202;54.062008;2882.883301;49.617603;-631.637939;2596.308105;51.459152;;;;;;
3557;0;-477.754761;3420.392578;51.451279;224.566223;3523.262451;49.918476;-77.051392;3276.106201;51.133602;54.06678;2882.871094;49.582443;-631.636292;2596.338135;51.469723;;;;;;
3558;0;-477.770996;3420.374512;51.451145;224.57132;3523.278076;49.894432;-77.04348;3276.127441;51.185493;54.044994;2882.907959;49.639954;-631.62738;2596.317139;51.464272;;;;;;
3559;0;-477.771912;3420.397217;51.425598;224.580566;3523.254395;49.874386;-77.089424;3276.095215;51.124977;54.048649;2882.906738;49.629723;-631.643066;2596.3479;51.482151;;;;;;
3560;0;-477.789429;3420.391846;51.479797;224.568954;3523.263184;49.902096;-77.051659;3276.111816;51.178299;54.041397;2882.903076;49.63702;-631.614197;2596.360107;51.484703;;;;;;
3561;0;-477.779755;3420.379639;51.439323;224.572708;3523.247803;49.848587;-77.039558;3276.116455;51.206921;54.03091;2882.875732;49.602242;-631.638672;2596.301514;51.407551;;;;;;
3562;0;-477.814148;3420.379395;51.469818;224.557236;3523.246338;49.902569;-77.08316;3276.078125;51.139366;54.032806;2882.866211;49.596081;-631.638916;2596.340576;51.469963;;;;;;
3563;0;-477.802612;3420.356445;51.43568;224.582748;3523.255615;49.873852;-77.060608;3276.086914;51.128555;54.040272;2882.888184;49.611465;-631.653503;2596.334229;51.444489;;;;;;
3564;0;-477.805756;3420.385498;51.470295;224.543396;3523.256836;49.913063;-77.064163;3276.091309;51.193592;54.022537;2882.883545;49.61697;-631.636719;2596.340332;51.520622;;;;;;
3565;0;-477.787659;3420.395264;51.459183;224.564636;3523.254395;49.914452;-77.063225;3276.119873;51.204651;54.023312;2882.875488;49.63921;-631.63092;2596.356689;51.48988;;;;;;
3566;0;-477.783051;3420.387939;51.463196;224.571457;3523.266357;49.897152;-77.036751;3276.12793;51.225441;54.034531;2882.891602;49.610207;-631.624756;2596.357666;51.493156;;;;;;
3567;0;-477.796234;3420.371338;51.452984;224.57663;3523.269043;49.915192;-77.046059;3276.145264;51.210209;54.051647;2882.892578;49.622791;-631.634521;2596.322021;51.444;;;;;;
3568;0;-477.807465;3420.39917;51.473484;224.588577;3523.241943;49.872952;-77.045296;3276.086914;51.144913;54.044128;2882.900879;49.611553;-631.646912;2596.343262;51.495861;;;;;;
3569;0;-477.774445;3420.371582;51.422112;224.581299;3523.275635;49.873047;-77.030685;3276.124023;51.186417;54.055462;2882.864502;49.569012;-631.622925;2596.314209;51.441349;;;;;;
3570;0;-477.789581;3420.39917;51.498043;224.57373;3523.264648;49.896324;-77.060234;3276.11377;51.176891;54.066494;2882.880615;49.60516;-631.659851;2596.325684;51.45155;;;;;;
3571;0;-477.790863;3420.392822;51.463055;224.567047;3523.265625;49.899296;-77.082909;3276.097656;51.129307;54.033867;2882.895508;49.643986;-631.649353;2596.349854;51.460911;;;;;;
3572;0;-477.780548;3420.372314;51.477283;224.563629;3523.273682;49.885059;-77.059402;3276.139893;51.222713;54.039299;2882.89917;49.625656;-631.641663;2596.36499;51.479328;;;;;;
3573;0;-477.800079;3420.393066;51.492264;224.586487;3523.265381;49.849812;-77.030266;3276.13916;51.216331;54.045109;2882.901855;49.589237;-631.631531;2596.303467;51.446602;;;;;;
3574;0;-477.818146;3420.391113;51.474697;224.561371;3523.260498;49.901871;-77.073563;3276.109863;51.181225;54.031475;2882.891357;49.612495;-631.610291;2596.339111;51.468132;;;;;;
3575;0;-477.776398;3420.373535;51.468048;224.567123;3523.251709;49.878021;-77.066559;3276.097412;51.144028;54.067867;2882.89502;49.614605;-631.627747;2596.339355;51.459705;;;;;;
3576;0;-477.80658;3420.380127;51.460255;224.57373;3523.255859;49.902481;-77.050949;3276.123047;51.189327;54.071018;2882.885742;49.608829;-631.640198;2596.332275;51.480328;;;;;;
3577;0;-477.822144;3420.391846;51.457973;224.587845;3523.270996;49.885311;-77.01194;3276.110352;51.16666;54.023113;2882.877686;49.630489;-631.655945;2596.36499;51.493389;;;;;;
3578;0;-477.8013;3420.401611;51.492699;224.57341;3523.250488;49.894802;-77.031387;3276.111084;51.156059;54.042274;2882.916748;49.644943;-631.664734;2596.301758;51.446297;;;;;;
3579;0;-477.807129;3420.384766;51.466801;224.558853;3523.251953;49.905586;-77.069786;3276.115234;51.224415;54.023304;2882.893799;49.646729;-631.652527;2596.327148;51.48822;;;;;;
3580;0;-477.812592;3420.378906;51.444412;224.562698;3523.265381;49.89645;-77.054466;3276.110596;51.13636;54.040817;2882.900879;49.629223;-631.656189;2596.323975;51.425175;;;;;;
3581;0;-477.797241;3420.393799;51.467579;224.564163;3523.259766;49.897915;-77.093918;3276.120117;51.185032;54.050457;2882.888428;49.58839;-631.670593;2596.340332;51.467529;;;;;;
3582;0;-477.786041;3420.380371;51.46344;224.551086;3523.256836;49.928493;-77.059715;3276.10376;51.16679;54.052822;2882.905762;49.614933;-631.653564;2596.363037;51.47123;;;;;;
3583;0;-477.7724;3420.383545;51.460709;224.602646;3523.26709;49.829426;-77.036392;3276.09082;51.14629;54.047565;2882.861816;49.570457;-631.619019;2596.355469;51.465553;;;;;;
3584;0;-477.796936;3420.409424;51.471401;224.573486;3523.266113;49.902588;-77.070068;3276.099121;51.169476;54.044312;2882.877197;49.596207;-631.644226;2596.332764;51.439667;;;;;;
3585;0;-477.765137;3420.399658;51.480171;224.579544;3523.249023;49.888912;-77.060333;3276.126709;51.207085;54.050793;2882.887207;49.619118;-631.64032;2596.355957;51.478931;;;;;;
3586;0;-477.791107;3420.358154;51.44273;224.575073;3523.27417;49.903843;-77.031036;3276.116455;51.155445;54.054996;2882.893799;49.603912;-631.649536;2596.318359;51.455875;;;;;;
3587;0;-477.802887;3420.382812;51.499111;224.565247;3523.265381;49.888157;-77.054794;3276.111572;51.208847;54.041065;2882.89624;49.632248;-631.639526;2596.373779;51.511444;;;;;;
3588;0;-477.813385;3420.397949;51.465107;224.571533;3523.240723;49.883125;-77.06588;3276.119141;51.159058;54.057171;2882.885742;49.603962;-631.638611;2596.363037;51.482906;;;;;;
3589;0;-477.771423;3420.399414;51.452023;224.585556;3523.265381;49.849995;-77.05648;3276.078613;51.10527;54.045338;2882.906738;49.636658;-631.629883;2596.354736;51.492496;;;;;;
3590;0;-477.783417;3420.370361;51.423931;224.561035;3523.265625;49.892841;-77.030045;3276.122314;51.180149;54.046432;2882.903076;49.580807;-631.641479;2596.329346;51.430706;;;;;;
3591;0;-477.799744;3420.381348;51.472088;224.572083;3523.272217;49.879761;-77.062943;3276.120361;51.215084;54.043678;2882.89209;49.637554;-631.667969;2596.333252;51.506828;;;;;;
3592;0;-477.804962;3420.396729;51.448696;224.547821;3523.259033;49.892223;-77.035889;3276.108643;51.1838;54.055096;2882.900879;49.593376;-631.628418;2596.345703;51.46764;;;;;;
3593;0;-477.777527;3420.393555;51.433601;224.574203;3523.252686;49.876259;-77.062691;3276.108154;51.231804;54.058163;2882.911377;49.613274;-631.638062;2596.337158;51.489082;;;;;;
3594;0;-477.824432;3420.387207;51.516453;224.594498;3523.23877;49.855186;-77.047211;3276.082275;51.135349;54.03397;2882.863281;49.602211;-631.6474;2596.311279;51.440193;;;;;;
3595;0;-477.787872;3420.385254;51.454334;224.577911;3523.260742;49.90889;-77.048119;3276.104248;51.190205;54.055763;2882.898193;49.594234;-631.623413;2596.334229;51.478062;;;;;;
3596;0;-477.790497;3420.373291;51.472778;224.566666;3523.244629;49.902733;-77.061516;3276.101074;51.18557;54.035011;2882.869629;49.614578;-631.613159;2596.3125;51.446087;;;;;;
3597;0;-477.790253;3420.367188;51.46291;224.584946;3523.25293;49.883785;-77.045509;3276.09082;51.144859;54.056793;2882.875732;49.62875;-631.647339;2596.315186;51.455097;;;;;;
3598;0;-477.793915;3420.40918;51.472511;224.577194;3523.263916;49.840168;-77.061241;3276.103271;51.141304;54.01786;2882.877197;49.618893;-631.649902;2596.309814;51.419674;;;;;;
3599;0;-477.805359;3420.401367;51.488525;224.573074;3523.262939;49.86628;-77.077858;3276.102783;51.161945;54.024887;2882.886719;49.592846;-631.628845;2596.318848;51.444706;;;;;;
3600;0;-477.823883;3420.380615;51.495571;224.544434;3523.27124;49.907722;-77.067719;3276.11792;51.168327;54.03978;2882.909424;49.583351;-631.641174;2596.355957;51.466064;;;;;;
3601;0;-477.825775;3420.397705;51.462528;224.555359;3523.279541;49.898636;-77.100677;3276.094238;51.180157;54.04137;2882.878662;49.581039;-631.651489;2596.354736;51.434662;;;;;;
3602;0;-477.798706;3420.396973;51.471203;224.599426;3523.274658;49.839752;-77.073524;3276.085205;51.134037;54.061108;2882.896484;49.579868;-631.645142;2596.375244;51.482708;;;;;;
3603;0;-477.786499;3420.374512;51.452011;224.582977;3523.26123;49.853893;-77.028404;3276.11377;51.16151;54.072628;2882.902832;49.611774;-631.631531;2596.300049;51.463318;;;;;;
3604;0;-477.784332;3420.352783;51.410118;224.591934;3523.258545;49.872215;-77.042465;3276.142578;51.234531;54.061825;2882.890381;49.615063;-631.63501;2596.32373;51.463642;;;;;;
3605;0;-477.799683;3420.38208;51.470276;224.581573;3523.271973;49.87429;-77.084145;3276.110107;51.178169;54.045681;2882.900635;49.62381;-631.631592;2596.334961;51.446224;;;;;;
3606;0;-477.802277;3420.396729;51.510468;224.568451;3523.263916;49.895832;-77.048569;3276.107666;51.153027;54.03231;2882.903564;49.622749;-631.633606;2596.357666;51.485157;;;;;;
3607;0;-477.757629;3420.385254;51.447311;224.572601;3523.257568;49.870224;-77.030792;3276.137207;51.197323;54.039261;2882.892822;49.6357;-631.633545;2596.326904;51.482716;;;;;;
3608;0;-477.805573;3420.388672;51.449184;224.571594;3523.267334;49.894787;-77.0839;3276.089111;51.160374;54.060085;2882.876709;49.597145;-631.643738;2596.348877;51.452286;;;;;;
3609;0;-477.813477;3420.386475;51.481068;224.557739;3523.263428;49.891186;-77.059013;3276.11377;51.190357;54.028248;2882.875244;49.584835;-631.650513;2596.330811;51.461739;;;;;;
3610;0;-477.795715;3420.366455;51.460819;224.5634;3523.258301;49.888336;-77.066193;3276.081299;51.151917;54.039829;2882.897217;49.633137;-631.656189;2596.3125;51.449978;;;;;;
3611;0;-477.786896;3420.375732;51.482586;224.581711;3523.250977;49.888744;-77.065056;3276.108154;51.1964;54.052528;2882.873535;49.575676;-631.633301;2596.330566;51.484859;;;;;;
3612;0;-477.81842;3420.382812;51.479191;224.532211;3523.231689;49.925812;-77.048668;3276.078857;51.148582;54.018085;2882.907715;49.66132;-631.638428;2596.329346;51.445873;;;;;;
3613;0;-477.800751;3420.388428;51.460369;224.579865;3523.244141;49.898918;-77.052353;3276.102051;51.176273;54.032959;2882.891846;49.608109;-631.638733;2596.34082;51.507343;;;;;;
3614;0;-477.791107;3420.390137;51.487141;224.592804;3523.256104;49.888287;-77.023026;3276.106689;51.160084;54.053547;2882.877197;49.595535;-631.605408;2596.326904;51.45092;;;;;;
3615;0;-477.792084;3420.364258;51.442822;224.578918;3523.263428;49.881168;-77.061813;3276.089355;51.139847;54.0648;2882.895508;49.604122;-631.63208;2596.340332;51.490402;;;;;;
3616;0;-477.784973;3420.378662;51.413635;224.590286;3523.271973;49.882477;-77.060303;3276.111572;51.213932;54.067055;2882.890869;49.600155;-631.650879;2596.317383;51.424389;;;;;;
3617;0;-477.796112;3420.384277;51.463554;224.56514;3523.237061;49.880116;-77.052422;3276.093506;51.146587;54.054871;2882.907715;49.595631;-631.648987;2596.321533;51.449238;;;;;;
3618;0;-477.832886;3420.385742;51.480251;224.569321;3523.284424;49.878147;-77.060089;3276.114014;51.146557;54.032612;2882.907227;49.622482;-631.652771;2596.344238;51.454781;;;;;;
3619;0;-477.797821;3420.393555;51.478382;224.538574;3523.268066;49.913887;-77.077644;3276.099854;51.137218;54.02684;2882.902344;49.645508;-631.653137;2596.351562;51.478779;;;;;;
3620;0;-477.80545;3420.38916;51.443424;224.56485;3523.28418;49.918415;-77.093079;3276.095703;51.166538;54.054893;2882.906738;49.610291;-631.654602;2596.369385;51.466396;;;;;;
3621;0;-477.806763;3420.398438;51.453049;224.559494;3523.244629;49.867065;-77.053436;3276.081543;51.12101;54.046692;2882.887207;49.592136;-631.63855;2596.348145;51.464931;;;;;;
3622;0;-477.811707;3420.385498;51.468929;224.580322;3523.24707;49.871181;-77.042969;3276.087158;51.154846;54.013596;2882.888672;49.590851;-631.661621;2596.331055;51.430882;;;;;;
3623;0;-477.781677;3420.368652;51.445412;224.596802;3523.25415;49.846142;-77.05426;3276.075439;51.145786;54.053532;2882.863281;49.584641;-631.605591;2596.331543;51.450993;;;;;;
3624;0;-477.752319;3420.348633;51.464413;224.603333;3523.25415;49.871155;-77.063324;3276.085205;51.145573;54.032993;2882.865723;49.646484;-631.632812;2596.329834;51.471478;;;;;;
3625;0;-477.802643;3420.389648;51.478573;224.568878;3523.23999;49.904266;-77.101906;3276.09082;51.173351;54.045147;2882.859619;49.622715;-631.629333;2596.325928;51.515392;;;;;;
3626;0;-477.770203;3420.404785;51.463486;224.578262;3523.243164;49.906898;-77.020409;3276.091309;51.175156;54.062057;2882.899658;49.614597;-631.59613;2596.362549;51.462429;;;;;;
3627;0;-477.826447;3420.377441;51.48439;224.57431;3523.271484;49.867538;-77.086967;3276.070068;51.161308;54.029324;2882.886475;49.617538;-631.656738;2596.327881;51.459011;;;;;;
3628;0;-477.815613;3420.386963;51.446789;224.566849;3523.287109;49.881523;-77.053589;3276.111572;51.170708;54.029987;2882.86792;49.596397;-631.659851;2596.348145;51.492466;;;;;;
3629;0;-477.80188;3420.375244;51.409527;224.560837;3523.251953;49.870625;-77.039864;3276.139648;51.19392;54.062881;2882.898926;49.592789;-631.636536;2596.319336;51.439781;;;;;;
3630;0;-477.79303;3420.384033;51.446217;224.572571;3523.264893;49.892262;-77.054504;3276.123535;51.196377;54.047695;2882.889648;49.599438;-631.648254;2596.311523;51.439888;;;;;;
3631;0;-477.808502;3420.392822;51.473686;224.56308;3523.26709;49.914333;-77.058899;3276.118408;51.199039;54.03677;2882.889893;49.61311;-631.635986;2596.333496;51.459408;;;;;;
3632;0;-477.796631;3420.380615;51.450352;224.557892;3523.260498;49.892597;-77.033554;3276.118652;51.194439;54.050671;2882.889893;49.608898;-631.605469;2596.333008;51.470051;;;;;;
3633;0;-477.779602;3420.397705;51.4664;224.583527;3523.259277;49.864853;-77.047142;3276.11084;51.205208;54.064877;2882.910645;49.609875;-631.594299;2596.343506;51.479538;;;;;;
3634;0;-477.771973;3420.387451;51.465641;224.56427;3523.266357;49.918282;-77.065598;3276.100586;51.125702;54.029911;2882.891357;49.6217;-631.630554;2596.342529;51.453068;;;;;;
3635;0;-477.770691;3420.378418;51.469566;224.582413;3523.257324;49.878254;-77.0439;3276.117676;51.207523;54.052456;2882.897949;49.619637;-631.637451;2596.314453;51.459641;;;;;;
3636;0;-477.800934;3420.356689;51.454029;224.589203;3523.269531;49.839054;-77.054405;3276.124756;51.173374;54.051395;2882.892578;49.601254;-631.614319;2596.350342;51.495205;;;;;;
3637;0;-477.810608;3420.374756;51.445309;224.5578;3523.243164;49.896839;-77.06604;3276.120605;51.146759;54.028473;2882.873779;49.605881;-631.641968;2596.340332;51.453503;;;;;;
3638;0;-477.800781;3420.397461;51.467808;224.546722;3523.237549;49.908474;-77.081642;3276.097656;51.150162;54.024521;2882.878174;49.626114;-631.67627;2596.309814;51.440552;;;;;;
3639;0;-477.806732;3420.369629;51.469269;224.570297;3523.265625;49.879425;-77.046051;3276.123047;51.225319;54.054615;2882.878174;49.593918;-631.662292;2596.348389;51.503178;;;;;;
3640;0;-477.783539;3420.386475;51.474598;224.590393;3523.249512;49.876637;-77.045815;3276.121338;51.153042;54.032578;2882.880127;49.616901;-631.643921;2596.352783;51.484531;;;;;;
3641;0;-477.78894;3420.405518;51.471878;224.578064;3523.256836;49.903736;-77.067955;3276.09082;51.123837;54.041573;2882.921631;49.608803;-631.661865;2596.323975;51.478432;;;;;;
3642;0;-477.792603;3420.401611;51.469238;224.580307;3523.264404;49.865356;-77.053307;3276.083496;51.154617;54.060768;2882.871094;49.601147;-631.621033;2596.303467;51.442375;;;;;;
3643;0;-477.764069;3420.39502;51.440861;224.605499;3523.260498;49.841537;-77.030968;3276.11377;51.148186;54.057178;2882.901367;49.605907;-631.598328;2596.341553;51.457565;;;;;;
3644;0;-477.781036;3420.391357;51.472309;224.5737;3523.254639;49.884838;-77.064537;3276.104004;51.138874;54.048141;2882.895508;49.622471;-631.590454;2596.340332;51.441429;;;;;;
3645;0;-477.783386;3420.393799;51.474964;224.564529;3523.269287;49.915203;-77.097992;3276.10083;51.161209;54.054546;2882.897949;49.631168;-631.643555;2596.329102;51.491928;;;;;;
3646;0;-477.784027;3420.393555;51.462582;224.574326;3523.249268;49.877132;-77.042061;3276.128174;51.216148;54.035347;2882.878662;49.611755;-631.63739;2596.343506;51.509853;;;;;;
3647;0;-477.764008;3420.386475;51.380417;224.567871;3523.259033;49.878513;-77.054672;3276.089355;51.139637;54.054836;2882.908691;49.595112;-631.648315;2596.331543;51.444733;;;;;;
3648;0;-477.807404;3420.374023;51.45771;224.574158;3523.27417;49.887207;-77.05851;3276.107178;51.154526;54.062107;2882.891113;49.596024;-631.676941;2596.334717;51.468803;;;;;;
3649;0;-477.798615;3420.36377;51.430374;224.572433;3523.265625;49.848545;-77.057053;3276.098633;51.159374;54.037838;2882.893799;49.600571;-631.618774;2596.361084;51.437084;;;;;;
3650;0;-477.797821;3420.366211;51.448284;224.557678;3523.256104;49.919525;-77.049728;3276.109619;51.160774;54.048447;2882.871826;49.594074;-631.659668;2596.340332;51.484631;;;;;;
3651;0;-477.802124;3420.390137;51.454094;224.575607;3523.238037;49.877213;-77.032578;3276.097412;51.172348;54.044899;2882.873047;49.598904;-631.634644;2596.318359;51.459167;;;;;;
3652;0;-477.790619;3420.371338;51.479301;224.562027;3523.262939;49.921135;-77.018806;3276.128662;51.217213;54.044472;2882.884766;49.616257;-631.574951;2596.342529;51.466743;;;;;;
3653;0;-477.741791;3420.41333;51.474369;224.569534;3523.265625;49.88879;-77.058327;3276.092773;51.125832;54.038734;2882.906494;49.635345;-631.629822;2596.312256;51.460258;;;;;;
3654;0;-477.743713;3420.381836;51.443806;224.584961;3523.263184;49.874657;-77.04686;3276.116943;51.153511;54.041805;2882.889404;49.595448;-631.639099;2596.327393;51.486637;;;;;;
3655;0;-477.762451;3420.385254;51.419666;224.599426;3523.269775;49.860107;-77.034691;3276.11084;51.150478;54.048676;2882.868408;49.587517;-631.640869;2596.338135;51.430656;;;;;;
3656;0;-477.782867;3420.396484;51.459309;224.572037;3523.261719;49.919128;-77.068542;3276.097412;51.119976;54.063255;2882.880127;49.609844;-631.599304;2596.336182;51.459351;;;;;;
3657;0;-477.800293;3420.407471;51.449963;224.555161;3523.259521;49.920898;-77.10463;3276.107178;51.165661;54.04031;2882.897461;49.603188;-631.66333;2596.335449;51.466938;;;;;;
3658;0;-477.824097;3420.37915;51.486549;224.566208;3523.26123;49.870747;-77.046043;3276.089355;51.150681;54.06757;2882.902832;49.595833;-631.670715;2596.306885;51.452984;;;;;;
3659;0;-477.796448;3420.392334;51.466846;224.570541;3523.255859;49.916931;-77.099503;3276.109375;51.207447;54.026962;2882.894043;49.633301;-631.642395;2596.339844;51.494087;;;;;;
3660;0;-477.783783;3420.386475;51.459808;224.584045;3523.281982;49.890774;-77.058205;3276.088135;51.158138;54.059666;2882.894043;49.617928;-631.654602;2596.337891;51.496494;;;;;;
3661;0;-477.78891;3420.387939;51.465008;224.579315;3523.241211;49.902748;-77.064346;3276.099121;51.166855;54.025986;2882.886719;49.621666;-631.650269;2596.321045;51.44849;;;;;;
3662;0;-477.807556;3420.391357;51.459873;224.587708;3523.263916;49.877029;-77.051956;3276.091553;51.139935;54.056564;2882.885498;49.621365;-631.656189;2596.320557;51.469723;;;;;;
3663;0;-477.795532;3420.365967;51.444477;224.599228;3523.25708;49.88015;-77.059349;3276.086914;51.147381;54.057209;2882.887451;49.591728;-631.630371;2596.31958;51.477558;;;;;;
3664;0;-477.81076;3420.391846;51.505203;224.567673;3523.250488;49.928135;-77.029533;3276.093262;51.163868;54.036896;2882.878418;49.615345;-631.602783;2596.340576;51.446419;;;;;;
3665;0;-477.78656;3420.385254;51.459099;224.575577;3523.270752;49.878674;-77.094772;3276.122803;51.209778;54.035641;2882.875244;49.61644;-631.632324;2596.317139;51.456192;;;;;;
3666;0;-477.780121;3420.397705;51.446358;224.570694;3523.275391;49.873882;-77.058243;3276.100098;51.129246;54.051834;2882.886719;49.585636;-631.634216;2596.333252;51.465633;;;;;;
3667;0;-477.788086;3420.392822;51.448681;224.592026;3523.283447;49.88319;-77.056534;3276.106445;51.127773;54.038818;2882.892822;49.602516;-631.649658;2596.339355;51.454823;;;;;;
3668;0;-477.796448;3420.395996;51.466908;224.57991;3523.261963;49.851509;-77.044441;3276.119385;51.178913;54.053024;2882.886719;49.559509;-631.67627;2596.33667;51.488152;;;;;;
3669;0;-477.776855;3420.386719;51.442429;224.58223;3523.26709;49.859795;-77.046234;3276.103516;51.195473;54.04126;2882.890381;49.612965;-631.620728;2596.331543;51.461586;;;;;;
3670;0;-477.822174;3420.382324;51.464264;224.561768;3523.258057;49.908504;-77.074753;3276.079102;51.132153;54.060043;2882.888672;49.589973;-631.640198;2596.337158;51.442959;;;;;;
3671;0;-477.77594;3420.364746;51.469723;224.567566;3523.249268;49.919941;-77.040108;3276.117188;51.218998;54.010731;2882.860107;49.630245;-631.621704;2596.336426;51.504658;;;;;;
3672;0;-477.791443;3420.39502;51.506416;224.570755;3523.256348;49.917141;-77.041298;3276.11792;51.188076;54.053772;2882.890625;49.641735;-631.642273;2596.329102;51.475353;;;;;;
3673;0;-477.797974;3420.375488;51.483974;224.553619;3523.234375;49.931644;-77.065002;3276.090576;51.1381;54.039139;2882.885498;49.634537;-631.623108;2596.338867;51.473129;;;;;;
3674;0;-477.811768;3420.372803;51.477459;224.56192;3523.253662;49.925316;-77.073669;3276.098389;51.145996;54.038448;2882.867676;49.601166;-631.646545;2596.343018;51.475777;;;;;;
3675;0;-477.779755;3420.381348;51.460655;224.58226;3523.273926;49.861565;-77.073509;3276.089355;51.136536;54.04842;2882.862305;49.59623;-631.646912;2596.306885;51.443161;;;;;;
3676;0;-477.825928;3420.393799;51.489616;224.595322;3523.261963;49.862999;-77.022034;3276.086182;51.167423;54.036312;2882.890137;49.609814;-631.647705;2596.292725;51.418022;;;;;;
3677;0;-477.819672;3420.366211;51.439522;224.571381;3523.266113;49.89431;-77.063721;3276.094238;51.139191;54.047943;2882.866455;49.604118;-631.644287;2596.358398;51.48251;;;;;;
3678;0;-477.802673;3420.41748;51.497673;224.569397;3523.26001;49.891708;-77.066483;3276.085449;51.139164;54.03154;2882.903076;49.634148;-631.642334;2596.333008;51.472157;;;;;;
3679;0;-477.798889;3420.377197;51.479427;224.578659;3523.287109;49.899548;-77.025185;3276.116211;51.160351;54.052711;2882.882812;49.622501;-631.630493;2596.341797;51.493397;;;;;;
3680;0;-477.786346;3420.397217;51.47403;224.570541;3523.263184;49.878082;-77.058601;3276.13208;51.184925;54.040966;2882.887207;49.631596;-631.656494;2596.324463;51.454487;;;;;;
3681;0;-477.81424;3420.39209;51.47237;224.584824;3523.280029;49.884766;-77.016312;3276.122803;51.164089;54.067074;2882.902344;49.599796;-631.631531;2596.321777;51.450386;;;;;;
3682;0;-477.78476;3420.393066;51.483505;224.603668;3523.251221;49.862125;-77.083603;3276.095703;51.179653;54.066555;2882.876953;49.579704;-631.63678;2596.32373;51.493149;;;;;;
3683;0;-477.756165;3420.377441;51.439644;224.581329;3523.268555;49.924816;-77.051064;3276.087646;51.146275;54.041309;2882.883789;49.592381;-631.643066;2596.310303;51.504147;;;;;;
3684;0;-477.802521;3420.373047;51.481182;224.542984;3523.256592;49.933994;-77.026772;3276.109375;51.186192;54.0247;2882.890137;49.61866;-631.643616;2596.358887;51.457561;;;;;;
3685;0;-477.817261;3420.375977;51.465801;224.555939;3523.246582;49.923893;-77.052216;3276.081787;51.155514;54.05698;2882.892334;49.602459;-631.633362;2596.334229;51.4785;;;;;;
3686;0;-477.811127;3420.383301;51.49659;224.555939;3523.240967;49.888386;-77.072983;3276.11084;51.204494;54.023468;2882.877441;49.623978;-631.639343;2596.308594;51.426651;;;;;;
3687;0;-477.798065;3420.405029;51.462624;224.584763;3523.248779;49.87476;-77.094284;3276.113281;51.182495;54.027729;2882.883545;49.599327;-631.638062;2596.373779;51.480541;;;;;;
3688;0;-477.797119;3420.38916;51.448402;224.576584;3523.260498;49.879864;-77.058632;3276.099609;51.125206;54.052654;2882.877686;49.580288;-631.65271;2596.332031;51.483654;;;;;;
3689;0;-477.800415;3420.392822;51.448418;224.567047;3523.246338;49.87476;-77.044479;3276.10376;51.148857;54.039986;2882.898193;49.60429;-631.638489;2596.311523;51.434681;;;;;;
3690;0;-477.786896;3420.394043;51.433754;224.58551;3523.256836;49.890316;-77.042145;3276.121338;51.176575;54.06826;2882.869873;49.601398;-631.609985;2596.309082;51.448284;;;;;;
3691;0;-477.800232;3420.384277;51.490215;224.606323;3523.272949;49.856014;-77.040474;3276.11499;51.185871;54.045017;2882.89209;49.623634;-631.616943;2596.30835;51.411995;;;;;;
3692;0;-477.801178;3420.38501;51.480404;224.568527;3523.238525;49.882576;-77.051636;3276.110107;51.142273;54.049084;2882.888672;49.633678;-631.646423;2596.3479;51.505737;;;;;;
3693;0;-477.828339;3420.395508;51.484749;224.55751;3523.269775;49.896332;-77.07193;3276.0979;51.154224;54.048901;2882.891602;49.61153;-631.649841;2596.338135;51.455631;;;;;;
3694;0;-477.800232;3420.405273;51.473492;224.573364;3523.260254;49.868538;-77.073654;3276.112793;51.194977;54.049328;2882.892822;49.589191;-631.620911;2596.308594;51.474701;;;;;;
3695;0;-477.805054;3420.36084;51.456646;224.560822;3523.269531;49.900162;-77.036469;3276.126221;51.203876;54.023842;2882.894775;49.622494;-631.637878;2596.330566;51.473072;;;;;;
3696;0;-477.765045;3420.378418;51.46524;224.561447;3523.239746;49.912624;-77.060249;3276.133301;51.216862;54.039589;2882.895752;49.611465;-631.637878;2596.333496;51.466122;;;;;;
3697;0;-477.800812;3420.364014;51.476612;224.552734;3523.267334;49.893013;-77.063675;3276.098633;51.177589;54.030617;2882.877686;49.623707;-631.639038;2596.329346;51.449547;;;;;;
3698;0;-477.800629;3420.384033;51.48978;224.561066;3523.264404;49.902836;-77.053123;3276.102783;51.199081;54.049271;2882.878662;49.597198;-631.648621;2596.304199;51.452221;;;;;;
3699;0;-477.775482;3420.355225;51.421173;224.572876;3523.23999;49.895145;-77.046997;3276.11792;51.200813;54.053665;2882.87915;49.651733;-631.619446;2596.330078;51.45153;;;;;;
3700;0;-477.78772;3420.391602;51.492386;224.584518;3523.243896;49.880875;-77.08152;3276.067139;51.115273;54.043842;2882.887939;49.58379;-631.637512;2596.313721;51.473419;;;;;;
3701;0;-477.802948;3420.376709;51.464676;224.572128;3523.253174;49.872963;-77.026131;3276.138184;51.184826;54.051071;2882.887451;49.600697;-631.627014;2596.365967;51.450554;;;;;;
3702;0;-477.796478;3420.420166;51.455776;224.591171;3523.272949;49.865673;-77.0364;3276.120605;51.189014;54.078796;2882.885254;49.59536;-631.634155;2596.318115;51.450947;;;;;;
3703;0;-477.822876;3420.399658;51.49781;224.585236;3523.263184;49.881126;-77.056061;3276.096924;51.161736;54.041817;2882.900635;49.635914;-631.634949;2596.336914;51.503189;;;;;;
3704;0;-477.80954;3420.380615;51.437393;224.580399;3523.261475;49.884369;-77.046127;3276.124023;51.229149;54.028133;2882.89917;49.607372;-631.654114;2596.303467;51.413754;;;;;;
3705;0;-477.801544;3420.39502;51.475857;224.579712;3523.255371;49.860748;-77.060486;3276.117676;51.171677;54.037643;2882.887207;49.612267;-631.659851;2596.312012;51.464741;;;;;;
3706;0;-477.792267;3420.397705;51.461807;224.569092;3523.257324;49.871971;-77.053452;3276.144287;51.223782;54.022514;2882.897705;49.615177;-631.637756;2596.337402;51.469551;;;;;;
3707;0;-477.787262;3420.382324;51.458828;224.574295;3523.238037;49.876274;-77.041748;3276.109619;51.133823;54.051254;2882.908447;49.626163;-631.65155;2596.317627;51.486088;;;;;;
3708;0;-477.81778;3420.396484;51.482597;224.578323;3523.269531;49.896721;-77.051277;3276.094971;51.114765;54.052975;2882.89624;49.596519;-631.638489;2596.335938;51.439014;;;;;;
3709;0;-477.785339;3420.368164;51.442947;224.590439;3523.265869;49.905369;-77.029816;3276.12207;51.178101;54.041466;2882.863037;49.58831;-631.630737;2596.31958;51.446873;;;;;;
3710;0;-477.787537;3420.378662;51.449257;224.57309;3523.237305;49.938454;-77.071579;3276.078857;51.131332;54.021484;2882.863281;49.634289;-631.614319;2596.289062;51.434902;;;;;;
3711;0;-477.775635;3420.361328;51.477474;224.556061;3523.240479;49.914875;-77.035439;3276.088135;51.176937;54.030502;2882.868408;49.639572;-631.648621;2596.349121;51.508327;;;;;;
3712;0;-477.814148;3420.393066;51.49012;224.572342;3523.249512;49.91497;-77.04493;3276.0896;51.160278;54.051811;2882.899902;49.632118;-631.628296;2596.32959;51.487247;;;;;;
3713;0;-477.797333;3420.374512;51.440289;224.573792;3523.260742;49.887115;-77.069038;3276.0896;51.144043;54.06675;2882.905762;49.577503;-631.631897;2596.361084;51.495853;;;;;;
3714;0;-477.807587;3420.38501;51.469826;224.570908;3523.266602;49.86784;-77.077682;3276.122559;51.179459;54.048077;2882.907715;49.622326;-631.620972;2596.333008;51.435329;;;;;;
3715;0;-477.806946;3420.415283;51.452827;224.588959;3523.256104;49.843552;-77.053032;3276.111816;51.152027;54.066895;2882.874512;49.554108;-631.659363;2596.310303;51.434174;;;;;;
3716;0;-477.805115;3420.405518;51.485291;224.597717;3523.25415;49.829899;-77.051537;3276.102783;51.129143;54.053356;2882.894043;49.554287;-631.634827;2596.36377;51.461258;;;;;;
3717;0;-477.822876;3420.374268;51.442707;224.552521;3523.263672;49.903801;-77.068291;3276.092041;51.133217;54.033745;2882.892822;49.591412;-631.627808;2596.329102;51.459885;;;;;;
3718;0;-477.789429;3420.385498;51.460846;224.569595;3523.267334;49.890472;-77.049126;3276.140625;51.205589;54.047684;2882.884033;49.618267;-631.621216;2596.328613;51.448132;;;;;;
3719;0;-477.783936;3420.384033;51.470295;224.60582;3523.263184;49.844048;-77.036797;3276.138184;51.198097;54.041111;2882.86792;49.605339;-631.642517;2596.319824;51.468616;;;;;;
3720;0;-477.807587;3420.395264;51.491131;224.575851;3523.271484;49.890236;-77.075104;3276.117188;51.181541;54.058281;2882.893555;49.596882;-631.637329;2596.314209;51.465336;;;;;;
3721;0;-477.809845;3420.401123;51.457596;224.580917;3523.254883;49.878189;-77.053978;3276.110107;51.158951;54.054432;2882.916016;49.627949;-631.625671;2596.307861;51.424419;;;;;;
3722;0;-477.790405;3420.373047;51.438385;224.565018;3523.269531;49.87965;-77.065239;3276.095215;51.138809;54.075203;2882.88501;49.575367;-631.645325;2596.345947;51.46022;;;;;;
3723;0;-477.823242;3420.397705;51.486816;224.571548;3523.254639;49.902359;-77.01606;3276.10376;51.199764;54.038105;2882.87793;49.621483;-631.643188;2596.333984;51.474323;;;;;;
3724;0;-477.770874;3420.377686;51.46516;224.560852;3523.241211;49.913147;-77.053787;3276.101074;51.19381;54.034748;2882.871826;49.628273;-631.656555;2596.329834;51.463093;;;;;;
3725;0;-477.788574;3420.349854;51.436531;224.57225;3523.239502;49.893723;-77.063217;3276.083984;51.154877;54.023922;2882.888428;49.664436;-631.645081;2596.312256;51.490593;;;;;;
3726;0;-477.773529;3420.394287;51.462399;224.566833;3523.24585;49.881462;-77.057945;3276.083008;51.13018;54.033279;2882.865234;49.625244;-631.637329;2596.317627;51.479187;;;;;;
3727;0;-477.794098;3420.398438;51.477028;224.588852;3523.249023;49.867966;-77.061615;3276.148438;51.25642;54.050831;2882.916748;49.656681;-631.649048;2596.344482;51.482105;;;;;;
3728;0;-477.780762;3420.387451;51.480053;224.600006;3523.24707;49.837086;-77.06176;3276.103027;51.176262;54.049202;2882.884766;49.597324;-631.637939;2596.32251;51.450493;;;;;;
3729;0;-477.785187;3420.36499;51.458847;224.582809;3523.255615;49.869865;-77.035332;3276.118652;51.16991;54.0471;2882.892578;49.617668;-631.615845;2596.368896;51.46513;;;;;;
3730;0;-477.773132;3420.36377;51.412254;224.559326;3523.258301;49.902336;-77.066368;3276.113281;51.178497;54.045784;2882.87793;49.597;-631.633911;2596.316406;51.413074;;;;;;
3731;0;-477.801453;3420.396729;51.471981;224.580612;3523.256836;49.847836;-77.048431;3276.131104;51.213631;54.051853;2882.905762;49.594166;-631.645691;2596.348633;51.455994;;;;;;
3732;0;-477.805878;3420.373291;51.455105;224.567749;3523.251465;49.885586;-77.04615;3276.145264;51.217491;54.034531;2882.91626;49.649426;-631.648682;2596.325195;51.490799;;;;;;
3733;0;-477.790863;3420.385986;51.470036;224.570618;3523.266846;49.853855;-77.057465;3276.143066;51.209156;54.042404;2882.877197;49.572243;-631.618286;2596.349854;51.44043;;;;;;
3734;0;-477.812561;3420.391602;51.486004;224.5495;3523.250977;49.876381;-77.049683;3276.115234;51.17532;54.026115;2882.901611;49.592346;-631.642517;2596.341064;51.468639;;;;;;
3735;0;-477.811218;3420.380371;51.49268;224.590256;3523.251953;49.859211;-77.063179;3276.094971;51.156239;54.057495;2882.887695;49.620438;-631.668274;2596.325195;51.448391;;;;;;
3736;0;-477.801544;3420.355469;51.427643;224.604568;3523.249756;49.855888;-77.054405;3276.097656;51.167236;54.054428;2882.85791;49.609013;-631.634155;2596.307129;51.444279;;;;;;
3737;0;-477.786072;3420.373535;51.509712;224.585617;3523.236084;49.868061;-77.051376;3276.068604;51.174797;54.032127;2882.88501;49.643444;-631.645569;2596.308105;51.492947;;;;;;
3738;0;-477.783325;3420.392334;51.497681;224.566711;3523.241943;49.916908;-77.052803;3276.125244;51.230728;54.049068;2882.871582;49.64748;-631.637085;2596.318359;51.503674;;;;;;
3739;0;-477.78299;3420.356201;51.487621;224.558975;3523.258301;49.911522;-77.052109;3276.126953;51.233032;54.041462;2882.898926;49.637321;-631.664673;2596.330078;51.46756;;;;;;
3740;0;-477.794128;3420.36792;51.442959;224.551529;3523.289795;49.9235;-77.094788;3276.088135;51.146503;54.058395;2882.896484;49.601318;-631.643005;2596.330078;51.45525;;;;;;
3741;0;-477.775299;3420.389404;51.477039;224.608673;3523.267578;49.826588;-77.077637;3276.114746;51.182243;54.046448;2882.886963;49.584888;-631.653442;2596.334473;51.454544;;;;;;
3742;0;-477.81601;3420.402832;51.465855;224.564072;3523.283936;49.899483;-77.050369;3276.123535;51.163067;54.048939;2882.890625;49.599136;-631.620117;2596.349121;51.467072;;;;;;
3743;0;-477.78009;3420.379395;51.452698;224.596222;3523.274414;49.832916;-77.06945;3276.087646;51.118378;54.049934;2882.890381;49.600109;-631.662598;2596.325195;51.459816;;;;;;
3744;0;-477.805847;3420.39209;51.439087;224.579742;3523.255615;49.888336;-77.044006;3276.10498;51.138317;54.057388;2882.904785;49.606838;-631.631226;2596.339355;51.442451;;;;;;
3745;0;-477.802979;3420.378174;51.443222;224.551544;3523.265137;49.907993;-77.057289;3276.089844;51.095737;54.028477;2882.899902;49.630203;-631.628357;2596.30835;51.406242;;;;;;
3746;0;-477.793152;3420.390869;51.46069;224.586761;3523.250244;49.839024;-77.034271;3276.138184;51.187992;54.03981;2882.875732;49.56514;-631.625061;2596.343262;51.473553;;;;;;
3747;0;-477.771851;3420.386475;51.444149;224.581024;3523.281738;49.889473;-77.08934;3276.083252;51.160469;54.034805;2882.876953;49.636848;-631.637939;2596.320312;51.457581;;;;;;
3748;0;-477.785736;3420.375;51.464191;224.58786;3523.246094;49.890858;-77.050926;3276.098877;51.167263;54.043289;2882.866211;49.586929;-631.625793;2596.314453;51.456753;;;;;;
3749;0;-477.781342;3420.380371;51.486187;224.580551;3523.273438;49.917171;-76.99968;3276.123047;51.187077;54.024277;2882.882324;49.64764;-631.655762;2596.321045;51.492439;;;;;;
3750;0;-477.808899;3420.374512;51.489819;224.567078;3523.25;49.910233;-77.107689;3276.091553;51.194237;54.036098;2882.887695;49.610626;-631.617859;2596.327393;51.498383;;;;;;
3751;0;-477.787628;3420.361084;51.455154;224.567108;3523.250732;49.911789;-77.106293;3276.067383;51.128979;54.037312;2882.873047;49.638271;-631.636719;2596.297363;51.45586;;;;;;
3752;0;-477.77063;3420.365723;51.458862;224.577438;3523.266602;49.874012;-77.045029;3276.121094;51.195938;54.02243;2882.879395;49.622883;-631.637939;2596.344482;51.504467;;;;;;
3753;0;-477.782104;3420.386719;51.470039;224.571442;3523.251465;49.870583;-77.071495;3276.105957;51.153198;54.020901;2882.89917;49.639732;-631.657715;2596.348877;51.471947;;;;;;
3754;0;-477.769257;3420.382568;51.434097;224.573761;3523.257568;49.88707;-77.035835;3276.133789;51.217987;54.037899;2882.862549;49.61034;-631.634949;2596.337402;51.479137;;;;;;
3755;0;-477.766205;3420.381836;51.45224;224.590622;3523.239258;49.879074;-77.069244;3276.090088;51.150051;54.045334;2882.879639;49.58913;-631.632141;2596.320801;51.454014;;;;;;
3756;0;-477.756561;3420.381592;51.469761;224.572098;3523.248291;49.900066;-77.069801;3276.090332;51.17157;54.051105;2882.890625;49.631809;-631.649048;2596.316895;51.454353;;;;;;
3757;0;-477.81189;3420.394287;51.471073;224.582886;3523.269531;49.889931;-77.052635;3276.112305;51.151638;54.049984;2882.878418;49.622574;-631.634216;2596.303467;51.433102;;;;;;
3758;0;-477.797424;3420.398682;51.484924;224.563278;3523.25293;49.90329;-77.087059;3276.083008;51.154507;54.062309;2882.885986;49.613628;-631.618469;2596.338379;51.498325;;;;;;
3759;0;-477.822968;3420.374512;51.448814;224.572098;3523.265137;49.893196;-77.062286;3276.108643;51.157795;54.025578;2882.889404;49.599606;-631.635864;2596.313721;51.481491;;;;;;
3760;0;-477.818207;3420.422607;51.484192;224.58371;3523.27002;49.842171;-77.070831;3276.112061;51.191738;54.048801;2882.890625;49.595772;-631.641785;2596.380127;51.489105;;;;;;
3761;0;-477.8078;3420.383545;51.470947;224.597778;3523.246338;49.8414;-77.080933;3276.0896;51.153324;54.05822;2882.891602;49.587376;-631.646667;2596.290283;51.416412;;;;;;
3762;0;-477.775116;3420.379395;51.456669;224.593063;3523.257812;49.844727;-77.063438;3276.10791;51.140453;54.037418;2882.882324;49.590477;-631.64502;2596.31665;51.452602;;;;;;
3763;0;-477.790192;3420.368408;51.423363;224.591003;3523.239258;49.878452;-77.036102;3276.11084;51.154675;54.050571;2882.878174;49.599659;-631.636597;2596.320068;51.467945;;;;;;
3764;0;-477.810089;3420.384521;51.499424;224.579208;3523.281494;49.882618;-77.052368;3276.13623;51.227943;54.037678;2882.868896;49.594635;-631.650513;2596.284668;51.429256;;;;;;
3765;0;-477.781464;3420.380859;51.490562;224.563583;3523.231445;49.920155;-77.062881;3276.114014;51.204536;54.056454;2882.878418;49.633049;-631.630371;2596.341064;51.484638;;;;;;
3766;0;-477.796936;3420.355957;51.465397;224.56813;3523.247559;49.914639;-77.042885;3276.083496;51.161816;54.040512;2882.880859;49.626537;-631.619446;2596.315674;51.457169;;;;;;
